date,btc_usd,btc_supply,xau_usd,xag_usd,xpt_usd,copper_usd,brent_usd,wheat_usd,coffee_usd,xau_per_btc,xag_per_btc,xpt_per_btc,copper_per_btc,brent_per_btc,wheat_per_btc,coffee_per_btc,forward_filled,gasoline_usd,diesel_usd,gasoline_per_btc,diesel_per_btc
2013-01-02,13.28,10506000,1685.48,31.07,,,112.98,,,0.00787906,0.42742195,,,0.11754293,,,,3.298,3.918,4.02668284,3.38948443
2013-01-03,13.398,10509600,1663.52,30.143,,,113.03,,,0.00805401,0.44448131,,,0.1185349,,,,3.298,3.918,4.0624621,3.41960184
2013-01-04,13.5,10513200,1655.7,30.32,,,112.58,,,0.00815365,0.44525066,,,0.11991473,,,,3.298,3.918,4.09338993,3.44563553
2013-01-05,13.529333,10516800,1652.8,30.25,,,112.55,,,0.0081857,0.44725068,,,0.12020731,,,,3.298,3.918,4.10228411,3.45312226
2013-01-06,13.558667,10520400,1649.9,30.18,,,112.52,,,0.00821787,0.44926001,,,0.12050006,,,,3.298,3.918,4.11117859,3.46060924
2013-01-07,13.588,10524000,1647,30.11,,,112.49,,,0.00825015,0.45127864,,,0.12079296,,,,3.299,3.911,4.11882389,3.47430325
2013-01-08,13.743,10527600,1659.46,30.383,,,113.03,,,0.00828161,0.45232531,,,0.12158719,,,,3.299,3.911,4.16580782,3.51393505
2013-01-09,13.77,10531200,1657.87,30.323,,,113.07,,,0.00830584,0.45411074,,,0.12178297,,,,3.299,3.911,4.17399212,3.52083866
2013-01-10,14.14,10534800,1674.51,30.826,,,112.97,,,0.00844426,0.45870369,,,0.12516597,,,,3.299,3.911,4.28614732,3.61544362
2013-01-11,14.137,10538400,1662.4,30.44,,,110.3,,,0.00850397,0.46442181,,,0.12816863,,,,3.299,3.911,4.28523795,3.61467655
2013-01-12,14.191333,10542000,1664.056667,30.635,,,110.64,,,0.00852815,0.4632392,,,0.12826584,,,,3.299,3.911,4.30170749,3.62856891
2013-01-13,14.245667,10545600,1665.713333,30.83,,,110.98,,,0.00855229,0.46207159,,,0.12836247,,,,3.299,3.911,4.31817733,3.64246152
2013-01-14,14.3,10549200,1667.37,31.025,,,111.32,,,0.00857638,0.46091861,,,0.1284585,,,,3.303,3.894,4.32939752,3.67231638
2013-01-15,14.25,10552800,1679.68,31.34,,,111.72,,,0.00848376,0.45469049,,,0.12755102,,,,3.303,3.894,4.31425976,3.65947612
2013-01-16,14.73,10556400,1680,31.468,,,110.97,,,0.00876786,0.46809457,,,0.13273858,,,,3.303,3.894,4.4595822,3.78274268
2013-01-17,15.5,10560000,1686.84,31.715,,,111.01,,,0.00918878,0.48872773,,,0.13962706,,,,3.303,3.894,4.6927036,3.98048279
2013-01-18,15.705,10563600,1683.3,31.825,,,111.71,,,0.00932989,0.49347997,,,0.14058723,,,,3.303,3.894,4.75476839,4.03312789
2013-01-19,16.07,10567200,1685.426667,31.877667,,,111.9625,,,0.00953468,0.50411468,,,0.1435302,,,,3.303,3.894,4.86527399,4.12686184
2013-01-20,16.435,10570800,1687.553333,31.930333,,,112.215,,,0.00973895,0.51471433,,,0.14645992,,,,3.303,3.894,4.97577959,4.22059579
2013-01-21,16.8,10574400,1689.68,31.983,,,112.4675,,,0.00994271,0.52527905,,,0.14937649,,,,3.315,3.902,5.0678733,4.30548437
2013-01-22,17.261,10578000,1692.19,32.206,,,112.72,,,0.01020039,0.53595603,,,0.15313165,,,,3.315,3.902,5.20693816,4.42362891
2013-01-23,17.5,10581600,1685.35,32.203,,,113.68,,,0.0103836,0.54342763,,,0.15394089,,,,3.315,3.902,5.27903469,4.48487955
2013-01-24,16.896,10585200,1666.86,31.625,,,114.59,,,0.01013642,0.53426087,,,0.14744742,,,,3.315,3.902,5.09683258,4.33008713
2013-01-25,17.4,10588800,1658.3,31.17,,,113.88,,,0.01049267,0.55822907,,,0.15279241,,,,3.315,3.902,5.24886878,4.45925167
2013-01-26,17.840333,10592400,1657.06,31.055,,,113.893333,,,0.01076626,0.57447538,,,0.15664071,,,,3.315,3.902,5.38169925,4.57209969
2013-01-27,18.280667,10596000,1655.82,30.94,,,113.906667,,,0.01104025,0.5908425,,,0.16048812,,,,3.315,3.902,5.51453002,4.68494798
2013-01-28,18.721,10599600,1654.58,30.825,,,113.92,,,0.01131465,0.60733171,,,0.16433462,,,,3.357,3.927,5.57670539,4.76725236
2013-01-29,19.525,10603200,1663.37,31.368,,,115.22,,,0.01173822,0.62244963,,,0.16945843,,,,3.357,3.927,5.81620494,4.9719888
2013-01-30,19.7,10606800,1676.49,31.985,,,115.42,,,0.01175074,0.61591371,,,0.17068099,,,,3.357,3.927,5.86833482,5.01655208
2013-01-31,20.41,10610400,1663.38,31.43,,,115.55,,,0.0122702,0.64937957,,,0.17663349,,,,3.357,3.927,6.07983318,5.19735167
2013-02-01,20.499,10614000,1667.05,31.8,,,115.55,,,0.01229657,0.64462264,,,0.17740372,,,,3.357,3.927,6.10634495,5.22001528
2013-02-02,20.476,10617600,1669.39,31.77,,,115.72,,,0.01226556,0.6445074,,,0.17694435,,,,3.357,3.927,6.0994936,5.21415839
2013-02-03,20.453,10621200,1671.73,31.74,,,115.89,,,0.01223463,0.64439193,,,0.17648632,,,,3.357,3.927,6.09264224,5.2083015
2013-02-04,20.43,10624800,1674.07,31.71,,,116.06,,,0.01220379,0.64427625,,,0.17602964,,,,3.538,4.022,5.77444884,5.07956241
2013-02-05,20.6,10628400,1672.61,31.795,,,117.03,,,0.01231608,0.64790061,,,0.17602324,,,,3.538,4.022,5.82249859,5.12182994
2013-02-06,21.18,10632000,1677.03,31.825,,,116.61,,,0.01262947,0.66551453,,,0.18163108,,,,3.538,4.022,5.98643301,5.2660368
2013-02-07,22.15,10635600,1670.61,31.42,,,117.17,,,0.01325863,0.70496499,,,0.18904156,,,,3.538,4.022,6.26059921,5.50721034
2013-02-08,22.66,10639200,1666.8,31.39,,,118.9,,,0.01359491,0.72188595,,,0.19058032,,,,3.538,4.022,6.40474845,5.63401293
2013-02-09,23.323333,10642800,1660.51,31.233333,,,118.696667,,,0.01404589,0.74674493,,,0.19649526,,,,3.538,4.022,6.59223657,5.79893909
2013-02-10,23.986667,10646400,1654.22,31.076667,,,118.493333,,,0.01450029,0.77185456,,,0.20243052,,,,3.538,4.022,6.77972499,5.96386549
2013-02-11,24.65,10650000,1647.93,30.92,,,118.29,,,0.01495816,0.79721863,,,0.20838617,,,,3.611,4.104,6.82636389,6.00633528
2013-02-12,25.17,10653600,1651.16,31.09,,,117.89,,,0.01524383,0.80958508,,,0.21350411,,,,3.611,4.104,6.97036832,6.13304094
2013-02-13,24.2,10657200,1642.47,30.755,,,118.43,,,0.01473391,0.78686392,,,0.20434012,,,,3.611,4.104,6.70174467,5.89668616
2013-02-14,27.221,10660800,1633.92,30.373,,,118.48,,,0.01665993,0.89622362,,,0.22975186,,,,3.611,4.104,7.53835503,6.63279727
2013-02-15,27.1,10664400,1609.7,29.77,,,117.4,,,0.01683544,0.9103124,,,0.23083475,,,,3.611,4.104,7.5048463,6.60331384
2013-02-16,27.05,10668000,1609.66,29.83,,,117.31,,,0.01680479,0.90680523,,,0.23058563,,,,3.611,4.104,7.49099972,6.5911306
2013-02-17,27,10671600,1609.62,29.89,,,117.22,,,0.01677415,0.90331214,,,0.23033612,,,,3.611,4.104,7.47715314,6.57894737
2013-02-18,26.95,10675200,1609.58,29.95,,,117.13,,,0.0167435,0.89983306,,,0.23008623,,,,3.747,4.157,7.1924206,6.48304065
2013-02-19,29.418,10678800,1604.23,29.447,,,117.04,,,0.01833777,0.99901518,,,0.25134997,,,,3.747,4.157,7.85108086,7.07673803
2013-02-20,29.645,10682400,1564.71,28.536,,,116.23,,,0.018946,1.03886319,,,0.25505463,,,,3.747,4.157,7.91166266,7.13134472
2013-02-21,29.748,10686000,1576.11,28.655,,,114.19,,,0.01887432,1.03814343,,,0.26051318,,,,3.747,4.157,7.93915132,7.1561222
2013-02-22,30.245,10689600,1581.15,28.71,,,113.74,,,0.01912848,1.05346569,,,0.26591349,,,,3.747,4.157,8.07179077,7.27567958
2013-02-23,30.296667,10693200,1585.086667,28.799333,,,114.01,,,0.01911357,1.05199197,,,0.26573693,,,,3.747,4.157,8.08557966,7.28810849
2013-02-24,30.348333,10696800,1589.023333,28.888667,,,114.28,,,0.01909873,1.05052729,,,0.26556119,,,,3.747,4.157,8.09936829,7.30053717
2013-02-25,30.4,10700400,1592.96,28.978,,,114.55,,,0.01908397,1.04907171,,,0.26538629,,,,3.784,4.159,8.03382664,7.30944939
2013-02-26,31.1,10704000,1614.17,29.385,,,112.96,,,0.01926687,1.05836311,,,0.2753187,,,,3.784,4.159,8.21881607,7.47775908
2013-02-27,30.901,10707600,1595.82,28.955,,,112.24,,,0.01936371,1.06720774,,,0.27531183,,,,3.784,4.159,8.16622622,7.42991104
2013-02-28,33.38,10711200,1579.16,28.505,,,112.2,,,0.02113782,1.17102263,,,0.29750446,,,,3.784,4.159,8.82135307,8.02596778
2013-03-01,34.5,10714800,1575.65,28.57,,,110.14,,,0.02189573,1.20756038,,,0.3132377,,,,3.784,4.159,9.11733615,8.29526328
2013-03-02,35.050667,10718400,1575.116667,28.565,,,110.06,,,0.02225274,1.22704943,,,0.31846872,,,,3.784,4.159,9.26286126,8.42766699
2013-03-03,35.601333,10722000,1574.583333,28.56,,,109.98,,,0.02261,1.24654527,,,0.32370734,,,,3.784,4.159,9.4083861,8.56007045
2013-03-04,36.152,10725600,1574.05,28.555,,,109.9,,,0.0229675,1.26604798,,,0.32895359,,,,3.759,4.13,9.61745145,8.7535109
2013-03-05,40.33,10729200,1574.38,28.673,,,110.42,,,0.02561643,1.40654972,,,0.3652418,,,,3.759,4.13,10.72891727,9.76513317
2013-03-06,41.02,10732800,1584.13,29.043,,,110.27,,,0.02589434,1.41238853,,,0.37199601,,,,3.759,4.13,10.91247672,9.93220339
2013-03-07,42,10736400,1578.09,28.875,,,110.42,,,0.02661445,1.45454545,,,0.38036588,,,,3.759,4.13,11.17318436,10.16949153
2013-03-08,44.18,10740000,1578.24,28.951,,,108.91,,,0.02799321,1.52602673,,,0.40565605,,,,3.759,4.13,11.75312583,10.69733656
2013-03-09,45.586667,10743600,1579.29,28.952667,,,108.82,,,0.02886529,1.57452393,,,0.41891809,,,,3.759,4.13,12.12733892,11.0379339
2013-03-10,46.993333,10747200,1580.34,28.954333,,,108.73,,,0.02973622,1.62301556,,,0.43220209,,,,3.759,4.13,12.50155174,11.37853099
2013-03-11,48.4,10750800,1581.39,28.956,,,108.64,,,0.03060599,1.67150159,,,0.4455081,,,,3.71,4.088,13.0458221,11.83953033
2013-03-12,44.29,10754400,1592.49,29.125,,,108.48,,,0.02781179,1.5206867,,,0.40827802,,,,3.71,4.088,11.93800539,10.83414873
2013-03-13,46.92,10758000,1587.34,28.895,,,107.51,,,0.02955888,1.62381035,,,0.43642452,,,,3.71,4.088,12.64690027,11.47749511
2013-03-14,47.17,10761600,1589.88,28.785,,,108.1,,,0.02966891,1.63870071,,,0.43635523,,,,3.71,4.088,12.71428571,11.53864971
2013-03-15,46.95,10765200,1591.76,28.753,,,109.32,,,0.02949565,1.63287309,,,0.42947311,,,,3.71,4.088,12.65498652,11.48483366
2013-03-16,48.5,10768800,1596.203333,28.788667,,,109.06,,,0.0303846,1.68469072,,,0.44470933,,,,3.71,4.088,13.07277628,11.86399217
2013-03-17,50.05,10772400,1600.646667,28.824333,,,108.8,,,0.03126861,1.73638016,,,0.46001838,,,,3.71,4.088,13.49056604,12.24315068
2013-03-18,51.6,10776000,1605.09,28.86,,,108.54,,,0.03214773,1.78794179,,,0.47540077,,,,3.696,4.047,13.96103896,12.75018532
2013-03-19,59.14,10779600,1612.28,28.879,,,106.91,,,0.03668097,2.04785484,,,0.55317557,,,,3.696,4.047,16.00108225,14.6132938
2013-03-20,64.489,10783200,1606.35,28.795,,,108.27,,,0.04014629,2.23959021,,,0.59563129,,,,3.696,4.047,17.44832251,15.93501359
2013-03-21,70.85,10786800,1614.2,29.14,,,106.41,,,0.04389171,2.43136582,,,0.66582088,,,,3.696,4.047,19.16937229,17.50679516
2013-03-22,69.865,10790400,1608.21,28.708,,,106.51,,,0.04344271,2.43364219,,,0.6559478,,,,3.696,4.047,18.90286797,17.26340499
2013-03-23,71.11,10794000,1607.01,28.745333,,,106.56,,,0.04424988,2.47379288,,,0.66732357,,,,3.696,4.047,19.23971861,17.57104028
2013-03-24,72.355,10797600,1605.81,28.782667,,,106.61,,,0.04505826,2.51383932,,,0.67868868,,,,3.696,4.047,19.57656926,17.87867556
2013-03-25,73.6,10801200,1604.61,28.82,,,106.66,,,0.04586784,2.5537821,,,0.69004313,,,,3.68,4.006,20,18.37244134
2013-03-26,78.5,10804800,1599.65,28.735,,,107.1,,,0.04907323,2.7318601,,,0.73295985,,,,3.68,4.006,21.33152174,19.59560659
2013-03-27,88.92,10808400,1604.79,28.652,,,108.51,,,0.05540912,3.10344828,,,0.81946364,,,,3.68,4.006,24.16304348,22.19670494
2013-03-28,86.18,10812000,1596.65,28.314,,,108.46,,,0.05397551,3.04372395,,,0.79457865,,,,3.68,4.006,23.41847826,21.5127309
2013-03-29,90.5,10815600,1597.175,28.238,,,108.535,,,0.05666254,3.2049012,,,0.8338324,,,,3.68,4.006,24.5923913,22.59111333
2013-03-30,95,10819200,1597.7,28.162,,,108.61,,,0.05946047,3.37333996,,,0.87468926,,,,3.68,4.006,25.81521739,23.71442836
2013-03-31,99.5,10822800,1598.225,28.086,,,108.685,,,0.06225657,3.54269031,,,0.91548972,,,,3.68,4.006,27.03804348,24.83774338
2013-04-01,104,10822800,1598.75,28.01,,,108.76,,,0.06505082,3.71295966,,,0.95623391,,,,3.645,3.993,28.53223594,26.04557976
2013-04-02,117.98,10826400,1575.78,27.245,,,109.66,,,0.07487086,4.33033584,,,1.07587087,,,,3.645,3.993,32.36762689,29.54670674
2013-04-03,135,10830000,1557.53,26.94,,,107.82,,,0.0866757,5.01113586,,,1.25208681,,,,3.645,3.993,37.03703704,33.80916604
2013-04-04,132.12,10833600,1553.05,26.885,,,105.09,,,0.08507131,4.91426446,,,1.25720811,,,,3.645,3.993,36.24691358,33.08790383
2013-04-05,142.32,10837200,1580.75,27.3,,,103.98,,,0.09003321,5.21318681,,,1.36872475,,,,3.645,3.993,39.04526749,35.64237415
2013-04-06,157.38,10840800,1578.033333,27.291667,,,103.706667,,,0.09973173,5.76659535,,,1.51754949,,,,3.645,3.993,43.17695473,39.41397446
2013-04-07,172.44,10844400,1575.316667,27.283333,,,103.433333,,,0.10946371,6.32034217,,,1.66716082,,,,3.645,3.993,47.30864198,43.18557476
2013-04-08,187.5,10848000,1572.6,27.275,,,103.16,,,0.1192293,6.87442713,,,1.81756495,,,,3.608,3.977,51.96784922,47.14609002
2013-04-09,230,10851600,1584.99,27.935,,,104.08,,,0.14511133,8.23339896,,,2.20983859,,,,3.608,3.977,63.74722838,57.83253709
2013-04-10,165,10855200,1558.98,27.61,,,104.8,,,0.10583843,5.97609562,,,1.57442748,,,,3.608,3.977,45.73170732,41.48855922
2013-04-11,124.9,10858800,1560.28,27.61,,,103.62,,,0.08004973,4.52372329,,,1.20536576,,,,3.608,3.977,34.61751663,31.4055821
2013-04-12,117,10862400,1482.8,25.98,,,100.58,,,0.07890477,4.5034642,,,1.16325313,,,,3.608,3.977,32.42793792,29.41916017
2013-04-13,105.462,10866000,1439.17,24.868333,,,100.16,,,0.07327974,4.24081502,,,1.0529353,,,,3.608,3.977,29.23004435,26.51797838
2013-04-14,93.924,10869600,1395.54,23.756667,,,99.74,,,0.06730298,3.9535849,,,0.94168839,,,,3.608,3.977,26.03215078,23.61679658
2013-04-15,82.386,10873200,1351.91,22.645,,,99.32,,,0.06094045,3.63815412,,,0.8295006,,,,3.542,3.942,23.25974026,20.89954338
2013-04-16,68.356,10876800,1368.64,23.325,,,97.88,,,0.04994447,2.9305895,,,0.69836535,,,,3.542,3.942,19.2987013,17.34043633
2013-04-17,93.07,10880400,1377.17,23.285,,,96.84,,,0.06758062,3.99699377,,,0.96106981,,,,3.542,3.942,26.27611519,23.60984272
2013-04-18,109.01,10884000,1390.93,23.255,,,97.48,,,0.07837202,4.68759407,,,1.11828067,,,,3.542,3.942,30.77639752,27.65347539
2013-04-19,118.48,10887600,1403.1,23.21,,,98.94,,,0.08444159,5.10469625,,,1.19749343,,,,3.542,3.942,33.45002823,30.05580923
2013-04-20,121.453333,10891200,1410.71,23.271667,,,98.983333,,,0.08609376,5.21893567,,,1.22700791,,,,3.542,3.942,34.28947854,30.8100794
2013-04-21,124.426667,10894800,1418.32,23.333333,,,99.026667,,,0.0877282,5.33257152,,,1.25649657,,,,3.542,3.942,35.12892914,31.56434982
2013-04-22,127.4,10898400,1425.93,23.395,,,99.07,,,0.0893452,5.44560804,,,1.28595942,,,,3.536,3.887,36.02941176,32.77591973
2013-04-23,143.48,10902000,1413,22.915,,,99.25,,,0.10154282,6.26140083,,,1.44564232,,,,3.536,3.887,40.57692308,36.91278621
2013-04-24,154.2,10905600,1431.28,23.135,,,100.71,,,0.10773573,6.66522585,,,1.53112898,,,,3.536,3.887,43.60859729,39.6706972
2013-04-25,141.71,10909200,1467.39,24.375,,,101.62,,,0.09657283,5.81374359,,,1.39450895,,,,3.536,3.887,40.07635747,36.45742218
2013-04-26,136.9,10912800,1461.3,23.96,,,102.39,,,0.09368371,5.71368948,,,1.33704463,,,,3.536,3.887,38.71606335,35.21996398
2013-04-27,138.756667,10916400,1466.176667,24.184333,,,102.553333,,,0.09463844,5.73746098,,,1.35301957,,,,3.536,3.887,39.24113886,35.69762465
2013-04-28,140.613333,10920000,1471.053333,24.408667,,,102.716667,,,0.09558684,5.76079525,,,1.36894369,,,,3.536,3.887,39.76621408,36.17528505
2013-04-29,142.47,10923600,1475.93,24.633,,,102.88,,,0.09652897,5.78370479,,,1.38481726,,,,3.52,3.851,40.47443182,36.99558556
2013-04-30,138.38,10927200,1476.23,24.325,,,101.53,,,0.09373878,5.68879753,,,1.36294691,,,,3.52,3.851,39.3125,35.93352376
2013-05-01,117.5,10930800,1457.75,23.625,,,98.34,,,0.08060367,4.97354497,,,1.19483425,,,,3.52,3.851,33.38068182,30.51155544
2013-05-02,111.16,10934400,1466.96,23.803,,,100.32,,,0.07577575,4.66999958,,,1.10805423,,,,3.52,3.851,31.57954545,28.86522981
2013-05-03,94,10938000,1470.16,24.08,,,104.6,,,0.06393862,3.90365449,,,0.89866157,,,,3.52,3.851,26.70454545,24.40924435
2013-05-04,99.773333,10941600,1469.973333,24.053333,,,104.733333,,,0.06787425,4.14800448,,,0.95264163,,,,3.52,3.851,28.34469687,25.90842197
2013-05-05,105.546667,10945200,1469.786667,24.026667,,,104.866667,,,0.07181088,4.39289673,,,1.00648442,,,,3.52,3.851,29.98484858,27.40759984
2013-05-06,111.32,10948800,1469.6,24,,,105,,,0.0757485,4.63833333,,,1.06019048,,,,3.538,3.845,31.46410401,28.95188557
2013-05-07,109.7,10952400,1452.47,23.95,,,105.18,,,0.07552652,4.58037578,,,1.04297395,,,,3.538,3.845,31.0062182,28.53055917
2013-05-08,113.49,10956000,1473.8,23.96,,,103.79,,,0.07700502,4.73664441,,,1.09345794,,,,3.538,3.845,32.07744488,29.51625488
2013-05-09,112.2,10959600,1457.81,23.725,,,103.59,,,0.07696476,4.72918862,,,1.08311613,,,,3.538,3.845,31.71283211,29.18075423
2013-05-10,118.23,10963200,1443.85,23.797,,,101.31,,,0.08188524,4.96827331,,,1.16701214,,,,3.538,3.845,33.41718485,30.74902471
2013-05-11,117.876667,10966800,1439.36,23.75,,,101.596667,,,0.08189519,4.96322808,,,1.16024148,,,,3.538,3.845,33.31731685,30.65713056
2013-05-12,117.523333,10970400,1434.87,23.703,,,101.883333,,,0.08190521,4.95816281,,,1.15350892,,,,3.538,3.845,33.21744856,30.56523615
2013-05-13,117.17,10974000,1430.38,23.656,,,102.17,,,0.0819153,4.95307744,,,1.14681413,,,,3.603,3.866,32.52012212,30.30781169
2013-05-14,113.88,10977600,1425.25,23.41,,,102.7,,,0.07990177,4.86458778,,,1.10886076,,,,3.603,3.866,31.60699417,29.4568029
2013-05-15,114.89,10981200,1392.8,22.595,,,101.57,,,0.08248851,5.08475326,,,1.13114108,,,,3.603,3.866,31.88731613,29.71805484
2013-05-16,117.37,10984800,1385.8,22.675,,,104.27,,,0.08469476,5.17618523,,,1.12563537,,,,3.603,3.866,32.57563142,30.35954475
2013-05-17,122.9,10988400,1355.58,22.185,,,103.83,,,0.0906623,5.53977913,,,1.18366561,,,,3.603,3.866,34.1104635,31.78996379
2013-05-18,122.446667,10992000,1368.253333,22.423333,,,104.07,,,0.08949123,5.46068093,,,1.17657987,,,,3.603,3.866,33.98464252,31.67270228
2013-05-19,121.993333,10995600,1380.926667,22.661667,,,104.31,,,0.08834164,5.38324621,,,1.16952673,,,,3.603,3.866,33.85882126,31.55544051
2013-05-20,121.54,10999200,1393.6,22.9,,,104.55,,,0.08721297,5.30742358,,,1.16250598,,,,3.673,3.89,33.09011707,31.24421594
2013-05-21,122.78,11002800,1376.13,22.43,,,103.1,,,0.08922122,5.47391886,,,1.19088264,,,,3.673,3.89,33.42771576,31.56298201
2013-05-22,123,11006400,1369.93,22.28,,,102.14,,,0.08978561,5.52064632,,,1.20422949,,,,3.673,3.89,33.48761231,31.61953728
2013-05-23,125.36,11010000,1390.8,22.595,,,100.46,,,0.09013517,5.54813012,,,1.24785984,,,,3.673,3.89,34.13013885,32.22622108
2013-05-24,129.91,11013600,1383.61,22.363,,,101.24,,,0.09389206,5.80914904,,,1.28318846,,,,3.673,3.89,35.36890825,33.39588689
2013-05-25,129.84,11017200,1387.24,22.462,,,101.8725,,,0.09359592,5.78042917,,,1.27453434,,,,3.673,3.89,35.34985026,33.37789203
2013-05-26,129.77,11020800,1390.87,22.561,,,102.505,,,0.09330132,5.75196135,,,1.26598703,,,,3.673,3.89,35.33079227,33.35989717
2013-05-27,129.7,11024400,1394.5,22.66,,,103.1375,,,0.09300825,5.72374228,,,1.25754454,,,,3.645,3.88,35.5829904,33.42783505
2013-05-28,128.9,11028000,1381,22.345,,,103.77,,,0.09333816,5.76862833,,,1.24217018,,,,3.645,3.88,35.36351166,33.22164948
2013-05-29,131.89,11031600,1392.5,22.48,,,102.14,,,0.09471454,5.86699288,,,1.29126689,,,,3.645,3.88,36.18381344,33.99226804
2013-05-30,128.9,11035200,1413.31,22.77,,,101.79,,,0.09120434,5.6609574,,,1.26633265,,,,3.645,3.88,35.36351166,33.22164948
2013-05-31,127.4,11038800,1385.08,22.193,,,100.43,,,0.09198025,5.74054882,,,1.26854526,,,,3.645,3.88,34.95198903,32.83505155
2013-06-01,125.703333,11042400,1393.803333,22.370333,,,100.83,,,0.09018728,5.61919811,,,1.24668584,,,,3.645,3.88,34.48651111,32.39776624
2013-06-02,124.006667,11046000,1402.526667,22.547667,,,101.23,,,0.08841662,5.49975601,,,1.22499918,,,,3.645,3.88,34.02103347,31.96048119
2013-06-03,122.31,11049600,1411.25,22.725,,,101.63,,,0.08666785,5.38217822,,,1.20348322,,,,3.646,3.869,33.54635217,31.61281985
2013-06-04,121.5,11053200,1399.5,22.535,,,102.04,,,0.08681672,5.39161305,,,1.19070953,,,,3.646,3.869,33.32419089,31.40346343
2013-06-05,121.47,11056800,1403.25,22.545,,,103.51,,,0.08656334,5.38789088,,,1.17350981,,,,3.646,3.869,33.3159627,31.39570949
2013-06-06,119.7,11060400,1413.64,22.645,,,103.37,,,0.08467502,5.28593509,,,1.1579762,,,,3.646,3.869,32.83049918,30.93822693
2013-06-07,112.48,11064000,1382.45,21.63,,,104.07,,,0.0813628,5.20018493,,,1.08081099,,,,3.646,3.869,30.85024685,29.07211166
2013-06-08,110.37,11067600,1383.75,21.722667,,,104.003333,,,0.07976152,5.08086783,,,1.06121599,,,,3.646,3.869,30.27153044,28.5267511
2013-06-09,108.26,11071200,1385.05,21.815333,,,103.936667,,,0.07816324,4.96256463,,,1.04159584,,,,3.646,3.869,29.69281404,27.98139054
2013-06-10,106.15,11074800,1386.35,21.908,,,103.87,,,0.07656797,4.845262,,,1.02195052,,,,3.655,3.849,29.04240766,27.57859184
2013-06-11,108.8,11078400,1378.15,21.663,,,101.5,,,0.07894641,5.0223884,,,1.07192118,,,,3.655,3.849,29.76744186,28.26708236
2013-06-12,108.92,11082000,1388.75,21.78,,,103.11,,,0.07843024,5.00091827,,,1.05634759,,,,3.655,3.849,29.8002736,28.29825929
2013-06-13,102.9,11085600,1385.9,21.833,,,103.38,,,0.07424778,4.71304905,,,0.99535694,,,,3.655,3.849,28.15321477,26.73421668
2013-06-14,99.55,11089200,1390.32,22.063,,,105.1,,,0.07160222,4.51207905,,,0.94719315,,,,3.655,3.849,27.23666211,25.86386074
2013-06-15,100.2,11092800,1388.596667,21.997,,,105.333333,,,0.07215918,4.55516661,,,0.95126583,,,,3.655,3.849,27.41450068,26.03273578
2013-06-16,100.85,11096400,1386.873333,21.931,,,105.566667,,,0.07271753,4.59851352,,,0.95532049,,,,3.655,3.849,27.59233926,26.20161081
2013-06-17,101.5,11100000,1385.15,21.865,,,105.8,,,0.07327726,4.64212211,,,0.95935728,,,,3.626,3.841,27.99227799,26.42541005
2013-06-18,105.43,11103600,1367.6,21.67,,,105.21,,,0.07709125,4.8652515,,,1.00209106,,,,3.626,3.841,29.07611693,27.4485811
2013-06-19,107,11107200,1351.25,21.385,,,105.56,,,0.07918594,5.00350713,,,1.01364153,,,,3.626,3.841,29.50910094,27.85732882
2013-06-20,109.64,11110800,1284.75,19.675,,,102.72,,,0.08533956,5.572554,,,1.0673676,,,,3.626,3.841,30.23717595,28.54464983
2013-06-21,109.64,11114400,1294.01,20.065,,,100.36,,,0.08472887,5.46424122,,,1.09246712,,,,3.626,3.841,30.23717595,28.54464983
2013-06-22,107.136667,11118000,1290.13,19.934333,,,100.173333,,,0.08304331,5.37447965,,,1.06951285,,,,3.626,3.841,29.54679178,27.89290992
2013-06-23,104.633333,11121600,1286.25,19.803667,,,99.986667,,,0.08134759,5.28353325,,,1.04647286,,,,3.626,3.841,28.85640734,27.24116975
2013-06-24,102.13,11125200,1282.37,19.673,,,99.8,,,0.0796416,5.19137905,,,1.02334669,,,,3.577,3.838,28.5518591,26.61021365
2013-06-25,102.23,11128800,1277.4,19.635,,,101.51,,,0.08002975,5.20651897,,,1.0070929,,,,3.577,3.838,28.57981549,26.63626889
2013-06-26,104.13,11132400,1226.48,18.515,,,100.62,,,0.08490151,5.62408858,,,1.03488372,,,,3.577,3.838,29.11098686,27.13131839
2013-06-27,102.5,11136000,1200.05,18.449,,,102.74,,,0.08541311,5.55585669,,,0.99766401,,,,3.577,3.838,28.65529774,26.70661803
2013-06-28,95.399,11139600,1232.63,19.628,,,102.49,,,0.07739468,4.86035256,,,0.93081276,,,,3.577,3.838,26.67011462,24.85643564
2013-06-29,93.118667,11143200,1239.213333,19.625333,,,102.723333,,,0.07514337,4.74481972,,,0.90649967,,,,3.577,3.838,26.03261588,24.26228947
2013-06-30,90.838333,11146800,1245.796667,19.622667,,,102.956667,,,0.07291586,4.62925519,,,0.88229675,,,,3.577,3.838,25.39511686,23.66814304
2013-07-01,88.558,11150400,1252.38,19.62,,,103.19,,,0.07071176,4.51365953,,,0.85820331,,,,3.496,3.817,25.3312357,23.20094315
2013-07-02,89.853,11154000,1243.3,19.39,,,103.96,,,0.07226977,4.63398659,,,0.86430358,,,,3.496,3.817,25.70165904,23.54021483
2013-07-03,81.129,11157600,1252.83,19.783,,,106.12,,,0.06475659,4.10094526,,,0.76450245,,,,3.496,3.817,23.2062357,21.25465025
2013-07-04,80.424,11161200,1249.54,19.575,,,106.79,,,0.06436289,4.10850575,,,0.75310422,,,,3.496,3.817,23.00457666,21.06995022
2013-07-05,70.73,11164800,1222.95,18.89,,,107.46,,,0.05783556,3.74430916,,,0.6581984,,,,3.496,3.817,20.23169336,18.53025937
2013-07-06,73.073333,11168400,1227.526667,18.956667,,,107.556667,,,0.05952892,3.85475638,,,0.6793938,,,,3.496,3.817,20.90198312,19.14417946
2013-07-07,75.416667,11172000,1232.103333,19.023333,,,107.653333,,,0.06120969,3.96442973,,,0.70055116,,,,3.496,3.817,21.57227317,19.75809982
2013-07-08,77.76,11175600,1236.68,19.09,,,107.75,,,0.06287803,4.07333683,,,0.72167053,,,,3.492,3.828,22.26804124,20.31347962
2013-07-09,76.999,11179200,1251.05,19.295,,,107.9,,,0.0615475,3.99061933,,,0.71361446,,,,3.492,3.828,22.05011455,20.1146813
2013-07-10,85.58,11182800,1259.37,19.37,,,108.43,,,0.06795461,4.41817243,,,0.78926496,,,,3.492,3.828,24.50744559,22.35632184
2013-07-11,87.56,11186400,1285.67,20.15,,,108.18,,,0.06810457,4.34540943,,,0.80939175,,,,3.492,3.828,25.0744559,22.87356322
2013-07-12,92.876,11190000,1284.14,19.905,,,109.03,,,0.07232545,4.66596333,,,0.85183894,,,,3.492,3.828,26.59679267,24.26227795
2013-07-13,95.067333,11193600,1284.233333,19.926667,,,109.036667,,,0.07402653,4.77085972,,,0.87188407,,,,3.492,3.828,27.22432216,24.83472649
2013-07-14,97.258667,11197200,1284.326667,19.948333,,,109.043333,,,0.07572736,4.87552855,,,0.89192676,,,,3.492,3.828,27.85185195,25.40717529
2013-07-15,99.45,11200800,1284.42,19.97,,,109.05,,,0.07742794,4.97996995,,,0.91196699,,,,3.639,3.867,27.32893652,25.71761055
2013-07-16,97.1,11204400,1291.78,20,,,109.29,,,0.0751676,4.855,,,0.88846189,,,,3.639,3.867,26.68315471,25.10990432
2013-07-17,98,11208000,1275.58,19.335,,,109.67,,,0.0768278,5.06852858,,,0.89358986,,,,3.639,3.867,26.93047541,25.34264288
2013-07-18,89.897,11211600,1283.9,19.385,,,109.71,,,0.07001869,4.63745164,,,0.81940571,,,,3.639,3.867,24.70376477,23.24722007
2013-07-19,93.097,11215200,1294.59,19.528,,,109.34,,,0.07191234,4.76735969,,,0.85144503,,,,3.639,3.867,25.58312723,24.07473494
2013-07-20,92.623,11218800,1308.236667,19.863667,,,109.166667,,,0.07079988,4.6629356,,,0.84845496,,,,3.639,3.867,25.45287167,23.9521593
2013-07-21,92.149,11222400,1321.883333,20.199333,,,108.993333,,,0.06971039,4.56198232,,,0.84545538,,,,3.639,3.867,25.3226161,23.82958366
2013-07-22,91.675,11226000,1335.53,20.535,,,108.82,,,0.06864316,4.46432919,,,0.84244624,,,,3.682,3.903,24.89815318,23.4883423
2013-07-23,95.12,11229600,1345.13,20.48,,,109.27,,,0.07071435,4.64453125,,,0.87050426,,,,3.682,3.903,25.83378599,24.37099667
2013-07-24,93.92,11233200,1322.1,20.165,,,108.23,,,0.0710385,4.65757501,,,0.86778158,,,,3.682,3.903,25.50787615,24.06354087
2013-07-25,96.5,11236800,1333.45,20.23,,,108.1,,,0.07236867,4.77014335,,,0.89269195,,,,3.682,3.903,26.20858229,24.72457084
2013-07-26,96.832,11240400,1332.81,20.035,,,107.57,,,0.07265252,4.833142,,,0.90017663,,,,3.682,3.903,26.29875068,24.80963362
2013-07-27,98.174667,11244000,1331.19,19.978333,,,107.746667,,,0.07374955,4.91405699,,,0.91116199,,,,3.682,3.903,26.66340766,25.15364258
2013-07-28,99.517333,11247600,1329.57,19.921667,,,107.923333,,,0.07484926,4.99543201,,,0.92211138,,,,3.682,3.903,27.02806437,25.49765129
2013-07-29,100.86,11251200,1327.95,19.865,,,108.1,,,0.07595165,5.07727158,,,0.93302498,,,,3.646,3.915,27.66319254,25.76245211
2013-07-30,105,11254800,1326.25,19.73,,,107.47,,,0.07917059,5.32184491,,,0.97701684,,,,3.646,3.915,28.79868349,26.81992337
2013-07-31,107.75,11258400,1324.83,19.835,,,107.89,,,0.08133119,5.43231661,,,0.99870238,,,,3.646,3.915,29.55293472,27.52234994
2013-08-01,104.47,11262000,1310.33,19.615,,,109.94,,,0.07972801,5.326026,,,0.95024559,,,,3.646,3.915,28.65331871,26.68454662
2013-08-02,104.07,11265600,1307.67,19.811,,,109.63,,,0.0795843,5.25314219,,,0.94928396,,,,3.646,3.915,28.54360943,26.58237548
2013-08-03,105.063333,11269200,1306.003333,19.774,,,109.69,,,0.08044645,5.31320588,,,0.95782052,,,,3.646,3.915,28.81605403,26.83610038
2013-08-04,106.056667,11272800,1304.336667,19.737,,,109.75,,,0.08131081,5.37349481,,,0.96634776,,,,3.646,3.915,29.0884989,27.08982554
2013-08-05,107.05,11276400,1302.67,19.7,,,109.81,,,0.08217737,5.43401015,,,0.97486568,,,,3.632,3.909,29.47411894,27.38552059
2013-08-06,106.46,11280000,1283.05,19.515,,,108.77,,,0.08297416,5.4552908,,,0.97876253,,,,3.632,3.909,29.31167401,27.23458685
2013-08-07,106.3,11283600,1287.24,19.58,,,108.39,,,0.08257978,5.42900919,,,0.98071778,,,,3.632,3.909,29.26762115,27.19365567
2013-08-08,103.25,11287200,1313.11,20.25,,,107.32,,,0.07863012,5.09876543,,,0.96207603,,,,3.632,3.909,28.42786344,26.41340496
2013-08-09,102.14,11290800,1312.92,20.46,,,108.49,,,0.07779606,4.99217986,,,0.94146926,,,,3.632,3.909,28.1222467,26.12944487
2013-08-10,103.96,11294400,1321.123333,20.768333,,,108.753333,,,0.07869061,5.00569786,,,0.95592473,,,,3.632,3.909,28.62334802,26.59503709
2013-08-11,105.78,11298000,1329.326667,21.076667,,,109.016667,,,0.07957412,5.0188201,,,0.97031035,,,,3.632,3.909,29.12444934,27.06062932
2013-08-12,107.6,11301600,1337.53,21.385,,,109.28,,,0.08044679,5.03156418,,,0.98462665,,,,3.561,3.896,30.2162314,27.61806982
2013-08-13,107.69,11305200,1321.35,21.45,,,110.69,,,0.08149998,5.02051282,,,0.97289728,,,,3.561,3.896,30.2415052,27.64117043
2013-08-14,113,11308800,1335.89,21.865,,,110.26,,,0.0845878,5.16807684,,,1.02485035,,,,3.561,3.896,31.73265937,29.00410678
2013-08-15,110.8,11312400,1365.67,22.978,,,111.58,,,0.08113234,4.82200366,,,0.9930095,,,,3.561,3.896,31.11485538,28.43942505
2013-08-16,108.81,11316000,1372.75,23.167,,,111.82,,,0.07926425,4.69676695,,,0.97308174,,,,3.561,3.896,30.55602359,27.92864476
2013-08-17,112.04,11319600,1370.45,23.164667,,,111.683333,,,0.08175417,4.83667648,,,1.00319356,,,,3.561,3.896,31.46307217,28.75770021
2013-08-18,115.27,11323200,1368.15,23.162333,,,111.546667,,,0.08425246,4.9766144,,,1.03337915,,,,3.561,3.896,32.37012075,29.58675565
2013-08-19,118.5,11326800,1365.85,23.16,,,111.41,,,0.08675916,5.11658031,,,1.06363881,,,,3.55,3.9,33.38028169,30.38461538
2013-08-20,122.39,11330400,1371.06,23,,,110.74,,,0.0892667,5.32130435,,,1.10520137,,,,3.55,3.9,34.47605634,31.38205128
2013-08-21,123.84,11334000,1366.5,22.87,,,110.82,,,0.09062569,5.41495409,,,1.11748782,,,,3.55,3.9,34.88450704,31.75384615
2013-08-22,122.33,11337600,1375.52,23.105,,,110.51,,,0.08893364,5.29452499,,,1.10695865,,,,3.55,3.9,34.45915493,31.36666667
2013-08-23,118.52,11341200,1396.26,23.95,,,112.12,,,0.0848839,4.94864301,,,1.0570817,,,,3.55,3.9,33.38591549,30.38974359
2013-08-24,119.046667,11344800,1398.883333,24.068333,,,112.156667,,,0.08510121,4.94619494,,,1.06143193,,,,3.55,3.9,33.53427239,30.52478641
2013-08-25,119.573333,11348400,1401.506667,24.186667,,,112.193333,,,0.08531771,4.94377059,,,1.06577931,,,,3.55,3.9,33.68262901,30.65982897
2013-08-26,120.1,11352000,1404.13,24.305,,,112.23,,,0.08553339,4.94137009,,,1.07012385,,,,3.552,3.913,33.81193694,30.69256325
2013-08-27,131.3,11355600,1415,24.455,,,115.21,,,0.09279152,5.36904519,,,1.13965802,,,,3.552,3.913,36.96509009,33.55481728
2013-08-28,130.5,11359200,1417.01,24.335,,,116.27,,,0.09209533,5.36264639,,,1.12238755,,,,3.552,3.913,36.73986486,33.35037056
2013-08-29,129,11362800,1407.54,23.865,,,116.91,,,0.09164926,5.40540541,,,1.10341288,,,,3.552,3.913,36.31756757,32.96703297
2013-08-30,136.01,11366400,1393.98,23.442,,,115.97,,,0.09756955,5.80197935,,,1.17280331,,,,3.552,3.913,38.2911036,34.75849732
2013-08-31,138.673333,11370000,1393.353333,23.688,,,115.85,,,0.09952489,5.85415962,,,1.19700762,,,,3.552,3.913,39.04091582,35.43913442
2013-09-01,141.336667,11373600,1392.726667,23.934,,,115.73,,,0.10148199,5.90526728,,,1.22126214,,,,3.552,3.913,39.79072832,36.11977179
2013-09-02,144,11377200,1392.1,24.18,,,115.61,,,0.10344084,5.95533499,,,1.24556699,,,,3.608,3.981,39.9113082,36.17181613
2013-09-03,143.2,11380800,1412.16,24.265,,,115.49,,,0.10140494,5.90150422,,,1.23993419,,,,3.608,3.981,39.68957871,35.97086159
2013-09-04,135.22,11384400,1391.34,23.475,,,115.65,,,0.09718688,5.76017039,,,1.16921747,,,,3.608,3.981,37.47782705,33.96634012
2013-09-05,134.3,11388000,1367.37,23.17,,,115.81,,,0.09821775,5.7962883,,,1.15965806,,,,3.608,3.981,37.22283814,33.7352424
2013-09-06,125.7,11391600,1389.16,23.821,,,117.15,,,0.09048634,5.27685656,,,1.07298335,,,,3.608,3.981,34.83924612,31.57498116
2013-09-07,127.51,11395200,1388.38,23.779,,,116.5,,,0.09184085,5.36229446,,,1.09450644,,,,3.608,3.981,35.34090909,32.02964079
2013-09-08,129.32,11398800,1387.6,23.737,,,115.85,,,0.09319689,5.44803471,,,1.11627104,,,,3.608,3.981,35.84257206,32.48430043
2013-09-09,131.13,11402400,1386.82,23.695,,,115.2,,,0.09455445,5.53407892,,,1.13828125,,,,3.587,3.981,36.55701143,32.93896006
2013-09-10,132.81,11406000,1363.5,22.975,,,112.1,,,0.09740374,5.78063112,,,1.18474576,,,,3.587,3.981,37.02536939,33.36096458
2013-09-11,136.09,11409600,1364.99,23.175,,,112.37,,,0.09970036,5.87227616,,,1.21108837,,,,3.587,3.981,37.93978255,34.18487817
2013-09-12,140.9,11413200,1321.51,21.775,,,113.11,,,0.10662046,6.47072331,,,1.24569004,,,,3.587,3.981,39.28073599,35.39311731
2013-09-13,141.99,11416800,1323.42,22.205,,,113.31,,,0.1072902,6.39450574,,,1.25311093,,,,3.587,3.981,39.5846111,35.66691786
2013-09-14,140.91,11420400,1319.666667,22.071667,,,112.493333,,,0.10677696,6.38420288,,,1.25260757,,,,3.587,3.981,39.28352384,35.39562924
2013-09-15,139.83,11424000,1315.913333,21.938333,,,111.676667,,,0.1062608,6.37377507,,,1.25209682,,,,3.587,3.981,38.98243658,35.12434062
2013-09-16,138.75,11427600,1312.16,21.805,,,110.86,,,0.10574168,6.36321945,,,1.25157857,,,,3.547,3.974,39.11756414,34.91444389
2013-09-17,139.22,11431200,1310.48,21.745,,,109.05,,,0.10623588,6.40239135,,,1.27666208,,,,3.547,3.974,39.25007048,35.03271263
2013-09-18,141,11434800,1362.71,22.94,,,109.09,,,0.10347029,6.14646905,,,1.29251077,,,,3.547,3.974,39.75190302,35.48062406
2013-09-19,136.1,11438400,1365.89,23.045,,,110.66,,,0.09964199,5.90583641,,,1.22989337,,,,3.547,3.974,38.3704539,34.24760946
2013-09-20,134.34,11442000,1326.2,21.77,,,110.22,,,0.10129694,6.17087735,,,1.21883506,,,,3.547,3.974,37.87425994,33.80473075
2013-09-21,134.03,11445600,1324.963333,21.73,,,109.666667,,,0.10115752,6.16797055,,,1.22215805,,,,3.547,3.974,37.78686214,33.7267237
2013-09-22,133.72,11449200,1323.726667,21.69,,,109.113333,,,0.10101783,6.16505302,,,1.22551476,,,,3.547,3.974,37.69946434,33.64871666
2013-09-23,133.41,11452800,1322.49,21.65,,,108.56,,,0.10087789,6.16212471,,,1.22890567,,,,3.495,3.949,38.17167382,33.78323626
2013-09-24,135.5,11456400,1322.78,21.7,,,107.68,,,0.10243578,6.24423963,,,1.2583581,,,,3.495,3.949,38.76967096,34.31248417
2013-09-25,136.09,11460000,1333.85,21.757,,,109.46,,,0.10202796,6.25499839,,,1.24328522,,,,3.495,3.949,38.93848355,34.46188909
2013-09-26,136.89,11463600,1323.78,21.725,,,108.86,,,0.10340842,6.30103567,,,1.25748668,,,,3.495,3.949,39.16738197,34.66447202
2013-09-27,140,11467200,1336.05,21.73,,,109.45,,,0.1047865,6.44270594,,,1.27912289,,,,3.495,3.949,40.05722461,35.45201317
2013-09-28,140.44,11470800,1333.64,21.716667,,,108.916667,,,0.10530578,6.46692239,,,1.28942616,,,,3.495,3.949,40.18311874,35.56343378
2013-09-29,140.88,11474400,1331.23,21.703333,,,108.383333,,,0.10582694,6.49116889,,,1.29983085,,,,3.495,3.949,40.30901288,35.67485439
2013-09-30,141.32,11478000,1328.82,21.69,,,107.85,,,0.10634999,6.51544491,,,1.31033843,,,,3.425,3.919,41.26131387,36.06021944
2013-10-01,141.19,11481600,1287.25,21.17,,,107.32,,,0.10968343,6.66934341,,,1.31559821,,,,3.425,3.919,41.22335766,36.02704772
2013-10-02,124.15,11485200,1315.84,21.7,,,109.09,,,0.09435038,5.72119816,,,1.13805115,,,,3.425,3.919,36.24817518,31.67899974
2013-10-03,129.71,11488800,1316.47,21.65,,,109.49,,,0.09852864,5.99122402,,,1.1846744,,,,3.425,3.919,37.87153285,33.09772901
2013-10-04,138.49,11492400,1310.56,21.708,,,109.42,,,0.10567238,6.3796757,,,1.26567355,,,,3.425,3.919,40.4350365,35.33809645
2013-10-05,137.993333,11496000,1314.716667,21.925333,,,109.5,,,0.10496051,6.29378505,,,1.26021309,,,,3.425,3.919,40.29002423,35.21136336
2013-10-06,137.496667,11499600,1318.873333,22.142667,,,109.58,,,0.10425313,6.20958022,,,1.2547606,,,,3.425,3.919,40.14501226,35.08463052
2013-10-07,137,11503200,1323.03,22.36,,,109.66,,,0.10355018,6.12701252,,,1.24931607,,,,3.367,3.897,40.68904069,35.15524763
2013-10-08,137,11506800,1319.13,22.295,,,110.56,,,0.10385633,6.14487553,,,1.23914616,,,,3.367,3.897,40.68904069,35.15524763
2013-10-09,139.13,11510400,1305.47,21.845,,,109.02,,,0.10657464,6.36896315,,,1.27618786,,,,3.367,3.897,41.32165132,35.70182191
2013-10-10,140.1,11514000,1287.39,21.68,,,111.63,,,0.10882483,6.46217712,,,1.25503897,,,,3.367,3.897,41.60974161,35.95073133
2013-10-11,141.3,11517600,1270.16,21.299,,,110.65,,,0.11124583,6.63411428,,,1.27699955,,,,3.367,3.897,41.96614197,36.25866051
2013-10-12,143.873333,11521200,1270.846667,21.279,,,110.476667,,,0.11321062,6.76128263,,,1.3022961,,,,3.367,3.897,42.73042263,36.91899743
2013-10-13,146.446667,11524800,1271.533333,21.259,,,110.303333,,,0.11517328,6.8886903,,,1.32767218,,,,3.367,3.897,43.49470359,37.57933462
2013-10-14,149.02,11528400,1272.22,21.239,,,110.13,,,0.11713383,7.01633787,,,1.35312812,,,,3.354,3.886,44.43053071,38.34791559
2013-10-15,154.4,11532000,1281.6,21.35,,,110.67,,,0.12047441,7.23185012,,,1.3951387,,,,3.354,3.886,46.03458557,39.73237262
2013-10-16,151.99,11535600,1282.29,21.39,,,110.79,,,0.11853013,7.10565685,,,1.37187472,,,,3.354,3.886,45.31604055,39.11219763
2013-10-17,157.75,11539200,1320.32,21.86,,,109.55,,,0.11947861,7.21637694,,,1.43998174,,,,3.354,3.886,47.03339296,40.59444159
2013-10-18,165.01,11542800,1314.59,21.895,,,109.4,,,0.12552203,7.53642384,,,1.5083181,,,,3.354,3.886,49.19797257,42.46268657
2013-10-19,173.676667,11546400,1314.93,22.002333,,,109.423333,,,0.13208054,7.89355688,,,1.58719957,,,,3.354,3.886,51.781952,44.69291482
2013-10-20,182.343333,11550000,1315.27,22.109667,,,109.446667,,,0.13863567,8.24722204,,,1.66604738,,,,3.354,3.886,54.36593113,46.92314282
2013-10-21,191.01,11553600,1315.61,22.217,,,109.47,,,0.1451874,8.59747041,,,1.74486161,,,,3.36,3.886,56.84821429,49.15337108
2013-10-22,200.3,11557200,1339.98,22.68,,,109.57,,,0.14947984,8.83156966,,,1.82805512,,,,3.36,3.886,59.61309524,51.54400412
2013-10-23,222.01,11560800,1333.21,22.53,,,107.74,,,0.1665229,9.85397248,,,2.06060887,,,,3.36,3.886,66.07440476,57.13072568
2013-10-24,199,11564400,1346.6,22.685,,,106.63,,,0.14777959,8.77231651,,,1.86626653,,,,3.36,3.886,59.22619048,51.20946989
2013-10-25,189,11568000,1351.47,22.533,,,105.7,,,0.13984772,8.38769804,,,1.78807947,,,,3.36,3.886,56.25,48.6361297
2013-10-26,194.966667,11571600,1351.666667,22.518667,,,106.563333,,,0.14424168,8.65800214,,,1.82958492,,,,3.36,3.886,58.02579375,50.1715561
2013-10-27,200.933333,11575200,1351.863333,22.504333,,,107.426667,,,0.14863435,8.9286509,,,1.87042323,,,,3.36,3.886,59.8015872,51.70698224
2013-10-28,206.9,11582400,1352.06,22.49,,,108.29,,,0.15302575,9.19964429,,,1.9106104,,,,3.294,3.87,62.81117183,53.4625323
2013-10-29,215.08,11586000,1343.45,22.473,,,108.04,,,0.16009528,9.57059583,,,1.99074417,,,,3.294,3.87,65.2944748,55.57622739
2013-10-30,205.99,11589600,1342.26,22.646,,,108.41,,,0.15346505,9.09608761,,,1.90010147,,,,3.294,3.87,62.53491196,53.22739018
2013-10-31,211.37,11593200,1323.25,21.909,,,107.53,,,0.1597355,9.64763339,,,1.965684,,,,3.294,3.87,64.16818458,54.61757106
2013-11-01,213.87,11596800,1315.81,21.87,,,105.78,,,0.16253866,9.77914952,,,2.02183778,,,,3.294,3.87,64.92714026,55.26356589
2013-11-02,221.35,11600400,1315.353333,21.795,,,105.47,,,0.16828178,10.15599908,,,2.09870105,,,,3.294,3.87,67.19793564,57.19638243
2013-11-03,228.83,11604000,1314.896667,21.72,,,105.16,,,0.17402888,10.5354512,,,2.1760175,,,,3.294,3.87,69.46873103,59.12919897
2013-11-04,236.31,11607600,1314.44,21.645,,,104.85,,,0.17977998,10.91753292,,,2.25379113,,,,3.265,3.857,72.37672282,61.26782473
2013-11-05,254.1,11611200,1311.48,21.695,,,105.01,,,0.19375057,11.71237612,,,2.41976955,,,,3.265,3.857,77.82542113,65.88021779
2013-11-06,264,11614800,1317.58,21.8,,,105.46,,,0.20036734,12.11009174,,,2.50331879,,,,3.265,3.857,80.8575804,68.44697952
2013-11-07,308,11618400,1307.48,21.65,,,103.08,,,0.23556766,14.22632794,,,2.98797051,,,,3.265,3.857,94.3338438,79.85480944
2013-11-08,346.05,11622000,1287.77,21.475,,,104.29,,,0.26872035,16.11408615,,,3.31815131,,,,3.265,3.857,105.98774885,89.71998963
2013-11-09,351.433333,11625600,1286.056667,21.435,,,104.78,,,0.27326427,16.39530362,,,3.35401158,,,,3.265,3.857,107.63654916,91.11572025
2013-11-10,356.816667,11629200,1284.343333,21.395,,,105.27,,,0.27782031,16.67757266,,,3.38953802,,,,3.265,3.857,109.28534977,92.51145113
2013-11-11,362.2,11632800,1282.63,21.355,,,105.76,,,0.28238853,16.96089909,,,3.42473525,,,,3.194,3.832,113.40012523,94.51983299
2013-11-12,380,11636400,1267.98,20.725,,,106.29,,,0.29968927,18.33534379,,,3.57512466,,,,3.194,3.832,118.97307451,99.16492693
2013-11-13,441,11640000,1281.42,20.609,,,106.9,,,0.34414946,21.39841817,,,4.1253508,,,,3.194,3.832,138.07138384,115.08350731
2013-11-14,434.99,11643600,1287.08,20.774,,,108.29,,,0.33796656,20.93915471,,,4.01689907,,,,3.194,3.832,136.18973075,113.5151357
2013-11-15,438.06,11647200,1288.06,20.76,,,108.25,,,0.34009285,21.10115607,,,4.04674365,,,,3.194,3.832,137.15090795,114.31628392
2013-11-16,542.703333,11650800,1283.8,20.641667,,,108.433333,,,0.42273199,26.29164268,,,5.00494929,,,,3.194,3.832,169.91337915,141.62404306
2013-11-17,647.346667,11654400,1279.54,20.523333,,,108.616667,,,0.5059214,31.54198526,,,5.95992019,,,,3.194,3.832,202.67585066,168.93180245
2013-11-18,751.99,11658000,1275.28,20.405,,,108.8,,,0.58966658,36.85322225,,,6.91167279,,,,3.219,3.822,233.60981671,196.7530089
2013-11-19,649.98,11661600,1275.5,20.365,,,108.29,,,0.5095884,31.91652345,,,6.00221627,,,,3.219,3.822,201.91985089,170.06279435
2013-11-20,609.98,11665200,1244.09,19.857,,,108.27,,,0.49030215,30.71863826,,,5.63387827,,,,3.219,3.822,189.49363156,159.5970696
2013-11-21,773.81,11668800,1242.8,19.956,,,109.9,,,0.62263437,38.77580677,,,7.04103731,,,,3.219,3.822,240.38831935,202.46206175
2013-11-22,765.35,11672400,1243.17,19.862,,,111.36,,,0.61564388,38.53338032,,,6.87275503,,,,3.219,3.822,237.76017397,200.24856096
2013-11-23,786.24,11676000,1245.893333,19.985,,,111.183333,,,0.63106526,39.34150613,,,7.0715635,,,,3.219,3.822,244.24976701,205.71428571
2013-11-24,807.13,11679600,1248.616667,20.108,,,111.006667,,,0.64641937,40.13974537,,,7.27100472,,,,3.219,3.822,250.73936005,211.18001047
2013-11-25,828.02,11683200,1251.34,20.231,,,110.83,,,0.66170665,40.92827838,,,7.47108184,,,,3.293,3.844,251.44852718,215.40582726
2013-11-26,958.96,11686800,1242.64,19.845,,,112.04,,,0.77171184,48.32249937,,,8.55908604,,,,3.293,3.844,291.2116611,249.46930281
2013-11-27,1054.52,11690400,1237.57,19.643,,,111.32,,,0.85208917,53.68426411,,,9.472871,,,,3.293,3.844,320.23079259,274.32882414
2013-11-28,1183.01,11694000,1244.81,19.707,,,111.195,,,0.95035387,60.0299386,,,10.63905751,,,,3.293,3.844,359.24992408,307.75494277
2013-11-29,1157.94,11697600,1253.78,19.97,,,111.07,,,0.92355916,57.98397596,,,10.42531737,,,,3.293,3.844,351.63680534,301.23309053
2013-11-30,1135.266667,11701200,1242.43,19.695667,,,111.21,,,0.91374699,57.64042756,,,10.2083146,,,,3.293,3.844,344.75149317,295.33472086
2013-12-01,1112.593333,11704800,1231.08,19.421333,,,111.35,,,0.90375389,57.28717658,,,9.9918575,,,,3.293,3.844,337.86618069,289.43635094
2013-12-02,1089.92,11708400,1219.73,19.147,,,111.49,,,0.89357481,56.92380007,,,9.77594403,,,,3.272,3.883,333.10513447,280.690188
2013-12-03,1153,11712000,1223.1,19.112,,,113.06,,,0.94268662,60.32858937,,,10.19812489,,,,3.272,3.883,352.38386308,296.93535926
2013-12-04,1238.7,11715600,1243.58,19.676,,,113.27,,,0.99607585,62.95486888,,,10.93581707,,,,3.272,3.883,378.57579462,319.00592326
2013-12-05,1117.94,11719200,1224.91,19.386,,,112.07,,,0.91267114,57.66738884,,,9.97537254,,,,3.272,3.883,341.66870416,287.90625805
2013-12-06,909.84,11722800,1228.67,19.483,,,111.5,,,0.74050803,46.69917364,,,8.16,,,,3.272,3.883,278.06845966,234.31367499
2013-12-07,908.22,11726400,1232.54,19.605667,,,111.023333,,,0.73686858,46.32436122,,,8.18044257,,,,3.272,3.883,277.57334963,233.8964718
2013-12-08,906.6,11730000,1236.41,19.728333,,,110.546667,,,0.73325191,45.95421215,,,8.20106137,,,,3.272,3.883,277.07823961,233.47926861
2013-12-09,904.98,11733600,1240.28,19.851,,,110.07,,,0.72965782,45.58863533,,,8.22185882,,,,3.269,3.879,276.8369532,233.30239753
2013-12-10,1026.06,11737200,1261.9,20.39,,,108.91,,,0.81310722,50.32172634,,,9.42117345,,,,3.269,3.879,313.875803,264.516628
2013-12-11,879.12,11740800,1251.98,20.282,,,109.47,,,0.70218374,43.34483779,,,8.03069334,,,,3.269,3.879,268.92627715,226.63573086
2013-12-12,872.52,11744400,1225.39,19.495,,,108.99,,,0.71203454,44.75609131,,,8.00550509,,,,3.269,3.879,266.9073111,224.93426141
2013-12-13,870.25,11748000,1237.5,19.68,,,108.08,,,0.70323232,44.22002033,,,8.051906,,,,3.269,3.879,266.21290915,224.34905904
2013-12-14,819.15,11751600,1238.683333,19.78,,,108.82,,,0.66130703,41.41304348,,,7.52756846,,,,3.269,3.879,250.5812175,211.17556071
2013-12-15,768.05,11755200,1239.866667,19.88,,,109.56,,,0.61946177,38.63430584,,,7.01031398,,,,3.269,3.879,234.94952585,198.00206239
2013-12-16,716.95,11758800,1241.05,19.98,,,110.3,,,0.57769631,35.88338338,,,6.5,,,,3.239,3.871,221.34918185,185.21053991
2013-12-17,680.46,11762400,1230.77,19.892,,,108.91,,,0.5528734,34.2077217,,,6.24791112,,,,3.239,3.871,210.08335906,175.78403513
2013-12-18,537.58,11766000,1218.23,19.721,,,109.56,,,0.44127956,27.25926677,,,4.90671778,,,,3.239,3.871,165.9709787,138.87367605
2013-12-19,687.66,11769600,1187.76,19.205,,,110.78,,,0.57895534,35.80630044,,,6.20743817,,,,3.239,3.871,212.30626737,177.64401963
2013-12-20,622.39,11773200,1202.09,19.355,,,112.15,,,0.51775657,32.1565487,,,5.54962104,,,,3.239,3.871,192.15498611,160.78274348
2013-12-21,639.076667,11776800,1199.976667,19.376333,,,111.96,,,0.53257424,32.98233298,,,5.70808027,,,,3.239,3.871,197.30678203,165.09342986
2013-12-22,655.763333,11780400,1197.863333,19.397667,,,111.77,,,0.5474442,33.80629913,,,5.86707822,,,,3.239,3.871,202.45857765,169.40411599
2013-12-23,672.45,11784000,1195.75,19.419,,,111.58,,,0.56236672,34.62845667,,,6.02661767,,,,3.271,3.873,205.57933354,173.62509682
2013-12-24,654.75,11787600,1203.78,19.495,,,111.57,,,0.54391168,33.58553475,,,5.86851304,,,,3.271,3.873,200.1681443,169.05499613
2013-12-25,714.28,11791200,1207.16,19.6225,,,111.61,,,0.59170284,36.4010702,,,6.39978497,,,,3.271,3.873,218.36747172,184.42550994
2013-12-26,773.81,11794800,1210.54,19.75,,,111.65,,,0.63922712,39.18025316,,,6.93067622,,,,3.271,3.873,236.56679914,199.79602375
2013-12-27,727.01,11798400,1214.05,20.026,,,112.06,,,0.59883036,36.3033057,,,6.48768517,,,,3.271,3.873,222.25924794,187.71236767
2013-12-28,738.45,11802000,1208.216667,19.864,,,111.53,,,0.61119005,37.17529199,,,6.6210885,,,,3.271,3.873,225.75664934,190.66615027
2013-12-29,749.89,11805600,1202.383333,19.702,,,111,,,0.62366966,38.06161811,,,6.75576577,,,,3.271,3.873,229.25405075,193.61993287
2013-12-30,761.33,11809200,1196.55,19.54,,,110.47,,,0.63627095,38.96264074,,,6.89173531,,,,3.331,3.903,228.55899129,195.06277223
2013-12-31,753.52,11812800,1204.12,19.437,,,109.95,,,0.62578481,38.76729948,,,6.85329695,,,,3.331,3.903,226.21435005,193.06174737
2014-01-01,781.195,11816400,1213.28,19.6935,,,108.945,,,0.64387033,39.66765684,,,7.17054477,,,,3.331,3.903,234.52266587,200.15244684
2014-01-02,808.87,11820000,1222.44,19.95,,,107.94,,,0.66168483,40.54486216,,,7.4937002,,,,3.331,3.903,242.83098169,207.2431463
2014-01-03,814.73,11823600,1237.11,20.176,,,106.57,,,0.65857523,40.38114592,,,7.64502205,,,,3.331,3.903,244.59021315,208.74455547
2014-01-04,856.053333,11827200,1237.24,20.160667,,,106.616667,,,0.69190564,42.46155809,,,8.02926369,,,,3.331,3.903,256.99589703,219.33213759
2014-01-05,897.376667,11830800,1237.37,20.145333,,,106.663333,,,0.72522905,44.54513941,,,8.41316919,,,,3.331,3.903,269.40158121,229.91971996
2014-01-06,938.7,11834400,1237.5,20.13,,,106.71,,,0.75854545,46.6318927,,,8.79673882,,,,3.332,3.91,281.72268908,240.07672634
2014-01-07,818.6,11838000,1231.63,19.825,,,107.01,,,0.66464766,41.29129887,,,7.64975236,,,,3.332,3.91,245.67827131,209.36061381
2014-01-08,829.53,11841600,1225.48,19.525,,,107.42,,,0.67690211,42.48553137,,,7.72230497,,,,3.332,3.91,248.95858343,212.15601023
2014-01-09,840.12,11845200,1227.52,19.57,,,107.49,,,0.68440433,42.92897292,,,7.81579682,,,,3.332,3.91,252.13685474,214.86445013
2014-01-10,865.2,11848800,1247,20.135,,,106.44,,,0.69382518,42.96995282,,,8.12852311,,,,3.332,3.91,259.66386555,221.27877238
2014-01-11,857.713333,11852400,1248.926667,20.218333,,,106.966667,,,0.68676036,42.42255447,,,8.01851041,,,,3.332,3.91,257.41696669,219.36402379
2014-01-12,850.226667,11856000,1250.853333,20.301667,,,107.493333,,,0.67971731,41.87964796,,,7.90957582,,,,3.332,3.91,255.17006813,217.44927545
2014-01-13,842.74,11859600,1252.78,20.385,,,108.02,,,0.67269592,41.34118224,,,7.80170339,,,,3.327,3.886,253.30327622,216.86567164
2014-01-14,839.07,11863200,1244.77,20.24,,,107.12,,,0.67407634,41.45602767,,,7.83299104,,,,3.327,3.886,252.20018034,215.92125579
2014-01-15,863.41,11866800,1241.73,20.175,,,108.09,,,0.69532829,42.7960347,,,7.98788047,,,,3.327,3.886,259.51608055,222.18476583
2014-01-16,841.33,11870400,1241.77,20.1,,,107.46,,,0.67752482,41.85721393,,,7.82923879,,,,3.327,3.886,252.87947099,216.50283067
2014-01-17,804.38,11874000,1253.87,20.282,,,108.45,,,0.64151786,39.65979686,,,7.41705855,,,,3.327,3.886,241.7733694,206.99433865
2014-01-18,829.653333,11877600,1253.33,20.288333,,,108.303333,,,0.66195921,40.89312478,,,7.66045984,,,,3.327,3.886,249.36980252,213.49802702
2014-01-19,854.926667,11881200,1252.79,20.294667,,,108.156667,,,0.68241818,42.12568095,,,7.9045212,,,,3.327,3.886,256.96623595,220.00171565
2014-01-20,880.2,11884800,1252.25,20.301,,,108.01,,,0.70289479,43.35747008,,,8.14924544,,,,3.296,3.873,267.05097087,227.26568552
2014-01-21,865.5,11888400,1241.23,19.885,,,109.17,,,0.6972922,43.5252703,,,7.9280022,,,,3.296,3.873,262.59101942,223.47017816
2014-01-22,846.6,11892000,1236.98,19.78,,,109.69,,,0.6844088,42.8008089,,,7.71811469,,,,3.296,3.873,256.85679612,218.59024012
2014-01-23,823.05,11895600,1263.23,20.02,,,109.69,,,0.65154406,41.11138861,,,7.50341873,,,,3.296,3.873,249.71177184,212.50968242
2014-01-24,802.18,11899200,1268.39,19.903,,,109.14,,,0.63243955,40.30447671,,,7.35000916,,,,3.296,3.873,243.37985437,207.12109476
2014-01-25,793.063333,11902800,1264.573333,19.831,,,109,,,0.62713906,39.99109137,,,7.27581039,,,,3.296,3.873,240.6138753,204.76719158
2014-01-26,783.946667,11906400,1260.756667,19.759,,,108.86,,,0.62180648,39.67542219,,,7.20142079,,,,3.296,3.873,237.84789654,202.41328867
2014-01-27,774.83,11910000,1256.94,19.687,,,108.72,,,0.61644152,39.357444,,,7.12683959,,,,3.295,3.904,235.15326252,198.47079918
2014-01-28,819.61,11913600,1256.25,19.575,,,109.1,,,0.65242587,41.87024266,,,7.51246563,,,,3.295,3.904,248.74355083,209.94108607
2014-01-29,824.54,11917200,1267.05,19.745,,,108.83,,,0.65075569,41.75943277,,,7.57640357,,,,3.295,3.904,250.23975721,211.20389344
2014-01-30,816.73,11920800,1243.05,19.155,,,109.36,,,0.65703713,42.63795354,,,7.46826993,,,,3.295,3.904,247.86949924,209.20338115
2014-01-31,822.57,11924400,1244.75,19.167,,,108.16,,,0.66083149,42.91594929,,,7.60512204,,,,3.295,3.904,249.64188164,210.69928279
2014-02-01,823.046667,11928000,1249.033333,19.219667,,,107.623333,,,0.65894692,42.82314917,,,7.64747424,,,,3.295,3.904,249.78654537,210.82137987
2014-02-02,823.523333,11931600,1253.316667,19.272333,,,107.086667,,,0.65707523,42.73085843,,,7.69025086,,,,3.295,3.904,249.9312088,210.94347669
2014-02-03,824,11935200,1257.6,19.325,,,106.55,,,0.65521628,42.63906856,,,7.73345847,,,,3.292,3.951,250.30376671,208.55479625
2014-02-04,828.57,11938800,1254.27,19.48,,,107.04,,,0.66059939,42.53439425,,,7.74075112,,,,3.292,3.951,251.69198056,209.71146545
2014-02-05,822.23,11942400,1257.46,19.875,,,106.81,,,0.65388163,41.37006289,,,7.69806198,,,,3.292,3.951,249.76609964,208.1068084
2014-02-06,780.52,11946000,1257.57,19.955,,,108.15,,,0.6206573,39.11400651,,,7.21701341,,,,3.292,3.951,237.09599028,197.54998734
2014-02-07,725.37,11949600,1266.94,20.023,,,110.12,,,0.57253698,36.22683913,,,6.58708681,,,,3.292,3.951,220.34325638,183.59149582
2014-02-08,705.55,11953200,1269.443333,20.037,,,110.14,,,0.5557948,35.21235714,,,6.4059379,,,,3.292,3.951,214.32260024,178.57504429
2014-02-09,685.73,11956800,1271.946667,20.051,,,110.16,,,0.53911852,34.19929181,,,6.22485476,,,,3.292,3.951,208.30194411,173.55859276
2014-02-10,665.91,11960400,1274.45,20.065,,,110.18,,,0.52250775,33.18764017,,,6.04383736,,,,3.309,3.977,201.24206709,167.44028162
2014-02-11,653.42,11964000,1290.75,20.22,,,109.21,,,0.50623281,32.31552918,,,5.98315173,,,,3.309,3.977,197.46751284,164.29972341
2014-02-12,659.37,11967600,1290.52,20.23,,,108.62,,,0.51093358,32.59367276,,,6.07042902,,,,3.309,3.977,199.26563917,165.795826
2014-02-13,614.82,11971200,1302.12,20.48,,,108.98,,,0.47216846,30.02050781,,,5.64158561,,,,3.309,3.977,185.80235721,154.59391501
2014-02-14,653.89,11974800,1318.57,21.44,,,108.63,,,0.49590845,30.49860075,,,6.01942373,,,,3.309,3.977,197.60954971,164.41790294
2014-02-15,644.756667,11978400,1321.806667,21.558333,,,109.0075,,,0.4877844,29.90753817,,,5.9147918,,,,3.309,3.977,194.84940073,162.1213646
2014-02-16,635.623333,11982000,1325.043333,21.676667,,,109.385,,,0.47970003,29.32292741,,,5.81088205,,,,3.309,3.977,192.08925144,159.824826
2014-02-17,626.49,11985600,1328.28,21.795,,,109.7625,,,0.47165507,28.74466621,,,5.70768705,,,,3.38,3.989,185.35207101,157.0543996
2014-02-18,623.44,11989200,1321.48,21.92,,,110.14,,,0.47177407,28.44160584,,,5.66043218,,,,3.38,3.989,184.44970414,156.28979694
2014-02-19,624.06,11992800,1311.44,21.515,,,110.37,,,0.4758586,29.0058099,,,5.65425387,,,,3.38,3.989,184.63313609,156.44522437
2014-02-20,565,11996400,1322.78,21.813,,,109.42,,,0.42713074,25.90198505,,,5.16358984,,,,3.38,3.989,167.15976331,141.63950865
2014-02-21,567.67,12000000,1323.58,21.795,,,109.03,,,0.42888983,26.04588208,,,5.20654866,,,,3.38,3.989,167.94970414,142.30884934
2014-02-22,559.42,12003600,1327.943333,21.852,,,109.273333,,,0.42126798,25.60040271,,,5.11945581,,,,3.38,3.989,165.50887574,140.24066182
2014-02-23,551.17,12007200,1332.306667,21.909,,,109.516667,,,0.41369605,25.15724132,,,5.03274995,,,,3.38,3.989,163.06804734,138.1724743
2014-02-24,542.92,12010800,1336.67,21.966,,,109.76,,,0.40617355,24.71637986,,,4.94642857,,,,3.444,4.017,157.64227642,135.15558875
2014-02-25,535.1,12014400,1340.52,21.848,,,109.19,,,0.39917346,24.49194434,,,4.90063193,,,,3.444,4.017,155.37166086,133.20886234
2014-02-26,586.75,12018000,1330.35,21.231,,,109.39,,,0.44104935,27.63647497,,,5.36383582,,,,3.444,4.017,170.36875726,146.06671646
2014-02-27,581.4,12021600,1331.26,21.256,,,108.54,,,0.43672911,27.352277,,,5.35655058,,,,3.444,4.017,168.81533101,144.73487677
2014-02-28,560.95,12025200,1323.58,21.137,,,108.98,,,0.42381269,26.53877088,,,5.14727473,,,,3.444,4.017,162.87746806,139.64401294
2014-03-01,595.156667,12028800,1332.54,21.229333,,,109.74,,,0.44663325,28.03463806,,,5.42333394,,,,3.444,4.017,172.80971748,148.15948892
2014-03-02,629.363333,12032400,1341.5,21.321667,,,110.5,,,0.46914896,29.51754818,,,5.69559577,,,,3.444,4.017,182.74196661,156.67496465
2014-03-03,663.57,12036000,1350.46,21.414,,,111.26,,,0.4913659,30.98767162,,,5.96413806,,,,3.479,4.016,190.73584363,165.23157371
2014-03-04,663.88,12039600,1334.28,21.165,,,109.17,,,0.49755673,31.36687928,,,6.08115783,,,,3.479,4.016,190.8249497,165.30876494
2014-03-05,662.38,12043200,1336.77,21.157,,,108.15,,,0.49550783,31.30784138,,,6.1246417,,,,3.479,4.016,190.39379132,164.93525896
2014-03-06,660.24,12046800,1350.53,21.459,,,107.99,,,0.48887474,30.76751014,,,6.11389944,,,,3.479,4.016,189.77867203,164.40239044
2014-03-07,629.33,12050400,1338.98,20.873,,,109.14,,,0.47000702,30.15043357,,,5.76626351,,,,3.479,4.016,180.89393504,156.70567729
2014-03-08,628.906667,12054000,1339.263333,20.857667,,,108.85,,,0.46959149,30.15230165,,,5.77773695,,,,3.479,4.016,180.77225266,156.60026569
2014-03-09,628.483333,12057600,1339.546667,20.842333,,,108.56,,,0.46917614,30.15417386,,,5.78927167,,,,3.479,4.016,180.65056999,156.49485383
2014-03-10,628.06,12061200,1339.83,20.827,,,108.27,,,0.46876096,30.15604744,,,5.8008682,,,,3.512,4.021,178.83257403,156.19497637
2014-03-11,635.69,12064800,1348.47,20.852,,,108.35,,,0.47141575,30.48580472,,,5.86700508,,,,3.512,4.021,181.00512528,158.0925143
2014-03-12,632.91,12068400,1366.6,21.3,,,107.88,,,0.46312747,29.71408451,,,5.86679644,,,,3.512,4.021,180.21355353,157.40114399
2014-03-13,637.51,12072000,1370.86,21.2,,,107.48,,,0.46504384,30.07122642,,,5.9314291,,,,3.512,4.021,181.52334852,158.54513803
2014-03-14,630.56,12075600,1381.2,21.415,,,108.08,,,0.45653055,29.4447817,,,5.83419689,,,,3.512,4.021,179.54441913,156.81671226
2014-03-15,628.16,12079200,1376.023333,21.336667,,,107.716667,,,0.45650389,29.44039948,,,5.83159522,,,,3.512,4.021,178.86104784,156.21984581
2014-03-16,625.76,12082800,1370.846667,21.258333,,,107.353333,,,0.45647702,29.43598635,,,5.82897599,,,,3.512,4.021,178.17767654,155.62297936
2014-03-17,623.36,12086400,1365.67,21.18,,,106.99,,,0.45644995,29.43153919,,,5.82633891,,,,3.547,4.003,175.74288131,155.72320759
2014-03-18,613.31,12090000,1356.77,20.85,,,106.79,,,0.45203682,29.41534772,,,5.74314074,,,,3.547,4.003,172.90950099,153.21259056
2014-03-19,614.4,12093600,1330.08,20.603,,,105.95,,,0.4619271,29.82089987,,,5.79896177,,,,3.547,4.003,173.21680293,153.48488634
2014-03-20,590.08,12097200,1329.68,20.31,,,105.73,,,0.44377595,29.05366814,,,5.58100823,,,,3.547,4.003,166.36030448,147.40944292
2014-03-21,580.99,12100800,1332.92,20.292,,,107.2,,,0.43587762,28.63148039,,,5.41968284,,,,3.547,4.003,163.79757542,145.13864602
2014-03-22,583.036667,12104400,1324.896667,20.165667,,,106.996667,,,0.44006199,28.9123423,,,5.44911055,,,,3.547,4.003,164.37458895,145.6499293
2014-03-23,585.083333,12108000,1316.873333,20.039333,,,106.793333,,,0.44429735,29.19674687,,,5.47865037,,,,3.547,4.003,164.9516022,146.16121234
2014-03-24,587.13,12111600,1308.85,19.913,,,106.59,,,0.44858464,29.4847587,,,5.50830284,,,,3.549,3.988,165.4353339,147.22417252
2014-03-25,582.55,12115200,1311.06,19.973,,,107.01,,,0.44433512,29.16687528,,,5.44388375,,,,3.549,3.988,164.14482953,146.07572718
2014-03-26,581.67,12118800,1304.92,19.77,,,105.9,,,0.44575146,29.42185129,,,5.49263456,,,,3.549,3.988,163.89687236,145.8550652
2014-03-27,511.14,12122400,1291.47,19.713,,,106.58,,,0.39578155,25.92908233,,,4.79583412,,,,3.549,3.988,144.02366864,128.16950853
2014-03-28,493.68,12126000,1292.76,19.8,,,106.64,,,0.38188063,24.93333333,,,4.62940735,,,,3.549,3.988,139.10397295,123.79137412
2014-03-29,480.243333,12129600,1289.806667,19.787,,,106.41,,,0.37233746,24.27064906,,,4.51314099,,,,3.549,3.988,135.31792984,120.42209955
2014-03-30,466.806667,12133200,1286.853333,19.774,,,106.18,,,0.36275048,23.60709351,,,4.39637095,,,,3.549,3.988,131.53188701,117.05282523
2014-03-31,453.37,12133200,1283.9,19.761,,,105.95,,,0.3531194,22.94266484,,,4.27909391,,,,3.579,3.975,126.6750489,114.05534591
2014-04-01,486.78,12136800,1278.89,19.75,,,105.7,,,0.38062695,24.64708861,,,4.60529801,,,,3.579,3.975,136.01005868,122.46037736
2014-04-02,439.41,12140400,1289.81,19.97,,,103.37,,,0.34067808,22.00350526,,,4.25084647,,,,3.579,3.975,122.77451802,110.54339623
2014-04-03,445.4,12144000,1286.5,19.84,,,104.88,,,0.34621065,22.44959677,,,4.2467582,,,,3.579,3.975,124.44816988,112.05031447
2014-04-04,446.35,12147600,1303.18,19.915,,,106.41,,,0.34250833,22.41275421,,,4.19462457,,,,3.579,3.975,124.71360715,112.28930818
2014-04-05,447.306667,12151200,1301.14,19.898,,,105.903333,,,0.34378058,22.47998125,,,4.22372606,,,,3.579,3.975,124.98090724,112.52997912
2014-04-06,448.263333,12154800,1299.1,19.881,,,105.396667,,,0.34505683,22.54732322,,,4.25310729,,,,3.579,3.975,125.24820704,112.77064981
2014-04-07,449.22,12158400,1297.06,19.864,,,104.89,,,0.3463371,22.61478051,,,4.28277243,,,,3.596,3.959,124.92213571,113.46804749
2014-04-08,448.35,12162000,1308.52,20.027,,,105.83,,,0.34263901,22.38727718,,,4.23651139,,,,3.596,3.959,124.68020022,113.24829502
2014-04-09,440.18,12165600,1311.51,19.874,,,107.39,,,0.3356284,22.14853578,,,4.09889189,,,,3.596,3.959,122.40823137,111.18464259
2014-04-10,375.33,12169200,1318.83,20.035,,,107.1,,,0.28459316,18.733716,,,3.50448179,,,,3.596,3.959,104.37430478,94.8042435
2014-04-11,416.63,12172800,1317.7,19.949,,,107.34,,,0.31617971,20.88475613,,,3.88140488,,,,3.596,3.959,115.8592881,105.23617075
2014-04-12,429.94,12176400,1321.02,19.959,,,107.453333,,,0.32546063,21.54115938,,,4.00117882,,,,3.596,3.959,119.56062291,108.59813084
2014-04-13,443.25,12180000,1324.34,19.969,,,107.566667,,,0.33469502,22.1969052,,,4.12070033,,,,3.596,3.959,123.26195773,111.96009093
2014-04-14,456.56,12183600,1327.66,19.979,,,107.68,,,0.34388322,22.85199459,,,4.23997028,,,,3.651,3.952,125.05067105,115.52631579
2014-04-15,504.9,12187200,1302.08,19.605,,,109.1,,,0.38776419,25.75363428,,,4.62786434,,,,3.651,3.952,138.29087921,127.75809717
2014-04-16,530.48,12190800,1302.27,19.654,,,109.71,,,0.40735024,26.99094332,,,4.83529305,,,,3.651,3.952,145.29717886,134.23076923
2014-04-17,501.03,12194400,1295.11,19.631,,,109.79,,,0.38686289,25.52238806,,,4.56353038,,,,3.651,3.952,137.23089565,126.77884615
2014-04-18,479.62,12198000,1293.6975,19.58225,,,109.765,,,0.37073582,24.49258895,,,4.36951669,,,,3.651,3.952,131.36674884,121.36133603
2014-04-19,483.563333,12201600,1292.285,19.5335,,,109.74,,,0.37419248,24.75559081,,,4.40644553,,,,3.651,3.952,132.44681813,122.35914297
2014-04-20,487.506667,12205200,1290.8725,19.48475,,,109.715,,,0.37765671,25.01990875,,,4.44339121,,,,3.651,3.952,133.5268877,123.35695015
2014-04-21,491.45,12208800,1289.46,19.436,,,109.69,,,0.38112853,25.28555258,,,4.48035372,,,,3.683,3.971,133.43741515,123.75975825
2014-04-22,485.23,12212400,1283.5,19.41,,,108.54,,,0.3780522,24.9989696,,,4.47051778,,,,3.683,3.971,131.74857453,122.19340217
2014-04-23,487.05,12216000,1283.53,19.439,,,108.48,,,0.37946133,25.0553012,,,4.4897677,,,,3.683,3.971,132.2427369,122.65172501
2014-04-24,492.95,12219600,1293.02,19.652,,,109.79,,,0.38123927,25.08396092,,,4.48993533,,,,3.683,3.971,133.84469183,124.13749685
2014-04-25,456.2,12223200,1302.15,19.709,,,109.53,,,0.35034366,23.14678573,,,4.16506893,,,,3.683,3.971,123.86641325,114.88290103
2014-04-26,451.526667,12226800,1300.203333,19.667667,,,109.393333,,,0.34727389,22.95781533,,,4.12755197,,,,3.683,3.971,122.59752023,113.70603551
2014-04-27,446.853333,12230400,1298.256667,19.626333,,,109.256667,,,0.34419491,22.7680501,,,4.0899411,,,,3.683,3.971,121.32862693,112.52916973
2014-04-28,442.18,12234000,1296.31,19.585,,,109.12,,,0.34110668,22.57748277,,,4.05223607,,,,3.713,3.975,119.08968489,111.24025157
2014-04-29,443.01,12237600,1295.77,19.45,,,109.89,,,0.34188938,22.77686375,,,4.03139503,,,,3.713,3.975,119.31322381,111.4490566
2014-04-30,445.87,12241200,1291.26,19.188,,,108.63,,,0.34529839,23.23691891,,,4.10448311,,,,3.713,3.975,120.08349044,112.16855346
2014-05-01,456.06,12244800,1284,19.025,,,108.63,,,0.35518692,23.97161629,,,4.19828777,,,,3.713,3.975,122.82790197,114.73207547
2014-05-02,445.73,12248400,1298.24,19.448,,,109.48,,,0.34333405,22.91906623,,,4.07133723,,,,3.713,3.975,120.04578508,112.13333333
2014-05-03,440.203333,12252000,1302.146667,19.497333,,,109.48,,,0.33805972,22.57761782,,,4.02085617,,,,3.713,3.975,118.55732103,110.74297686
2014-05-04,434.676667,12255600,1306.053333,19.546667,,,109.48,,,0.33281693,22.23789186,,,3.97037511,,,,3.713,3.975,117.06885726,109.35262063
2014-05-05,429.15,12259200,1309.96,19.596,,,109.48,,,0.32760542,21.89987753,,,3.91989404,,,,3.684,3.964,116.49022801,108.26185671
2014-05-06,427.24,12262800,1307.9,19.575,,,108.3,,,0.32666106,21.82579821,,,3.94496768,,,,3.684,3.964,115.97176982,107.78002018
2014-05-07,441.66,12266400,1289.82,19.307,,,108.17,,,0.34241987,22.87564096,,,4.08301747,,,,3.684,3.964,119.88599349,111.41775984
2014-05-08,437.75,12270000,1289.34,19.174,,,108.19,,,0.33951479,22.83039533,,,4.04612256,,,,3.684,3.964,118.82464712,110.43138244
2014-05-09,445.99,12273600,1288.59,19.149,,,108.26,,,0.34610699,23.29051125,,,4.11961943,,,,3.684,3.964,121.06134636,112.51009082
2014-05-10,443.736667,12277200,1290.956667,19.274667,,,108.296667,,,0.343727,23.02175529,,,4.09741758,,,,3.684,3.964,120.44969245,111.94164152
2014-05-11,441.483333,12280800,1293.323333,19.400333,,,108.333333,,,0.34135573,22.75648222,,,4.07523078,,,,3.684,3.964,119.83803827,111.37319198
2014-05-12,439.23,12284400,1295.69,19.526,,,108.37,,,0.33899312,22.49462255,,,4.05305896,,,,3.668,3.948,119.74645583,111.25379939
2014-05-13,436.15,12288000,1293.53,19.526,,,108.78,,,0.33717811,22.33688415,,,4.00946865,,,,3.668,3.948,118.90676118,110.47365755
2014-05-14,443.79,12291600,1305.75,19.775,,,109.87,,,0.33987364,22.44197219,,,4.03922818,,,,3.668,3.948,120.98964013,112.40881459
2014-05-15,444.07,12295200,1296.08,19.488,,,109.74,,,0.34262546,22.78684319,,,4.04656461,,,,3.668,3.948,121.06597601,112.47973658
2014-05-16,446.87,12298800,1292.97,19.36,,,110.9,,,0.34561513,23.0821281,,,4.02948602,,,,3.668,3.948,121.82933479,113.18895643
2014-05-17,445.836667,12302400,1292.89,19.355333,,,110.88,,,0.34483728,23.0343062,,,4.02089346,,,,3.668,3.948,121.54761914,112.92722062
2014-05-18,444.803333,12306000,1292.81,19.350667,,,110.86,,,0.34405932,22.98646,,,4.01229779,,,,3.668,3.948,121.26590322,112.66548455
2014-05-19,443.77,12309600,1292.73,19.346,,,110.84,,,0.34328127,22.93859196,,,4.00369903,,,,3.665,3.934,121.08321965,112.80376207
2014-05-20,482.6,12313200,1293.97,19.4,,,110.35,,,0.37296073,24.87628866,,,4.3733575,,,,3.665,3.934,131.67803547,122.67412303
2014-05-21,488.83,12316800,1291.74,19.391,,,111.32,,,0.37842755,25.20911763,,,4.39121452,,,,3.665,3.934,133.37789905,124.25775292
2014-05-22,520.13,12320400,1294,19.492,,,110.89,,,0.40195518,26.68428073,,,4.6905041,,,,3.665,3.934,141.91814461,132.21403152
2014-05-23,524.85,12324000,1292.62,19.429,,,110.19,,,0.4060358,27.01374234,,,4.7631364,,,,3.665,3.934,143.20600273,133.41382816
2014-05-24,543.113333,12327600,1292.63,19.432,,,110.13,,,0.42016148,27.94943048,,,4.93156572,,,,3.665,3.934,148.18917681,138.05626157
2014-05-25,561.376667,12331200,1292.64,19.435,,,110.07,,,0.43428694,28.88482979,,,5.10017868,,,,3.665,3.934,153.17235116,142.69869522
2014-05-26,579.64,12334800,1292.65,19.438,,,110.01,,,0.44841218,29.81994032,,,5.26897555,,,,3.674,3.925,157.76810016,147.67898089
2014-05-27,571.98,12338400,1264.79,19.057,,,109.81,,,0.45223318,30.01416802,,,5.20881523,,,,3.674,3.925,155.6831791,145.72738854
2014-05-28,567.92,12342000,1258.06,19.014,,,109.09,,,0.45142521,29.86851793,,,5.20597672,,,,3.674,3.925,154.57811649,144.69299363
2014-05-29,566.09,12345600,1255.4,19.023,,,109.98,,,0.45092401,29.75818746,,,5.14720858,,,,3.674,3.925,154.08002177,144.22675159
2014-05-30,608.79,12349200,1250.55,18.801,,,109.21,,,0.4868178,32.38072443,,,5.57448952,,,,3.674,3.925,165.7022319,155.10573248
2014-05-31,626.99,12352800,1248.223333,18.784,,,109.253333,,,0.50230594,33.37893952,,,5.73886382,,,,3.674,3.925,170.65596081,159.74267516
2014-06-01,645.19,12356400,1245.896667,18.767,,,109.296667,,,0.51785194,34.37896307,,,5.90310773,,,,3.674,3.925,175.60968971,164.37961783
2014-06-02,663.39,12360000,1243.57,18.75,,,109.34,,,0.5334561,35.3808,,,6.06722151,,,,3.69,3.918,179.7804878,169.31852986
2014-06-03,663,12363600,1244.85,18.807,,,108.87,,,0.53259429,35.25283139,,,6.08983191,,,,3.69,3.918,179.67479675,169.21898928
2014-06-04,642.06,12367200,1243.84,18.8,,,109.07,,,0.51619179,34.15212766,,,5.88667828,,,,3.69,3.918,174,163.87442573
2014-06-05,657.2,12370800,1253.53,19.03,,,108.43,,,0.52427943,34.53494482,,,6.06105321,,,,3.69,3.918,178.10298103,167.73864216
2014-06-06,649.31,12374400,1252.61,19.019,,,109.21,,,0.51836565,34.14007046,,,5.94551781,,,,3.69,3.918,175.96476965,165.72485962
2014-06-07,647.03,12378000,1252.46,19.032667,,,109.656667,,,0.51660732,33.99576108,,,5.90050763,,,,3.69,3.918,175.34688347,165.14293007
2014-06-08,644.75,12381600,1252.31,19.046333,,,110.103333,,,0.51484856,33.85166058,,,5.85586269,,,,3.69,3.918,174.72899729,164.56100051
2014-06-09,642.47,12385200,1252.16,19.06,,,110.55,,,0.51308938,33.70776495,,,5.81157847,,,,3.674,3.892,174.8693522,165.07451182
2014-06-10,649.39,12388800,1259.51,19.187,,,109.18,,,0.5155894,33.84531193,,,5.94788423,,,,3.674,3.892,176.75285792,166.85251799
2014-06-11,627.24,12392400,1260.74,19.189,,,109.83,,,0.49751733,32.6874772,,,5.71100792,,,,3.674,3.892,170.72400653,161.16135663
2014-06-12,583.02,12396000,1273.16,19.525,,,112.18,,,0.45793145,29.86017926,,,5.1971831,,,,3.674,3.892,158.68807839,149.7995889
2014-06-13,588.44,12399600,1276.62,19.695,,,113.15,,,0.46093591,29.87763392,,,5.20053027,,,,3.674,3.892,160.16330974,151.19218911
2014-06-14,590.716667,12403200,1275.02,19.68,,,113.24,,,0.46329992,30.0160908,,,5.21650183,,,,3.674,3.892,160.78297959,151.77714979
2014-06-15,592.993333,12406800,1273.42,19.665,,,113.33,,,0.46566988,30.15475886,,,5.23244801,,,,3.674,3.892,161.40264916,152.36211023
2014-06-16,595.27,12410400,1271.82,19.65,,,113.42,,,0.46804579,30.29363868,,,5.24836889,,,,3.686,3.882,161.49484536,153.34106131
2014-06-17,607.94,12414000,1270.38,19.73,,,114.02,,,0.47854973,30.81297516,,,5.3318716,,,,3.686,3.882,164.9321758,156.60484286
2014-06-18,603.79,12417600,1277.61,19.88,,,114.25,,,0.47259336,30.37173038,,,5.284814,,,,3.686,3.882,163.80629409,155.53580629
2014-06-19,593.09,12421200,1320,20.792,,,115.19,,,0.44931061,28.52491343,,,5.14879764,,,,3.686,3.882,160.90341834,152.77949511
2014-06-20,590.49,12424800,1313.97,20.844,,,114.55,,,0.44939382,28.32901554,,,5.15486687,,,,3.686,3.882,160.19804666,152.10973725
2014-06-21,589.22,12428400,1315.04,20.851333,,,114.24,,,0.44806242,28.25814541,,,5.1577381,,,,3.686,3.882,159.85349973,151.7825863
2014-06-22,587.95,12432000,1316.11,20.858667,,,113.93,,,0.44673318,28.18732376,,,5.16062495,,,,3.686,3.882,159.50895279,151.45543534
2014-06-23,586.68,12435600,1317.18,20.866,,,113.62,,,0.44540609,28.11655324,,,5.16352755,,,,3.704,3.919,158.39092873,149.70145445
2014-06-24,583.29,12439200,1318.19,20.914,,,113.74,,,0.44249312,27.88993019,,,5.12827501,,,,3.704,3.919,157.47570194,148.83643787
2014-06-25,563.32,12442800,1319.15,21.019,,,112.84,,,0.42703256,26.80051382,,,4.99220135,,,,3.704,3.919,152.08423326,143.74075019
2014-06-26,571.07,12446400,1316.35,21.093,,,112.61,,,0.43382839,27.07391078,,,5.07121925,,,,3.704,3.919,154.17656587,145.71829548
2014-06-27,587.3,12450000,1315.78,20.993,,,112.62,,,0.44635121,27.975992,,,5.2148819,,,,3.704,3.919,158.55831533,149.85965808
2014-06-28,603.82,12453600,1319.54,21.001,,,112.09,,,0.45759886,28.75196419,,,5.38692122,,,,3.704,3.919,163.01835853,154.07501914
2014-06-29,620.34,12457200,1323.3,21.009,,,111.56,,,0.46878259,29.52734542,,,5.5605952,,,,3.704,3.919,167.47840173,158.2903802
2014-06-30,636.86,12460800,1327.06,21.017,,,111.03,,,0.47990294,30.30213637,,,5.73592723,,,,3.704,3.92,171.93844492,162.46428571
2014-07-01,643.79,12464400,1326.33,21.02,,,110.84,,,0.48539202,30.62749762,,,5.80828221,,,,3.704,3.92,173.80939525,164.23214286
2014-07-02,645.16,12468000,1326.7,21.15,,,110.18,,,0.48628929,30.50401891,,,5.85550917,,,,3.704,3.92,174.17926566,164.58163265
2014-07-03,637.92,12471600,1319.45,21.131,,,108.98,,,0.48347417,30.18882211,,,5.85355111,,,,3.704,3.92,172.22462203,162.73469388
2014-07-04,631.11,12475200,1320.16,21.141,,,108.91,,,0.47805569,29.85241947,,,5.79478468,,,,3.704,3.92,170.38606911,160.99744898
2014-07-05,626.49,12478800,1319.98,21.106333,,,108.84,,,0.47462083,29.68256021,,,5.75606395,,,,3.704,3.92,169.1387689,159.81887755
2014-07-06,621.87,12482400,1319.8,21.071667,,,108.77,,,0.47118503,29.51214064,,,5.71729337,,,,3.704,3.92,167.89146868,158.64030612
2014-07-07,617.25,12486000,1319.62,21.037,,,108.7,,,0.46774829,29.34116081,,,5.67847286,,,,3.678,3.913,167.82218597,157.74341937
2014-07-08,621,12489600,1318.92,21.026,,,107.65,,,0.47083978,29.5348616,,,5.76869484,,,,3.678,3.913,168.84176183,158.70176335
2014-07-09,622.08,12493200,1327.7,21.113,,,106.84,,,0.46853958,29.46431109,,,5.82253838,,,,3.678,3.913,169.13539967,158.97776642
2014-07-10,616.14,12496800,1335.61,21.39,,,106.2,,,0.4613173,28.80504909,,,5.80169492,,,,3.678,3.913,167.52039152,157.45974955
2014-07-11,630.52,12500400,1337.48,21.419,,,105.77,,,0.47142387,29.43741538,,,5.96123665,,,,3.678,3.913,171.43012507,161.13467927
2014-07-12,627.076667,12504000,1327.293333,21.247667,,,105.423333,,,0.47244769,29.51273036,,,5.94817721,,,,3.678,3.913,170.49392795,160.25470662
2014-07-13,623.633333,12507600,1317.106667,21.076333,,,105.076667,,,0.47348734,29.5892712,,,5.93503154,,,,3.678,3.913,169.55773056,159.37473371
2014-07-14,620.19,12511200,1306.92,20.905,,,104.73,,,0.4745432,29.6670653,,,5.92179891,,,,3.635,3.894,170.61623109,159.26810478
2014-07-15,619.35,12514800,1293.97,20.675,,,104.73,,,0.47864325,29.95646917,,,5.91377829,,,,3.635,3.894,170.38514443,159.05238829
2014-07-16,614.86,12518400,1299.03,20.757,,,105.41,,,0.4733224,29.62181433,,,5.83303292,,,,3.635,3.894,169.14993122,157.89933231
2014-07-17,622.86,12522000,1319.1,21.139,,,106.04,,,0.47218558,29.46496996,,,5.8738212,,,,3.635,3.894,171.35075653,159.95377504
2014-07-18,624.61,12525600,1310.42,20.848,,,106.03,,,0.47664871,29.96018803,,,5.89087994,,,,3.635,3.894,171.83218707,160.40318439
2014-07-19,623.06,12529200,1311.083333,20.869667,,,105.923333,,,0.47522532,29.85481273,,,5.88217895,,,,3.635,3.894,171.40577717,160.00513611
2014-07-20,621.51,12532800,1311.746667,20.891333,,,105.816667,,,0.47380338,29.74965743,,,5.87346037,,,,3.635,3.894,170.97936726,159.60708783
2014-07-21,619.96,12536400,1312.41,20.913,,,105.71,,,0.47238287,29.6447186,,,5.86472425,,,,3.593,3.869,172.54661842,160.23778754
2014-07-22,619.16,12540000,1306.28,20.934,,,106.48,,,0.4739872,29.57676507,,,5.8148009,,,,3.593,3.869,172.32396326,160.03101577
2014-07-23,618.2,12543600,1304.54,20.902,,,106.85,,,0.47388351,29.57611712,,,5.78568086,,,,3.593,3.869,172.05677707,159.78288964
2014-07-24,598.98,12547200,1293.42,20.369,,,105.78,,,0.46309783,29.40645098,,,5.66250709,,,,3.593,3.869,166.70748678,154.81519773
2014-07-25,599.41,12550800,1307.01,20.707,,,106.89,,,0.45861164,28.94721592,,,5.60772757,,,,3.593,3.869,166.82716393,154.92633755
2014-07-26,594.766667,12554400,1305.95,20.662,,,106.826667,,,0.45542836,28.78553223,,,5.56758611,,,,3.593,3.869,165.53483635,153.72619979
2014-07-27,590.123333,12558000,1304.89,20.617,,,106.763333,,,0.45223991,28.6231427,,,5.52739706,,,,3.593,3.869,164.24250849,152.52606177
2014-07-28,585.48,12561600,1303.83,20.572,,,106.7,,,0.44904627,28.46004278,,,5.48716026,,,,3.539,3.858,165.436564,151.75738725
2014-07-29,582.24,12565200,1299.11,20.564,,,106.98,,,0.44818376,28.31355767,,,5.44251262,,,,3.539,3.858,164.52105114,150.91757387
2014-07-30,564.24,12568800,1296.02,20.596,,,106.47,,,0.43536365,27.3956108,,,5.29952099,,,,3.539,3.858,159.43486861,146.25194401
2014-07-31,584.22,12572400,1282.59,20.381,,,104.94,,,0.4555002,28.66493303,,,5.56718125,,,,3.539,3.858,165.08053122,151.43079316
2014-08-01,596.91,12576000,1292.72,20.325,,,103.45,,,0.46174732,29.36826568,,,5.77003383,,,,3.539,3.858,168.66628991,154.72006221
2014-08-02,593.33,12579600,1291.183333,20.267667,,,103.51,,,0.45952421,29.27470636,,,5.73210318,,,,3.539,3.858,167.65470472,153.79212027
2014-08-03,589.75,12583200,1289.646667,20.210333,,,103.57,,,0.4572958,29.18061766,,,5.69421647,,,,3.539,3.858,166.64311953,152.86417833
2014-08-04,586.17,12586800,1288.11,20.153,,,103.63,,,0.45506207,29.08599216,,,5.65637364,,,,3.515,3.853,166.76244666,152.13340254
2014-08-05,581.4,12590400,1288.55,19.765,,,102.82,,,0.45120484,29.4156337,,,5.65454192,,,,3.515,3.853,165.40540541,150.89540618
2014-08-06,582.45,12594000,1305.65,20.024,,,104.17,,,0.44609964,29.08759489,,,5.59134108,,,,3.515,3.853,165.70412518,151.1679211
2014-08-07,588.86,12597600,1312.27,19.95,,,104.02,,,0.44873387,29.51679198,,,5.66102673,,,,3.515,3.853,167.52773826,152.83155982
2014-08-08,591.44,12601200,1311.48,19.97,,,103.36,,,0.45097142,29.61642464,,,5.72213622,,,,3.515,3.853,168.26173542,153.50116792
2014-08-09,585.446667,12604800,1310.44,19.981667,,,103.396667,,,0.4467558,29.29919045,,,5.66214254,,,,3.515,3.853,166.55666202,151.94567013
2014-08-10,579.453333,12608400,1309.4,19.993333,,,103.433333,,,0.44253348,28.98232791,,,5.60219144,,,,3.515,3.853,164.85158834,150.39017207
2014-08-11,573.46,12612000,1308.36,20.005,,,103.47,,,0.43830444,28.66583354,,,5.54228279,,,,3.505,3.843,163.61198288,149.22196201
2014-08-12,566.86,12615600,1309.3,19.91,,,101.68,,,0.4329489,28.47112004,,,5.57494099,,,,3.505,3.843,161.72895863,147.50455373
2014-08-13,541.92,12619200,1312.55,19.814,,,102.27,,,0.4128757,27.35035833,,,5.29891464,,,,3.505,3.843,154.61340942,141.01483216
2014-08-14,509.66,12622800,1313.46,19.874,,,101.15,,,0.38802857,25.64456073,,,5.03865546,,,,3.505,3.843,145.40941512,132.62034869
2014-08-15,492.56,12626400,1304.03,19.616,,,101.13,,,0.37772137,25.11011419,,,4.87056264,,,,3.505,3.843,140.53067047,128.17069997
2014-08-16,479.56,12630000,1302.07,19.617333,,,100.543333,,,0.36830585,24.44572868,,,4.76968473,,,,3.505,3.843,136.82168331,124.7879261
2014-08-17,466.56,12633600,1300.11,19.618667,,,99.956667,,,0.35886194,23.78143225,,,4.66762262,,,,3.505,3.843,133.11269615,121.40515222
2014-08-18,453.56,12637200,1298.15,19.62,,,99.37,,,0.34938952,23.11722732,,,4.56435544,,,,3.472,3.835,130.63364055,118.26857888
2014-08-19,479.52,12640800,1295.47,19.423,,,99.74,,,0.37015137,24.68825619,,,4.80770002,,,,3.472,3.835,138.11059908,125.03780965
2014-08-20,509.42,12644400,1291.63,19.465,,,99.92,,,0.39440087,26.17107629,,,5.09827862,,,,3.472,3.835,146.72235023,132.83441982
2014-08-21,520.37,12648000,1276.64,19.43,,,100.28,,,0.40760904,26.78178075,,,5.18917032,,,,3.472,3.835,149.87615207,135.68970013
2014-08-22,512.95,12651600,1280.37,19.47,,,100.09,,,0.40062638,26.34565999,,,5.1248876,,,,3.472,3.835,147.7390553,133.75488918
2014-08-23,509.38,12655200,1279.086667,19.429667,,,100.223333,,,0.39823728,26.21660989,,,5.08244921,,,,3.472,3.835,146.71082949,132.82398957
2014-08-24,505.81,12658800,1277.803333,19.389333,,,100.356667,,,0.39584339,26.08702424,,,5.04012354,,,,3.472,3.835,145.68260369,131.89308996
2014-08-25,502.24,12662400,1276.52,19.349,,,100.49,,,0.39344468,25.956897,,,4.99791024,,,,3.454,3.821,145.40822235,131.44203088
2014-08-26,508.65,12666000,1280.95,19.356,,,100.5,,,0.3970881,26.27867328,,,5.06119403,,,,3.454,3.821,147.26404169,133.1196022
2014-08-27,513.69,12669600,1282.52,19.45,,,100.4,,,0.40053177,26.41079692,,,5.11643426,,,,3.454,3.821,148.72321946,134.43862863
2014-08-28,506.46,12673200,1289.55,19.493,,,100.71,,,0.39274165,25.98163443,,,5.02889485,,,,3.454,3.821,146.62999421,132.54645381
2014-08-29,508.7,12676800,1287.12,19.47,,,101.12,,,0.39522344,26.12737545,,,5.03065665,,,,3.454,3.821,147.27851766,133.13268778
2014-08-30,499.243333,12680400,1286.986667,19.472,,,100.8925,,,0.38791648,25.63903723,,,4.94827002,,,,3.454,3.821,144.54062913,130.65776839
2014-08-31,489.786667,12684000,1286.853333,19.474,,,100.665,,,0.380608,25.15079937,,,4.86551102,,,,3.454,3.821,141.80274088,128.18284925
2014-09-01,480.33,12687600,1286.72,19.476,,,100.4375,,,0.373298,24.66266174,,,4.7823771,,,,3.459,3.814,138.86383348,125.93864709
2014-09-02,478.1,12691200,1265.3,19.159,,,100.21,,,0.37785505,24.95432956,,,4.77098094,,,,3.459,3.814,138.21913848,125.3539591
2014-09-03,476.67,12694800,1268.95,19.17,,,100.88,,,0.37564128,24.86541471,,,4.72511895,,,,3.459,3.814,137.8057242,124.97902465
2014-09-04,489.48,12698400,1261.71,19.039,,,101.21,,,0.38794969,25.70933347,,,4.836281,,,,3.459,3.814,141.50910668,128.3377032
2014-09-05,481.9,12702000,1268.49,19.191,,,99.51,,,0.37990051,25.11072899,,,4.84272937,,,,3.459,3.814,139.31772188,126.35028841
2014-09-06,478.483333,12705600,1264.096667,19.133,,,99.516667,,,0.37851799,25.00827539,,,4.80807233,,,,3.459,3.814,138.32996039,125.45446592
2014-09-07,475.066667,12709200,1259.703333,19.075,,,99.523333,,,0.37712583,24.90519879,,,4.77341999,,,,3.459,3.814,137.34219919,124.55864368
2014-09-08,471.65,12712800,1255.31,19.017,,,99.53,,,0.37572392,24.8014934,,,4.73877223,,,,3.457,3.814,136.43332369,123.66282119
2014-09-09,472.93,12716400,1255.11,19.052,,,98.08,,,0.37680363,24.82311568,,,4.8218801,,,,3.457,3.814,136.80358693,123.99842685
2014-09-10,478.88,12720000,1249.45,18.959,,,96.26,,,0.38327264,25.25871618,,,4.97485975,,,,3.457,3.814,138.52473243,125.5584688
2014-09-11,474.81,12723600,1240.89,18.694,,,96.42,,,0.38263666,25.39905852,,,4.92439328,,,,3.457,3.814,137.34741105,124.49134767
2014-09-12,472.68,12727200,1230.42,18.644,,,96.31,,,0.38416151,25.35292856,,,4.90790157,,,,3.457,3.814,136.73126989,123.93287887
2014-09-13,473.21,12730800,1231.333333,18.651667,,,96.35,,,0.38430698,25.37092261,,,4.91136482,,,,3.457,3.814,136.88458201,124.07184059
2014-09-14,473.74,12734400,1232.246667,18.659333,,,96.39,,,0.38445225,25.38890324,,,4.91482519,,,,3.457,3.814,137.03789413,124.21080231
2014-09-15,474.27,12738000,1233.16,18.667,,,96.43,,,0.38459729,25.40686773,,,4.91828269,,,,3.408,3.801,139.16373239,124.77505919
2014-09-16,462.88,12741600,1235.53,18.702,,,97.39,,,0.37464084,24.75029409,,,4.75284937,,,,3.408,3.801,135.82159624,121.77847935
2014-09-17,450.09,12745200,1223.16,18.53,,,97.7,,,0.36797312,24.28980032,,,4.60685773,,,,3.408,3.801,132.06866197,118.41357537
2014-09-18,424.67,12748800,1224.99,18.522,,,96.82,,,0.34667222,22.92786956,,,4.38618054,,,,3.408,3.801,124.60974178,111.72586162
2014-09-19,395.98,12752400,1217.64,17.895,,,96.75,,,0.32520285,22.12796871,,,4.09281654,,,,3.408,3.801,116.19131455,104.17784793
2014-09-20,397.956667,12756000,1216.736667,17.842,,,96.29,,,0.32706885,22.30448756,,,4.13289715,,,,3.408,3.801,116.77132248,104.69788661
2014-09-21,399.933333,12759600,1215.833333,17.789,,,95.83,,,0.32893763,22.48205818,,,4.17336255,,,,3.408,3.801,117.35133011,105.21792502
2014-09-22,401.91,12763200,1214.93,17.736,,,95.37,,,0.33080918,22.66069012,,,4.21421831,,,,3.353,3.778,119.86579183,106.38168343
2014-09-23,434.71,12766800,1223.1,17.788,,,94.87,,,0.35541656,24.43838543,,,4.58216507,,,,3.353,3.778,129.64807635,115.06352567
2014-09-24,422.96,12770400,1217,17.687,,,94.53,,,0.34754314,23.91360887,,,4.47434677,,,,3.353,3.778,126.14375186,111.95341451
2014-09-25,410.34,12774000,1221.31,17.516,,,95.2,,,0.33598349,23.42658141,,,4.31029412,,,,3.353,3.778,122.37995825,108.61302276
2014-09-26,402.29,12777600,1217.46,17.624,,,95.08,,,0.33043385,22.82625965,,,4.23106857,,,,3.353,3.778,119.97912317,106.48226575
2014-09-27,393.733333,12781200,1216.89,17.578,,,95.286667,,,0.32355705,22.39921112,,,4.13209261,,,,3.353,3.778,117.42717954,104.21739889
2014-09-28,385.176667,12784800,1216.32,17.532,,,95.493333,,,0.31667379,21.96992169,,,4.03354512,,,,3.353,3.778,114.87523621,101.95253229
2014-09-29,376.62,12788400,1215.75,17.486,,,95.7,,,0.30978408,21.53837356,,,3.9354232,,,,3.354,3.755,112.28980322,100.29826897
2014-09-30,386.01,12792000,1208.09,16.962,,,94.67,,,0.3195209,22.75733994,,,4.07742685,,,,3.354,3.755,115.08944544,102.79893475
2014-10-01,381.64,12795600,1213.54,17.165,,,94.57,,,0.3144849,22.23361491,,,4.03552924,,,,3.354,3.755,113.78652355,101.63515313
2014-10-02,371.98,12799200,1214.33,17.099,,,91.29,,,0.3063253,21.75448857,,,4.07470698,,,,3.354,3.755,110.90638044,99.06258322
2014-10-03,359.93,12802800,1191.74,16.808,,,90.8,,,0.30202057,21.41420752,,,3.96398678,,,,3.354,3.755,107.31365534,95.85352863
2014-10-04,351.706667,12806400,1196.8,16.979667,,,90.75,,,0.29387255,20.71340192,,,3.87555556,,,,3.354,3.755,104.86185659,93.66355979
2014-10-05,343.483333,12810000,1201.86,17.151333,,,90.7,,,0.28579313,20.02662609,,,3.78702682,,,,3.354,3.755,102.41005754,91.47359068
2014-10-06,335.26,12813600,1206.92,17.323,,,90.65,,,0.27778146,19.35346072,,,3.69840044,,,,3.299,3.733,101.62473477,89.80980445
2014-10-07,327.94,12817200,1208.87,17.175,,,90.9,,,0.27127814,19.09403202,,,3.60770077,,,,3.299,3.733,99.40588057,87.84891508
2014-10-08,350.3,12820800,1221.03,17.365,,,90.25,,,0.28688894,20.1727613,,,3.88144044,,,,3.299,3.733,106.18369203,93.8387356
2014-10-09,356.39,12824400,1224.23,17.36,,,90.47,,,0.2911136,20.52937788,,,3.9393169,,,,3.299,3.733,108.02970597,95.47013126
2014-10-10,355.34,12828000,1223.1,17.347,,,88.66,,,0.29052408,20.48423359,,,4.00789533,,,,3.299,3.733,107.71142771,95.18885615
2014-10-11,366.783333,12831600,1227.313333,17.389667,,,88.38,,,0.29885061,21.09202741,,,4.15007166,,,,3.299,3.733,111.1801555,98.25430833
2014-10-12,378.226667,12835200,1231.526667,17.432333,,,88.1,,,0.30712016,21.69684729,,,4.29315173,,,,3.299,3.733,114.6488836,101.31976078
2014-10-13,389.67,12838800,1235.74,17.475,,,87.82,,,0.31533332,22.29871245,,,4.43714416,,,,3.207,3.698,121.50608045,105.37317469
2014-10-14,402.87,12842400,1232.68,17.375,,,86.36,,,0.32682448,23.18676259,,,4.66500695,,,,3.207,3.698,125.62207671,108.94267171
2014-10-15,390.72,12846000,1241.88,17.455,,,84.02,,,0.31461977,22.38441707,,,4.65032135,,,,3.207,3.698,121.83348924,105.65711195
2014-10-16,377.39,12849600,1238.68,17.38,,,84.02,,,0.3046711,21.71403913,,,4.49166865,,,,3.207,3.698,117.67695666,102.05246079
2014-10-17,378.33,12853200,1237.64,17.275,,,85.27,,,0.30568663,21.90043415,,,4.43684766,,,,3.207,3.698,117.97006548,102.30665224
2014-10-18,379.16,12856800,1240.63,17.325667,,,84.986667,,,0.30561892,21.88429456,,,4.46140569,,,,3.207,3.698,118.22887434,102.53109789
2014-10-19,379.99,12860400,1243.62,17.376333,,,84.703333,,,0.30555154,21.86825034,,,4.48612807,,,,3.207,3.698,118.48768319,102.75554354
2014-10-20,380.82,12864000,1246.61,17.427,,,84.42,,,0.30548447,21.85229816,,,4.51101635,,,,3.12,3.656,122.05769231,104.16301969
2014-10-21,382.89,12867600,1248.39,17.5,,,85.17,,,0.30670704,21.87942857,,,4.49559704,,,,3.12,3.656,122.72115385,104.72921225
2014-10-22,379.87,12871200,1241,17.15,,,86.38,,,0.30609992,22.14985423,,,4.3976615,,,,3.12,3.656,121.75320513,103.90317287
2014-10-23,355,12874800,1231.57,17.18,,,85.94,,,0.28824996,20.66356228,,,4.13078892,,,,3.12,3.656,113.78205128,97.10065646
2014-10-24,355.7,12878400,1230.93,17.188,,,86,,,0.2889685,20.6946707,,,4.13604651,,,,3.12,3.656,114.00641026,97.29212254
2014-10-25,354.083333,12882000,1229.286667,17.164667,,,85.88,,,0.28803968,20.62861651,,,4.12300108,,,,3.12,3.656,113.48824776,96.84992697
2014-10-26,352.466667,12885600,1227.643333,17.141333,,,85.76,,,0.28710836,20.56238374,,,4.10991916,,,,3.12,3.656,112.97008558,96.40773167
2014-10-27,350.85,12892800,1226,17.118,,,85.64,,,0.28617455,20.49596916,,,4.09680056,,,,3.056,3.635,114.80693717,96.51994498
2014-10-28,351.48,12896400,1227.94,17.202,,,85.57,,,0.28623548,20.43250785,,,4.10751432,,,,3.056,3.635,115.01308901,96.69325997
2014-10-29,335.6,12900000,1212.79,17.105,,,86.91,,,0.27671732,19.61999415,,,3.86146588,,,,3.056,3.635,109.81675393,92.32462173
2014-10-30,343.83,12903600,1199.53,16.511,,,85.5,,,0.28663727,20.82429895,,,4.02140351,,,,3.056,3.635,112.50981675,94.58872077
2014-10-31,340.06,12907200,1171.85,16.154,,,84.17,,,0.29019072,21.05113285,,,4.04015683,,,,3.056,3.635,111.27617801,93.55158184
2014-11-01,334.713333,12910800,1169.723333,16.149333,,,84.413333,,,0.28614744,20.72613977,,,3.96517139,,,,3.056,3.635,109.5266142,92.08069684
2014-11-02,329.366667,12914400,1167.596667,16.144667,,,84.656667,,,0.28208942,20.4009576,,,3.89061699,,,,3.056,3.635,107.77705072,90.6098121
2014-11-03,324.02,12918000,1165.47,16.14,,,84.9,,,0.27801659,20.0755886,,,3.81648999,,,,2.993,3.623,108.25927163,89.43417058
2014-11-04,326.71,12921600,1168.1,16.016,,,82.12,,,0.27969352,20.39897602,,,3.97844618,,,,2.993,3.623,109.15803542,90.17664919
2014-11-05,338.15,12925200,1140.26,15.323,,,82.88,,,0.29655517,22.06813287,,,4.07999517,,,,2.993,3.623,112.98028734,93.33425338
2014-11-06,348.08,12928800,1141.69,15.405,,,82.08,,,0.30488136,22.59526128,,,4.24074074,,,,2.993,3.623,116.29802873,96.0750759
2014-11-07,341.97,12932400,1174.92,15.732,,,83.2,,,0.29105811,21.73722349,,,4.11021635,,,,2.993,3.623,114.25659873,94.38862821
2014-11-08,350.39,12936000,1167.056667,15.688,,,83.1,,,0.30023392,22.33490566,,,4.21648616,,,,2.993,3.623,117.0698296,96.71266906
2014-11-09,358.81,12939600,1159.193333,15.644,,,83,,,0.30953422,22.93594988,,,4.32301205,,,,2.993,3.623,119.88306047,99.03670991
2014-11-10,367.23,12943200,1151.33,15.6,,,82.9,,,0.31896155,23.54038462,,,4.42979493,,,,2.941,3.677,124.86569194,99.87217841
2014-11-11,366.03,12946800,1164.2,15.705,,,80.94,,,0.31440474,23.30659026,,,4.5222387,,,,2.941,3.677,124.45766746,99.5458254
2014-11-12,417.31,12950400,1162.32,15.678,,,80.42,,,0.35903194,26.61755326,,,5.18913206,,,,2.941,3.677,141.89391363,113.49197716
2014-11-13,416.6,12954000,1162.15,15.645,,,77.74,,,0.35847352,26.62831576,,,5.3588886,,,,2.941,3.677,141.65249915,113.29888496
2014-11-14,392.68,12957600,1190.73,16.296,,,77.51,,,0.32978089,24.09671085,,,5.06618501,,,,2.941,3.677,133.51921115,106.79358172
2014-11-15,390.7,12961200,1189.293333,16.243333,,,77.293333,,,0.32851441,24.05294529,,,5.05476973,,,,2.941,3.677,132.84597076,106.25509927
2014-11-16,388.72,12964800,1187.856667,16.190667,,,77.076667,,,0.32724487,24.00889352,,,5.04329021,,,,2.941,3.677,132.17273036,105.71661681
2014-11-17,386.74,12968400,1186.42,16.138,,,76.86,,,0.32597225,23.96455571,,,5.03174603,,,,2.894,3.661,133.63510712,105.63780388
2014-11-18,376.29,12972000,1196.98,16.185,,,77.23,,,0.31436615,23.24930491,,,4.87232941,,,,2.894,3.661,130.02418798,102.78339252
2014-11-19,375.36,12975600,1182.6,16.13,,,77.21,,,0.31740233,23.27092374,,,4.86154643,,,,2.894,3.661,129.70283345,102.52936356
2014-11-20,356.19,12979200,1193.68,16.26,,,77.61,,,0.29839656,21.90590406,,,4.58948589,,,,2.894,3.661,123.07878369,97.29308932
2014-11-21,351.38,12982800,1200.86,16.45,,,79.2,,,0.29260697,21.36048632,,,4.43661616,,,,2.894,3.661,121.41672426,95.97924064
2014-11-22,360.383333,12986400,1199.986667,16.453333,,,79.34,,,0.30032278,21.90336347,,,4.54226535,,,,2.894,3.661,124.52775847,98.43849577
2014-11-23,369.386667,12990000,1199.113333,16.456667,,,79.48,,,0.30804984,22.44601942,,,4.64754236,,,,2.894,3.661,127.63879302,100.89775116
2014-11-24,378.39,12993600,1198.24,16.46,,,79.62,,,0.31578816,22.98845687,,,4.75244913,,,,2.821,3.628,134.13328607,104.29713341
2014-11-25,376.05,12997200,1200.99,16.66,,,77.62,,,0.31311668,22.57202881,,,4.84475651,,,,2.821,3.628,133.30379298,103.65214994
2014-11-26,366.69,13000800,1198.2,16.5,,,77.39,,,0.30603405,22.22363636,,,4.73820907,,,,2.821,3.628,129.98582063,101.0722161
2014-11-27,368.18,13004400,1190.15,16.215,,,74.64,,,0.30935596,22.70613629,,,4.93274384,,,,2.821,3.628,130.51400213,101.48291069
2014-11-28,378.57,13008000,1168.85,15.53,,,71.89,,,0.32388245,24.37669028,,,5.26596189,,,,2.821,3.628,134.19709323,104.34674752
2014-11-29,378.883333,13011600,1183.016667,15.826667,,,71.55,,,0.3202688,23.93955297,,,5.29536454,,,,2.821,3.628,134.30816484,104.43311273
2014-11-30,379.196667,13015200,1197.183333,16.123333,,,71.21,,,0.31674068,23.51850371,,,5.32504798,,,,2.821,3.628,134.4192368,104.51947822
2014-12-01,379.51,13018800,1211.35,16.42,,,70.87,,,0.31329508,23.11266748,,,5.35501623,,,,2.778,3.605,136.61267099,105.27323162
2014-12-02,380.63,13022400,1197.79,16.428,,,71.13,,,0.31777691,23.16958851,,,5.35118797,,,,2.778,3.605,137.01583873,105.58391123
2014-12-03,375.39,13026000,1209.09,16.395,,,70.13,,,0.31047317,22.89661482,,,5.35277342,,,,2.778,3.605,135.12958963,104.13037448
2014-12-04,369.32,13029600,1205.41,16.435,,,68.48,,,0.30638538,22.47155461,,,5.39310748,,,,2.778,3.605,132.94456443,102.44660194
2014-12-05,376.45,13033200,1191.45,16.27,,,68,,,0.31595955,23.13767671,,,5.53602941,,,,2.778,3.605,135.51115911,104.42441054
2014-12-06,372.62,13036800,1195.353333,16.292667,,,67.213333,,,0.31172373,22.87041158,,,5.54384054,,,,2.778,3.605,134.1324694,103.36199723
2014-12-07,368.79,13040400,1199.256667,16.315333,,,66.426667,,,0.30751549,22.60389046,,,5.55183658,,,,2.778,3.605,132.7537797,102.29958391
2014-12-08,364.96,13044000,1203.16,16.338,,,65.64,,,0.30333455,22.33810748,,,5.56002438,,,,2.679,3.535,136.22993654,103.24186704
2014-12-09,350.72,13047600,1230.94,17.045,,,66.11,,,0.28492047,20.57612203,,,5.30509756,,,,2.679,3.535,130.91452034,99.2135785
2014-12-10,346.43,13051200,1224.89,17.04,,,63.32,,,0.2828254,20.33039906,,,5.47109918,,,,2.679,3.535,129.31317656,98
2014-12-11,346.52,13054800,1226.93,17.05,,,63.65,,,0.2824285,20.32375367,,,5.44414768,,,,2.679,3.535,129.34677118,98.02545969
2014-12-12,353.17,13058400,1221.48,16.99,,,61.67,,,0.28913286,20.78693349,,,5.72677153,,,,2.679,3.535,131.82904069,99.90664781
2014-12-13,350.573333,13062000,1212.006667,16.713333,,,61.476667,,,0.28925033,20.97566853,,,5.70254293,,,,2.679,3.535,130.85977342,99.17208854
2014-12-14,347.976667,13065600,1202.533333,16.436667,,,61.283333,,,0.28936966,21.17075603,,,5.67816158,,,,2.679,3.535,129.89050653,98.43752956
2014-12-15,345.38,13069200,1193.06,16.16,,,61.09,,,0.28949089,21.37252475,,,5.6536258,,,,2.554,3.419,135.23101018,101.01784147
2014-12-16,329.29,13072800,1194.7,15.74,,,60.26,,,0.27562568,20.9205845,,,5.46448722,,,,2.554,3.419,128.93108849,96.31178707
2014-12-17,319.79,13076400,1188.66,15.733,,,59.84,,,0.26903404,20.32606623,,,5.34408422,,,,2.554,3.419,125.21143305,93.53319684
2014-12-18,311.72,13080000,1198.01,15.84,,,58.81,,,0.26019816,19.67929293,,,5.30045911,,,,2.554,3.419,122.05168363,91.17285756
2014-12-19,313.69,13083600,1194.7,16.02,,,58.87,,,0.26256801,19.58114856,,,5.32852047,,,,2.554,3.419,122.82302271,91.74904943
2014-12-20,318.8,13087200,1188.503333,15.9,,,58.683333,,,0.26823652,20.05031447,,,5.4325476,,,,2.554,3.419,124.82380579,93.24363849
2014-12-21,323.91,13090800,1182.306667,15.78,,,58.496667,,,0.27396445,20.52661597,,,5.53723856,,,,2.554,3.419,126.82458888,94.73822755
2014-12-22,329.02,13094400,1176.11,15.66,,,58.31,,,0.27975274,21.01021711,,,5.6425999,,,,2.403,3.281,136.92051602,100.28040232
2014-12-23,333.26,13098000,1176.37,15.747,,,59.07,,,0.28329522,21.1633962,,,5.64178094,,,,2.403,3.281,138.68497711,101.57269125
2014-12-24,322.14,13101600,1174.8,15.75,,,58.67,,,0.27420838,20.45333333,,,5.49071076,,,,2.403,3.281,134.05742821,98.18348065
2014-12-25,324.45,13105200,1185.055,15.888,,,58.695,,,0.27378476,20.42107251,,,5.52772809,,,,2.403,3.281,135.01872659,98.88753429
2014-12-26,326.76,13108800,1195.31,16.026,,,58.72,,,0.27336841,20.38936728,,,5.5647139,,,,2.403,3.281,135.98002497,99.59158793
2014-12-27,322.183333,13112400,1191.263333,15.947333,,,58.433333,,,0.27045517,20.20296014,,,5.51369084,,,,2.403,3.281,134.07546109,98.1966879
2014-12-28,317.606667,13116000,1187.216667,15.868667,,,58.146667,,,0.26752208,20.01470363,,,5.46216462,,,,2.403,3.281,132.17089763,96.80178817
2014-12-29,313.03,13119600,1183.17,15.79,,,57.86,,,0.26456891,19.82457251,,,5.41012789,,,,2.299,3.213,136.15919965,97.42608154
2014-12-30,310.1,13123200,1200.3,16.287,,,55.6,,,0.25835208,19.03972493,,,5.57733813,,,,2.299,3.213,134.88473249,96.51416122
2014-12-31,316.89,13126800,1183,15.67,,,55.27,,,0.26786982,20.22271857,,,5.73349014,,,,2.299,3.213,137.83819052,98.62745098
2015-01-01,315.96,13130400,1185.2,15.724,,,55.325,,,0.26658792,20.09412363,,,5.71098057,,,,2.299,3.213,137.43366681,98.33800187
2015-01-02,315.03,13134000,1187.4,15.778,,,55.38,,,0.26531076,19.96640892,,,5.68851571,,,,2.299,3.213,137.02914311,98.04855275
2015-01-03,300.33,13137600,1193.113333,15.912667,,,53.946667,,,0.25171959,18.87364324,,,5.56716507,,,,2.299,3.213,130.63505872,93.47338936
2015-01-04,285.63,13141200,1198.826667,16.047333,,,52.513333,,,0.23825796,17.79921935,,,5.43919008,,,,2.299,3.213,124.24097434,88.89822596
2015-01-05,270.93,13144800,1204.54,16.182,,,51.08,,,0.22492404,16.74267705,,,5.30403289,,,,2.214,3.137,122.37127371,86.36595473
2015-01-06,283.77,13148400,1218.53,16.525,,,50.12,,,0.23287896,17.17216339,,,5.66181165,,,,2.214,3.137,128.17073171,90.4590373
2015-01-07,294.92,13152000,1211.19,16.52,,,49.06,,,0.24349607,17.85230024,,,6.01141459,,,,2.214,3.137,133.2068654,94.01338859
2015-01-08,283.53,13155600,1208.76,16.355,,,49.43,,,0.23456269,17.33598288,,,5.73599029,,,,2.214,3.137,128.06233062,90.38253108
2015-01-09,290.18,13159200,1220.73,16.453,,,47.64,,,0.23771022,17.63690512,,,6.09109992,,,,2.214,3.137,131.06594399,92.50239082
2015-01-10,283.226667,13162800,1224.873333,16.490333,,,47.393333,,,0.23122935,17.1753152,,,5.9760867,,,,2.214,3.137,127.92532385,90.28583583
2015-01-11,276.273333,13166400,1229.016667,16.527667,,,47.146667,,,0.22479218,16.7158095,,,5.85986986,,,,2.214,3.137,124.78470325,88.06928052
2015-01-12,269.32,13170000,1233.16,16.565,,,46.9,,,0.21839826,16.25837609,,,5.7424307,,,,2.139,3.053,125.90930341,88.21487062
2015-01-13,219.91,13173600,1230.68,17.036,,,45.13,,,0.17868983,12.90854661,,,4.87281188,,,,2.139,3.053,102.80972417,72.03078939
2015-01-14,172.95,13177200,1228.61,16.805,,,45.82,,,0.14076884,10.29157989,,,3.7745526,,,,2.139,3.053,80.85553997,56.64919751
2015-01-15,207.25,13180800,1262.38,16.925,,,47.66,,,0.16417402,12.24519941,,,4.34851028,,,,2.139,3.053,96.89107059,67.88404848
2015-01-16,207.09,13184400,1275.25,17.68,,,47.38,,,0.16239169,11.71323529,,,4.37083157,,,,2.139,3.053,96.81626928,67.83164101
2015-01-17,209.57,13188000,1275.726667,17.673333,,,47.1575,,,0.164275,11.85797835,,,4.4440439,,,,2.139,3.053,97.97568957,68.64395676
2015-01-18,212.05,13191600,1276.203333,17.666667,,,46.935,,,0.16615691,12.00282996,,,4.51795036,,,,2.139,3.053,99.13510986,69.45627252
2015-01-19,214.53,13195200,1276.68,17.66,,,46.7125,,,0.16803741,12.14779162,,,4.59256088,,,,2.066,2.933,103.83833495,73.14353904
2015-01-20,210.23,13198800,1293.87,17.965,,,46.49,,,0.16248155,11.70219872,,,4.52204775,,,,2.066,2.933,101.75701839,71.67746335
2015-01-21,226.69,13202400,1292.62,18.095,,,46.5,,,0.1753725,12.5277701,,,4.87505376,,,,2.066,2.933,109.72410455,77.28946471
2015-01-22,231.13,13206000,1302,18.29,,,46.09,,,0.1775192,12.63696009,,,5.01475374,,,,2.066,2.933,111.8731849,78.8032731
2015-01-23,234.02,13209600,1293.82,18.29,,,46.69,,,0.18087524,12.79496993,,,5.01220818,,,,2.066,2.933,113.27202323,79.78861234
2015-01-24,245.226667,13213200,1289.556667,18.156667,,,46.483333,,,0.19016354,13.50614994,,,5.27558269,,,,2.066,2.933,118.69635382,83.60950119
2015-01-25,256.433333,13216800,1285.293333,18.023333,,,46.276667,,,0.19951347,14.22785303,,,5.54130947,,,,2.066,2.933,124.12068393,87.4303897
2015-01-26,267.64,13220400,1281.03,17.89,,,46.07,,,0.20892563,14.96031302,,,5.80942045,,,,2.044,2.866,130.93933464,93.38450803
2015-01-27,262.18,13224000,1292.35,18.03,,,46.55,,,0.20287074,14.54132002,,,5.63222342,,,,2.044,2.866,128.26810176,91.47941382
2015-01-28,231.36,13227600,1283.14,17.955,,,47.07,,,0.18030768,12.8855472,,,4.91523263,,,,2.044,2.866,113.18982387,80.72575017
2015-01-29,231.79,13231200,1258.1,16.915,,,46.61,,,0.18423814,13.70322199,,,4.97296717,,,,2.044,2.866,113.40019569,80.87578507
2015-01-30,229.65,13234800,1283.8,17.23,,,47.52,,,0.178883,13.32849681,,,4.83270202,,,,2.044,2.866,112.35322896,80.12909979
2015-01-31,230.403333,13238400,1280.423333,17.22,,,48.926667,,,0.17994309,13.37998449,,,4.70915652,,,,2.044,2.866,112.72178718,80.3919515
2015-02-01,231.156667,13242000,1277.046667,17.21,,,50.333333,,,0.18100879,13.43153207,,,4.59251659,,,,2.044,2.866,113.09034589,80.65480356
2015-02-02,231.91,13245600,1273.67,17.2,,,51.74,,,0.18208013,13.48313953,,,4.48221879,,,,2.068,2.831,112.14216634,81.91805016
2015-02-03,228.59,13249200,1260.23,17.278,,,54.41,,,0.18138752,13.23011923,,,4.20124977,,,,2.068,2.831,110.53675048,80.74531968
2015-02-04,224.43,13252800,1268.82,17.35,,,55.07,,,0.17688088,12.93544669,,,4.07535863,,,,2.068,2.831,108.52514507,79.27587425
2015-02-05,217.28,13256400,1264.28,17.225,,,55.98,,,0.17186066,12.61422351,,,3.88138621,,,,2.068,2.831,105.06769826,76.75026492
2015-02-06,223.97,13260000,1235.26,16.725,,,55.88,,,0.18131406,13.39133034,,,4.00805297,,,,2.068,2.831,108.30270793,79.1133875
2015-02-07,222.956667,13263600,1236.38,16.809,,,56.253333,,,0.18033021,13.2641244,,,3.96343923,,,,2.068,2.831,107.81270164,78.75544578
2015-02-08,221.943333,13267200,1237.5,16.893,,,56.626667,,,0.17934815,13.13818345,,,3.91941367,,,,2.068,2.831,107.32269487,78.39750371
2015-02-09,220.93,13270800,1238.62,16.977,,,57,,,0.17836786,13.01348884,,,3.87596491,,,,2.191,2.835,100.83523505,77.92945326
2015-02-10,220.68,13274400,1233.4,16.89,,,55.79,,,0.17892006,13.06571936,,,3.95554759,,,,2.191,2.835,100.7211319,77.84126984
2015-02-11,219.23,13278000,1217.88,16.79,,,53.48,,,0.18000952,13.05717689,,,4.09928945,,,,2.191,2.835,100.05933364,77.329806
2015-02-12,222,13281600,1221.99,16.83,,,56.23,,,0.18167088,13.19073084,,,3.94807043,,,,2.191,2.835,101.32359653,78.30687831
2015-02-13,237.33,13285200,1228.44,17.26,,,60.33,,,0.19319625,13.75028969,,,3.93386375,,,,2.191,2.835,108.32040164,83.71428571
2015-02-14,236.94,13288800,1229.193333,17.265,,,60.743333,,,0.19276056,13.72371851,,,3.90067499,,,,2.191,2.835,108.14240073,83.57671958
2015-02-15,236.55,13292400,1229.946667,17.27,,,61.156667,,,0.19232541,13.69716271,,,3.86793479,,,,2.191,2.835,107.96439982,83.43915344
2015-02-16,236.16,13296000,1230.7,17.275,,,61.57,,,0.19189079,13.67062229,,,3.83563424,,,,2.274,2.865,103.85224274,82.42931937
2015-02-17,242.3,13299600,1209.22,16.49,,,60.78,,,0.2003771,14.69375379,,,3.98650872,,,,2.274,2.865,106.55233069,84.57242583
2015-02-18,234.49,13303200,1212.79,16.475,,,60.72,,,0.19334757,14.23308042,,,3.86182477,,,,2.274,2.865,103.117854,81.84642234
2015-02-19,240.47,13306800,1206.82,16.355,,,58.78,,,0.19925921,14.70314888,,,4.09101735,,,,2.274,2.865,105.74758135,83.93368237
2015-02-20,242.17,13310400,1201.11,16.21,,,60.99,,,0.20162183,14.93954349,,,3.97065093,,,,2.274,2.865,106.49516271,84.52705061
2015-02-21,241.06,13314000,1201.186667,16.238333,,,60.586667,,,0.20068488,14.84511988,,,3.97876318,,,,2.274,2.865,106.00703606,84.13961606
2015-02-22,239.95,13317600,1201.263333,16.266667,,,60.183333,,,0.19974804,14.75102429,,,3.98698424,,,,2.274,2.865,105.51890941,83.7521815
2015-02-23,238.84,13321200,1201.34,16.295,,,59.78,,,0.19881133,14.65725683,,,3.99531616,,,,2.332,2.9,102.41852487,82.35862069
2015-02-24,238.83,13324800,1200.65,16.275,,,60.33,,,0.19891725,14.67465438,,,3.958727,,,,2.332,2.9,102.41423671,82.35517241
2015-02-25,237.26,13328400,1203.86,16.53,,,59.77,,,0.19708272,14.35329704,,,3.96954994,,,,2.332,2.9,101.74099485,81.8137931
2015-02-26,236.28,13332000,1209.08,16.531,,,61.39,,,0.19542131,14.29314621,,,3.84883532,,,,2.332,2.9,101.32075472,81.47586207
2015-02-27,254.38,13335600,1211.57,16.55,,,61.89,,,0.20995898,15.37039275,,,4.11019551,,,,2.332,2.9,109.08233276,87.71724138
2015-02-28,259.29,13339200,1209.84,16.486667,,,61.51,,,0.2143176,15.72725403,,,4.21541213,,,,2.332,2.9,111.18782161,89.41034483
2015-03-01,264.2,13342800,1208.11,16.423333,,,61.13,,,0.2186887,16.0868686,,,4.32193686,,,,2.332,2.9,113.29331046,91.10344828
2015-03-02,269.11,13346400,1206.38,16.36,,,60.75,,,0.22307233,16.4492665,,,4.42979424,,,,2.473,2.936,108.81924788,91.65871935
2015-03-03,282.75,13350000,1203.86,16.26,,,61.18,,,0.2348695,17.38929889,,,4.62160837,,,,2.473,2.936,114.33481601,96.30449591
2015-03-04,272.07,13353600,1200.59,16.217,,,59.18,,,0.22661358,16.77683912,,,4.59733018,,,,2.473,2.936,110.01617469,92.66689373
2015-03-05,275.1,13357200,1197.91,16.18,,,60.33,,,0.22964997,17.00247219,,,4.55992044,,,,2.473,2.936,111.2414072,93.69891008
2015-03-06,273.11,13360800,1165.53,15.85,,,59.15,,,0.23432258,17.23091483,,,4.61724429,,,,2.473,2.936,110.43671654,93.02111717
2015-03-07,278.183333,13364400,1166.013333,15.81,,,58.99,,,0.23857646,17.59540373,,,4.71577103,,,,2.473,2.936,112.48820582,94.74909162
2015-03-08,283.256667,13368000,1166.496667,15.77,,,58.83,,,0.24282681,17.96174172,,,4.81483371,,,,2.473,2.936,114.53969551,96.47706642
2015-03-09,288.33,13371600,1166.98,15.73,,,58.67,,,0.24707364,18.32994278,,,4.91443668,,,,2.487,2.944,115.93486128,97.93817935
2015-03-10,292.31,13375200,1161.4,15.62,,,55.95,,,0.25168762,18.71382843,,,5.22448615,,,,2.487,2.944,117.53518295,99.29008152
2015-03-11,295.27,13378800,1155.37,15.495,,,56.46,,,0.25556315,19.05582446,,,5.22972016,,,,2.487,2.944,118.72537193,100.2955163
2015-03-12,294.06,13382400,1153.76,15.57,,,56.66,,,0.25487103,18.88631985,,,5.18990469,,,,2.487,2.944,118.23884198,99.88451087
2015-03-13,288.96,13386000,1157.34,15.61,,,54.8,,,0.24967598,18.51121076,,,5.2729927,,,,2.487,2.944,116.18817853,98.15217391
2015-03-14,289.473333,13389600,1156.33,15.613333,,,53.866667,,,0.25033799,18.54013701,,,5.3738861,,,,2.487,2.944,116.39458504,98.32653974
2015-03-15,289.986667,13393200,1155.32,15.616667,,,52.933333,,,0.25100117,18.56904979,,,5.47833757,,,,2.487,2.944,116.60099196,98.50090591
2015-03-16,290.5,13396800,1154.31,15.62,,,52,,,0.2516655,18.59795134,,,5.58653846,,,,2.453,2.917,118.42641663,99.58861844
2015-03-17,284.29,13400400,1149.49,15.55,,,52.17,,,0.24731838,18.28231511,,,5.44930036,,,,2.453,2.917,115.89482267,97.45971889
2015-03-18,254.14,13404000,1167.99,15.9,,,52.59,,,0.21758748,15.9836478,,,4.83247766,,,,2.453,2.917,103.60375051,87.12375728
2015-03-19,260.17,13407600,1171.35,16.144,,,52.96,,,0.22211124,16.11558474,,,4.91257553,,,,2.453,2.917,106.06196494,89.19094961
2015-03-20,260.76,13411200,1182.55,16.74,,,53.88,,,0.22050653,15.57706093,,,4.83964365,,,,2.453,2.917,106.30248675,89.3932122
2015-03-21,262.723333,13414800,1185.06,16.83,,,53.86,,,0.22169623,15.61041788,,,4.8778933,,,,2.453,2.917,107.1028671,90.06627803
2015-03-22,264.686667,13418400,1187.57,16.92,,,53.84,,,0.2228809,15.64342004,,,4.91617138,,,,2.453,2.917,107.90324786,90.73934419
2015-03-23,266.65,13422000,1190.08,17.01,,,53.82,,,0.22406057,15.6760729,,,4.95447789,,,,2.457,2.864,108.52665853,93.10405028
2015-03-24,248.07,13425600,1193.14,16.98,,,53.61,,,0.20791357,14.60954064,,,4.62730834,,,,2.457,2.864,100.96459096,86.61662011
2015-03-25,246.26,13429200,1195.4,16.98,,,54.18,,,0.20600636,14.50294464,,,4.54521964,,,,2.457,2.864,100.22792023,85.98463687
2015-03-26,247.59,13432800,1204.16,17.094,,,57.02,,,0.20561221,14.48402948,,,4.34216065,,,,2.457,2.864,100.76923077,86.44902235
2015-03-27,248.32,13436400,1198.78,16.95,,,56.44,,,0.20714393,14.65014749,,,4.39971651,,,,2.457,2.864,101.06634107,86.70391061
2015-03-28,247.643333,13440000,1194.526667,16.868333,,,55.623333,,,0.20731503,14.68096065,,,4.4521484,,,,2.457,2.864,100.79093732,86.4676442
2015-03-29,246.966667,13443600,1190.273333,16.786667,,,54.806667,,,0.20748736,14.7120728,,,4.50614278,,,,2.457,2.864,100.51553398,86.23137814
2015-03-30,246.29,13443600,1186.02,16.705,,,53.99,,,0.20766092,14.74348997,,,4.5617707,,,,2.448,2.824,100.60866013,87.2131728
2015-03-31,245.014,13447200,1183.38,16.655,,,53.69,,,0.20704592,14.7111378,,,4.56349413,,,,2.448,2.824,100.0874183,86.76133144
2015-04-01,246.45,13450800,1204.26,16.96,,,55.73,,,0.2046485,14.53125,,,4.42221425,,,,2.448,2.824,100.67401961,87.26983003
2015-04-02,251.27,13454400,1202.86,16.78,,,55.73,,,0.2088938,14.97437426,,,4.50870267,,,,2.448,2.824,102.64297386,88.9766289
2015-04-03,253.33,13458000,1205.85,16.83375,,,55.73,,,0.21008417,15.04893443,,,4.54566661,,,,2.448,2.824,103.48447712,89.70609065
2015-04-04,254.02,13461600,1208.84,16.8875,,,55.73,,,0.21013534,15.04189489,,,4.55804773,,,,2.448,2.824,103.76633987,89.95042493
2015-04-05,254.71,13465200,1211.83,16.94125,,,55.73,,,0.21018625,15.03490002,,,4.57042885,,,,2.448,2.824,104.04820261,90.19475921
2015-04-06,255.4,13468800,1214.82,16.995,,,55.73,,,0.21023691,15.0279494,,,4.58280998,,,,2.413,2.784,105.84334853,91.73850575
2015-04-07,253.6,13472400,1208.66,16.85,,,57.55,,,0.20981914,15.0504451,,,4.40660295,,,,2.413,2.784,105.09738914,91.09195402
2015-04-08,245.28,13476000,1202.86,16.545,,,56.42,,,0.203914,14.82502267,,,4.34739454,,,,2.413,2.784,101.64939909,88.10344828
2015-04-09,242.45,13479600,1194.76,16.18,,,56.04,,,0.20292778,14.98454883,,,4.32637402,,,,2.413,2.784,100.47658516,87.08692529
2015-04-10,235.11,13483200,1208.56,16.5,,,56.82,,,0.1945373,14.24909091,,,4.13780359,,,,2.413,2.784,97.43472855,84.45043103
2015-04-11,230.76,13486800,1205.406667,16.425667,,,56.926667,,,0.19143747,14.04874457,,,4.05363623,,,,2.413,2.784,95.63199337,82.88793103
2015-04-12,226.41,13490400,1202.253333,16.351333,,,57.033333,,,0.18832137,13.84657752,,,3.96978378,,,,2.413,2.784,93.82925818,81.32543103
2015-04-13,222.06,13494000,1199.1,16.277,,,57.14,,,0.18518889,13.64256313,,,3.88624431,,,,2.408,2.754,92.21760797,80.63180828
2015-04-14,216.04,13497600,1192.71,16.145,,,57.69,,,0.18113372,13.38123258,,,3.74484313,,,,2.408,2.754,89.71760797,78.44589688
2015-04-15,220.95,13501200,1202.32,16.34,,,59.32,,,0.18376971,13.52203182,,,3.72471342,,,,2.408,2.754,91.75664452,80.22875817
2015-04-16,229.12,13504800,1198.7,16.306,,,60.13,,,0.1911404,14.05126947,,,3.81041078,,,,2.408,2.754,95.14950166,83.19535221
2015-04-17,223.49,13508400,1204.81,16.27,,,61.31,,,0.18549813,13.73632452,,,3.64524547,,,,2.408,2.754,92.81146179,81.15105301
2015-04-18,223.413333,13512000,1202.013333,16.171667,,,61.273333,,,0.18586594,13.81510842,,,3.64617562,,,,2.408,2.754,92.77962334,81.1232146
2015-04-19,223.336667,13515600,1199.216667,16.073333,,,61.236667,,,0.18623546,13.89485721,,,3.64710684,,,,2.408,2.754,92.7477853,81.09537654
2015-04-20,223.26,13519200,1196.42,15.975,,,61.2,,,0.18660671,13.97558685,,,3.64803922,,,,2.485,2.78,89.84305835,80.30935252
2015-04-21,233.02,13522800,1202.71,16.025,,,60.12,,,0.19374579,14.54102964,,,3.87591484,,,,2.485,2.78,93.77062374,83.82014388
2015-04-22,233.2,13526400,1187.61,15.81,,,60.12,,,0.19636076,14.75015813,,,3.87890885,,,,2.485,2.78,93.84305835,83.88489209
2015-04-23,234.42,13530000,1194.1,15.89,,,62.66,,,0.19631522,14.75267464,,,3.74114267,,,,2.485,2.78,94.33400402,84.32374101
2015-04-24,231.28,13533600,1178.99,15.74,,,62.96,,,0.19616791,14.69377382,,,3.67344346,,,,2.485,2.78,93.07042254,83.1942446
2015-04-25,231.563333,13537200,1186.706667,15.963333,,,62.926667,,,0.19513106,14.50595142,,,3.67989191,,,,2.485,2.78,93.18443984,83.29616295
2015-04-26,231.846667,13540800,1194.423333,16.186667,,,62.893333,,,0.19410762,14.32331109,,,3.68634728,,,,2.485,2.78,93.29845755,83.39808165
2015-04-27,232.13,13544400,1202.14,16.41,,,62.86,,,0.19309731,14.1456429,,,3.69280942,,,,2.57,2.811,90.3229572,82.57915333
2015-04-28,225.44,13548000,1212.19,16.64,,,62.61,,,0.18597745,13.54807692,,,3.60070276,,,,2.57,2.811,87.71984436,80.19921736
2015-04-29,226.23,13551600,1204.93,16.57,,,63.97,,,0.18775365,13.65298733,,,3.53650149,,,,2.57,2.811,88.02723735,80.48025614
2015-04-30,236.66,13555200,1184.5,16.15,,,63.9,,,0.19979738,14.65386997,,,3.70359937,,,,2.57,2.811,92.08560311,84.19067947
2015-05-01,234.7,13558800,1177.85,16.16,,,64.13,,,0.19926137,14.52351485,,,3.65975363,,,,2.57,2.811,91.3229572,83.49341871
2015-05-02,236.003333,13562400,1181.423333,16.246667,,,64.293333,,,0.19976187,14.52626148,,,3.67072793,,,,2.57,2.811,91.83009066,83.95707328
2015-05-03,237.306667,13566000,1184.996667,16.333333,,,64.456667,,,0.20025935,14.52897991,,,3.68164657,,,,2.57,2.811,92.33722451,84.42072821
2015-05-04,238.61,13569600,1188.57,16.42,,,64.62,,,0.20075385,14.5316687,,,3.69251006,,,,2.664,2.854,89.56831832,83.60546601
2015-05-05,235.8,13573200,1193.51,16.57,,,65.44,,,0.19756852,14.23053712,,,3.60330073,,,,2.664,2.854,88.51351351,82.62088297
2015-05-06,230.59,13576800,1192,16.54,,,66.22,,,0.19344799,13.94135429,,,3.48218061,,,,2.664,2.854,86.55780781,80.79537491
2015-05-07,238.96,13580400,1184.92,16.337,,,64.93,,,0.20166762,14.62692049,,,3.68027106,,,,2.664,2.854,89.6996997,83.72810091
2015-05-08,244.73,13584000,1188.37,16.486,,,63.82,,,0.20593754,14.84471673,,,3.83469132,,,,2.664,2.854,91.86561562,85.74982481
2015-05-09,243.91,13587600,1186.996667,16.437333,,,63.486667,,,0.20548499,14.83878194,,,3.84190904,,,,2.664,2.854,91.55780781,85.46250876
2015-05-10,243.09,13591200,1185.623333,16.388667,,,63.153333,,,0.20503139,14.83281099,,,3.84920302,,,,2.664,2.854,91.25,85.17519271
2015-05-11,242.27,13594800,1184.25,16.34,,,62.82,,,0.20457674,14.82680539,,,3.85657434,,,,2.691,2.878,90.02972873,84.1799861
2015-05-12,241.26,13598400,1194.1,16.546,,,65.09,,,0.20204338,14.58116765,,,3.70656015,,,,2.691,2.878,89.65440357,83.82904795
2015-05-13,234.95,13602000,1215.33,17.12,,,66.33,,,0.19332198,13.72371495,,,3.5421378,,,,2.691,2.878,87.30955035,81.63655316
2015-05-14,237.03,13605600,1221.6,17.47,,,65.58,,,0.19403242,13.56783057,,,3.61436414,,,,2.691,2.878,88.08249721,82.35927728
2015-05-15,237.42,13609200,1225.13,17.54,,,64.69,,,0.19379168,13.5359179,,,3.67011903,,,,2.691,2.878,88.22742475,82.49478805
2015-05-16,235.733333,13612800,1225.383333,17.596667,,,64.843333,,,0.19237517,13.39647633,,,3.635429,,,,2.691,2.878,87.600644,81.9087328
2015-05-17,234.046667,13616400,1225.636667,17.653333,,,64.996667,,,0.19095926,13.25793078,,,3.6009026,,,,2.691,2.878,86.97386362,81.3226779
2015-05-18,232.36,13620000,1225.89,17.71,,,65.15,,,0.18954392,13.12027103,,,3.56653876,,,,2.744,2.904,84.67930029,80.0137741
2015-05-19,232.44,13623600,1208.48,17.105,,,63.48,,,0.19234079,13.58900906,,,3.66162571,,,,2.744,2.904,84.70845481,80.04132231
2015-05-20,233.85,13627200,1209.92,17.13,,,63.52,,,0.19327724,13.65148862,,,3.68151763,,,,2.744,2.904,85.22230321,80.5268595
2015-05-21,235.38,13630800,1206.92,17.158,,,64.7,,,0.19502535,13.7183821,,,3.63802164,,,,2.744,2.904,85.77988338,81.05371901
2015-05-22,240.77,13634400,1205.67,17.09,,,64.7,,,0.19969809,14.08835576,,,3.72132921,,,,2.744,2.904,87.7441691,82.90977961
2015-05-23,239.6,13638000,1206.266667,17.11,,,63.9375,,,0.19862938,14.00350672,,,3.74740958,,,,2.744,2.904,87.31778426,82.50688705
2015-05-24,238.43,13641600,1206.863333,17.13,,,63.175,,,0.19756172,13.91885581,,,3.77411951,,,,2.744,2.904,86.89139942,82.10399449
2015-05-25,237.26,13645200,1207.46,17.15,,,62.4125,,,0.19649512,13.83440233,,,3.80148207,,,,2.774,2.914,85.52992069,81.42072752
2015-05-26,237.65,13648800,1187.99,16.765,,,61.65,,,0.20004377,14.17536534,,,3.85482563,,,,2.774,2.914,85.6705119,81.55456417
2015-05-27,236.94,13652400,1188.32,16.695,,,61.35,,,0.19939074,14.19227314,,,3.86210269,,,,2.774,2.914,85.41456381,81.31091283
2015-05-28,237.62,13656000,1188.61,16.7,,,60.12,,,0.19991419,14.22874251,,,3.95242848,,,,2.774,2.914,85.65969719,81.54426905
2015-05-29,237.2,13659600,1190.22,16.73,,,63.16,,,0.19929089,14.17812313,,,3.75554148,,,,2.774,2.914,85.50829128,81.40013727
2015-05-30,232.08,13663200,1190.013333,16.741,,,63.063333,,,0.19502303,13.86297115,,,3.68010996,,,,2.774,2.914,83.66258111,79.64310226
2015-05-31,226.96,13666800,1189.806667,16.752,,,62.966667,,,0.19075368,13.54823305,,,3.60444678,,,,2.774,2.914,81.81687094,77.88606726
2015-06-01,221.84,13670400,1189.6,16.763,,,62.87,,,0.18648285,13.23390801,,,3.52855098,,,,2.78,2.909,79.79856115,76.25988312
2015-06-02,225.97,13674000,1193.44,16.777,,,63.14,,,0.18934341,13.46903499,,,3.57887235,,,,2.78,2.909,81.28417266,77.67961499
2015-06-03,226.16,13677600,1185.82,16.525,,,62.78,,,0.19072035,13.68593041,,,3.60242115,,,,2.78,2.909,81.35251799,77.74492953
2015-06-04,224.91,13681200,1177.01,16.13,,,60.34,,,0.19108589,13.94358338,,,3.72737819,,,,2.78,2.909,80.9028777,77.3152286
2015-06-05,225.79,13684800,1171.2,16.1,,,60.36,,,0.19278518,14.0242236,,,3.74072233,,,,2.78,2.909,81.21942446,77.61773805
2015-06-06,226.733333,13688400,1172.163333,16.06,,,60.683333,,,0.19343152,14.11789122,,,3.73633619,,,,2.78,2.909,81.55875288,77.94201891
2015-06-07,227.676667,13692000,1173.126667,16.02,,,61.006667,,,0.1940768,14.21202665,,,3.73199649,,,,2.78,2.909,81.89808165,78.2663001
2015-06-08,228.62,13695600,1174.09,15.98,,,61.33,,,0.19472102,14.30663329,,,3.72770259,,,,2.78,2.884,82.23741007,79.27184466
2015-06-09,229.84,13699200,1176.76,15.97,,,63.23,,,0.19531595,14.39198497,,,3.63498339,,,,2.78,2.884,82.67625899,79.69486824
2015-06-10,229.04,13702800,1185.95,16.052,,,64.68,,,0.19312787,14.26862696,,,3.54112554,,,,2.78,2.884,82.38848921,79.41747573
2015-06-11,229.67,13706400,1182.43,16.064,,,63.76,,,0.1942356,14.29718625,,,3.60210163,,,,2.78,2.884,82.61510791,79.63592233
2015-06-12,230.82,13710000,1181.35,15.97,,,63.19,,,0.19538663,14.45335003,,,3.65279316,,,,2.78,2.884,83.02877698,80.03467406
2015-06-13,232.963333,13713600,1183.09,16.010333,,,62.456667,,,0.19691091,14.55081122,,,3.72999944,,,,2.78,2.884,83.79976007,80.77785472
2015-06-14,235.106667,13717200,1184.83,16.050667,,,61.723333,,,0.19843072,14.64778174,,,3.80904037,,,,2.78,2.884,84.57074353,81.52103571
2015-06-15,237.25,13720800,1186.57,16.091,,,60.99,,,0.19994606,14.74426698,,,3.88998196,,,,2.835,2.87,83.68606702,82.66550523
2015-06-16,247.32,13724400,1181.94,16.03,,,60.75,,,0.2092492,15.42857143,,,4.07111111,,,,2.835,2.87,87.23809524,86.17421603
2015-06-17,248.91,13728000,1185.34,16.14,,,60.75,,,0.20999038,15.42193309,,,4.09728395,,,,2.835,2.87,87.7989418,86.728223
2015-06-18,248.99,13731600,1202,16.17,,,61.37,,,0.20714642,15.3982684,,,4.05719407,,,,2.835,2.87,87.82716049,86.75609756
2015-06-19,244.43,13735200,1201.19,16.13,,,59.41,,,0.20348987,15.15375077,,,4.11429052,,,,2.835,2.87,86.21869489,85.16724739
2015-06-20,245.583333,13738800,1196.16,16.15,,,59.786667,,,0.20530977,15.20639833,,,4.10766054,,,,2.835,2.87,86.62551429,85.56910557
2015-06-21,246.736667,13742400,1191.13,16.17,,,60.163333,,,0.20714504,15.25891571,,,4.10111366,,,,2.835,2.87,87.03233404,85.97096411
2015-06-22,247.89,13746000,1186.1,16.19,,,60.54,,,0.20899587,15.31130327,,,4.09464817,,,,2.812,2.859,88.15433855,86.70514166
2015-06-23,244.8,13749600,1178.35,15.86,,,61.67,,,0.20774812,15.43505675,,,3.96951516,,,,2.812,2.859,87.05547653,85.62434418
2015-06-24,240.68,13753200,1175.34,15.9,,,61.63,,,0.20477479,15.13710692,,,3.90524095,,,,2.812,2.859,85.59032717,84.18328087
2015-06-25,241.65,13756800,1173.29,15.866,,,60.24,,,0.20595931,15.23068196,,,4.01145418,,,,2.812,2.859,85.93527738,84.52256034
2015-06-26,241.21,13760400,1174.78,15.81,,,60.14,,,0.20532355,15.25679949,,,4.01080811,,,,2.812,2.859,85.77880512,84.36866037
2015-06-27,245.74,13764000,1176.596667,15.796,,,59.77,,,0.20885662,15.55710306,,,4.11142714,,,,2.812,2.859,87.38975818,85.95313047
2015-06-28,250.27,13767600,1178.413333,15.782,,,59.4,,,0.21237879,15.85793942,,,4.21329966,,,,2.812,2.859,89.00071124,87.53760056
2015-06-29,254.8,13771200,1180.23,15.768,,,59.03,,,0.21589012,16.15930999,,,4.31644926,,,,2.801,2.843,90.9675116,89.623637
2015-06-30,263.054,13774800,1172.36,15.7295,,,60.31,,,0.22437988,16.72360851,,,4.36169789,,,,2.801,2.843,93.91431632,92.5269082
2015-07-01,258.88,13778400,1169.19,15.585,,,61.65,,,0.22141825,16.61084376,,,4.19918897,,,,2.801,2.843,92.42413424,91.05874077
2015-07-02,254.65,13782000,1166.65,15.7,,,61.73,,,0.21827455,16.21974522,,,4.12522274,,,,2.801,2.843,90.9139593,89.57087584
2015-07-03,254.67,13785600,1168.83,15.706,,,59.06,,,0.21788455,16.21482236,,,4.31205554,,,,2.801,2.843,90.92109961,89.57791066
2015-07-04,260.986667,13789200,1169.3,15.724,,,58.436667,,,0.22319907,16.59798187,,,4.46614567,,,,2.801,2.843,93.1762467,91.79974217
2015-07-05,267.303333,13792800,1169.77,15.742,,,57.813333,,,0.22850931,16.98026509,,,4.6235586,,,,2.801,2.843,95.43139343,94.02157334
2015-07-06,273.62,13796400,1170.24,15.76,,,57.19,,,0.23381529,17.36167513,,,4.78440287,,,,2.793,2.832,97.96634443,96.61723164
2015-07-07,265.13,13800000,1155.25,15.08,,,54.72,,,0.22950011,17.58156499,,,4.84521199,,,,2.793,2.832,94.92660222,93.61935028
2015-07-08,265.79,13803600,1158.87,15.14,,,55.7,,,0.22935273,17.55548217,,,4.77181329,,,,2.793,2.832,95.16290727,93.85240113
2015-07-09,270.41,13807200,1159.88,15.42,,,57.83,,,0.23313619,17.53631647,,,4.67594674,,,,2.793,2.832,96.81704261,95.48375706
2015-07-10,293.14,13810800,1162.78,15.58,,,57.72,,,0.25210272,18.81514763,,,5.07865558,,,,2.793,2.832,104.95524526,103.50988701
2015-07-11,292.563333,13814400,1161.13,15.56,,,57.69,,,0.25196432,18.80227076,,,5.07130062,,,,2.793,2.832,104.74877658,103.30626165
2015-07-12,291.986667,13818000,1159.48,15.54,,,57.66,,,0.25182553,18.78936081,,,5.06393803,,,,2.793,2.832,104.54230827,103.10263665
2015-07-13,291.41,13821600,1157.83,15.52,,,57.63,,,0.25168634,18.77641753,,,5.05656776,,,,2.834,2.814,102.82639379,103.55721393
2015-07-14,288.63,13825200,1156.09,15.382,,,57.2,,,0.24966049,18.7641399,,,5.04597902,,,,2.834,2.814,101.84544813,102.56929638
2015-07-15,289.37,13828800,1149.12,15.11,,,57.34,,,0.25181878,19.15089345,,,5.04656435,,,,2.834,2.814,102.10656316,102.83226724
2015-07-16,278.96,13832400,1145.8,15.017,,,57.31,,,0.24346308,18.57628022,,,4.86756238,,,,2.834,2.814,98.43330981,99.13290689
2015-07-17,278.27,13836000,1134.11,14.9,,,56.38,,,0.24536421,18.67583893,,,4.93561547,,,,2.834,2.814,98.18983769,98.88770434
2015-07-18,277.686667,13839600,1121.91,14.83,,,56.393333,,,0.24751243,18.72465725,,,4.92410454,,,,2.834,2.814,97.98400388,98.6804076
2015-07-19,277.103333,13843200,1109.71,14.76,,,56.406667,,,0.24970788,18.77393855,,,4.91259895,,,,2.834,2.814,97.77816972,98.47311052
2015-07-20,276.52,13846800,1097.51,14.69,,,56.42,,,0.25195215,18.82368958,,,4.9010989,,,,2.802,2.782,98.68665239,99.3961179
2015-07-21,277.83,13850400,1101.78,14.848,,,55.94,,,0.25216468,18.71161099,,,4.96657133,,,,2.802,2.782,99.15417559,99.86700216
2015-07-22,275.32,13854000,1094.78,14.82,,,56.36,,,0.25148432,18.57759784,,,4.88502484,,,,2.802,2.782,98.25838687,98.96477354
2015-07-23,275.6,13857600,1091.01,14.68,,,55.76,,,0.25260997,18.77384196,,,4.94261119,,,,2.802,2.782,98.35831549,99.06542056
2015-07-24,288.88,13861200,1098.97,14.68,,,54.29,,,0.26286432,19.67847411,,,5.3210536,,,,2.802,2.782,103.09778729,103.83896477
2015-07-25,290.84,13864800,1097.39,14.64,,,54.216667,,,0.26502884,19.86612022,,,5.36440206,,,,2.802,2.782,103.79728765,104.54349389
2015-07-26,292.8,13868400,1095.81,14.6,,,54.143333,,,0.26719961,20.05479452,,,5.40786804,,,,2.802,2.782,104.49678801,105.24802301
2015-07-27,294.76,13872000,1094.23,14.56,,,54.07,,,0.26937664,20.24450549,,,5.45145182,,,,2.745,2.723,107.38069217,108.2482556
2015-07-28,293.84,13875600,1095.85,14.686,,,54.3,,,0.26813889,20.00817105,,,5.41141805,,,,2.745,2.723,107.04553734,107.91039295
2015-07-29,290.16,13879200,1096.68,14.82,,,54.73,,,0.26458037,19.57894737,,,5.30166271,,,,2.745,2.723,105.70491803,106.55894234
2015-07-30,286.8,13882800,1088.64,14.758,,,54.29,,,0.26344797,19.43352758,,,5.28274084,,,,2.745,2.723,104.48087432,105.32500918
2015-07-31,285.19,13886400,1095.23,14.74,,,53.29,,,0.26039279,19.34803256,,,5.35166072,,,,2.745,2.723,103.89435337,104.73374954
2015-08-01,284.333333,13890000,1092.413333,14.668667,,,52.023333,,,0.26027999,19.38371994,,,5.46549628,,,,2.745,2.723,103.58227067,104.41914543
2015-08-02,283.476667,13893600,1089.596667,14.597333,,,50.756667,,,0.26016661,19.4197575,,,5.58501343,,,,2.745,2.723,103.27018834,104.10454168
2015-08-03,282.62,13897200,1086.78,14.526,,,49.49,,,0.26005263,19.4561476,,,5.71064862,,,,2.689,2.668,105.1022685,105.92953523
2015-08-04,284.92,13900800,1088.13,14.6,,,49.08,,,0.26184371,19.51506849,,,5.80521597,,,,2.689,2.668,105.95760506,106.7916042
2015-08-05,281.99,13904400,1085.67,14.603,,,49.04,,,0.25973823,19.31041567,,,5.75020392,,,,2.689,2.668,104.86798066,105.6934033
2015-08-06,278.2,13908000,1089.98,14.657,,,47.8,,,0.25523404,18.98069182,,,5.82008368,,,,2.689,2.668,103.45853477,104.27286357
2015-08-07,279.02,13911600,1092.48,14.78,,,47.54,,,0.25540056,18.8782138,,,5.86916281,,,,2.689,2.668,103.76348085,104.5802099
2015-08-08,273.85,13915200,1096.603333,14.933333,,,47.793333,,,0.24972567,18.33817005,,,5.72987868,,,,2.689,2.668,101.84083302,102.64242879
2015-08-09,268.68,13918800,1100.726667,15.086667,,,48.046667,,,0.2440933,17.80910257,,,5.59206323,,,,2.689,2.668,99.9181852,100.70464768
2015-08-10,263.51,13922400,1104.85,15.24,,,48.3,,,0.23850296,17.29068241,,,5.45569358,,,,2.629,2.617,100.23202739,100.69163164
2015-08-11,268.68,13926000,1109.23,15.365,,,47.33,,,0.24222208,17.48649528,,,5.6767378,,,,2.629,2.617,102.19855458,102.66717616
2015-08-12,268.44,13929600,1125.29,15.54,,,48.29,,,0.23855184,17.27413127,,,5.55891489,,,,2.629,2.617,102.10726512,102.57546809
2015-08-13,264.01,13933200,1115.49,15.43,,,48.01,,,0.23667626,17.11017498,,,5.4990627,,,,2.629,2.617,100.42221377,100.8826901
2015-08-14,266.45,13936800,1115.41,15.24,,,47.79,,,0.23888077,17.4835958,,,5.57543419,,,,2.629,2.617,101.35032332,101.81505541
2015-08-15,263.36,13940400,1116.11,15.27,,,47.783333,,,0.23596241,17.24688933,,,5.51154521,,,,2.629,2.617,100.17497147,100.6343141
2015-08-16,260.27,13944000,1116.81,15.3,,,47.776667,,,0.2330477,17.01111111,,,5.44763828,,,,2.629,2.617,98.99961963,99.45357279
2015-08-17,257.18,13947600,1117.51,15.33,,,47.77,,,0.23013664,16.77625571,,,5.38371363,,,,2.716,2.615,94.69072165,98.34799235
2015-08-18,251.38,13951200,1117.87,14.89,,,47,,,0.22487409,16.88247146,,,5.34851064,,,,2.716,2.615,92.55522828,96.13001912
2015-08-19,223.16,13954800,1133.85,15.32,,,45.75,,,0.19681616,14.56657963,,,4.87781421,,,,2.716,2.615,82.16494845,85.33843212
2015-08-20,235.57,13958400,1153.27,15.57,,,45.63,,,0.20426266,15.12973667,,,5.16261232,,,,2.716,2.615,86.73416789,90.08413002
2015-08-21,232.35,13962000,1159.56,15.29,,,43.84,,,0.20037773,15.19620667,,,5.29995438,,,,2.716,2.615,85.54860088,88.85277247
2015-08-22,224.656667,13965600,1158.17,15.13,,,43.09,,,0.19397555,14.84842479,,,5.21366134,,,,2.716,2.615,82.71600405,85.91077132
2015-08-23,216.963333,13969200,1156.78,14.97,,,42.34,,,0.18755799,14.49320862,,,5.12431112,,,,2.716,2.615,79.88340685,82.96876979
2015-08-24,209.27,13972800,1155.39,14.81,,,41.59,,,0.18112499,14.13031735,,,5.0317384,,,,2.637,2.561,79.35912021,81.71417415
2015-08-25,221.09,13976400,1140.72,14.71,,,41.86,,,0.19381619,15.02991162,,,5.28165313,,,,2.637,2.561,83.84148654,86.32955877
2015-08-26,225.89,13980000,1124.88,14.135,,,41.76,,,0.20081253,15.98089848,,,5.4092433,,,,2.637,2.561,85.66173682,88.20382663
2015-08-27,226.39,13983600,1125.34,14.51,,,44.46,,,0.20117476,15.60234321,,,5.0919928,,,,2.637,2.561,85.85134623,88.39906287
2015-08-28,232.78,13987200,1134.33,14.591,,,47.97,,,0.20521365,15.95367007,,,4.85261622,,,,2.637,2.561,88.27455442,90.89418196
2015-08-29,231.8,13990800,1134.42,14.604,,,48.1775,,,0.20433349,15.87236374,,,4.8113746,,,,2.637,2.561,87.90291998,90.51151894
2015-08-30,230.82,13994400,1134.51,14.617,,,48.385,,,0.20345347,15.79120203,,,4.77048672,,,,2.637,2.561,87.53128555,90.12885592
2015-08-31,229.84,13998000,1134.6,14.63,,,48.5925,,,0.20257359,15.71018455,,,4.72994804,,,,2.51,2.514,91.56972112,91.42402546
2015-09-01,226.73,14001600,1140.14,14.61,,,48.8,,,0.19886154,15.51882272,,,4.64610656,,,,2.51,2.514,90.33067729,90.18695306
2015-09-02,228.75,14005200,1134.03,14.678,,,47.67,,,0.20171424,15.5845483,,,4.79861548,,,,2.51,2.514,91.13545817,90.99045346
2015-09-03,226.5,14008800,1125.89,14.72,,,50.41,,,0.20117418,15.38722826,,,4.49315612,,,,2.51,2.514,90.23904382,90.09546539
2015-09-04,230.4,14012400,1122.28,14.59,,,48.59,,,0.20529636,15.79163811,,,4.7417164,,,,2.51,2.514,91.79282869,91.64677804
2015-09-05,233.866667,14016000,1121.396667,14.558333,,,47.866667,,,0.20854946,16.06411029,,,4.88579384,,,,2.51,2.514,93.17397092,93.02572275
2015-09-06,237.333333,14019600,1120.513333,14.526667,,,47.143333,,,0.21180768,16.33776922,,,5.03429261,,,,2.51,2.514,94.55511275,94.40466706
2015-09-07,240.8,14023200,1119.63,14.495,,,46.42,,,0.21507105,16.61262504,,,5.18741922,,,,2.437,2.534,98.81001231,95.02762431
2015-09-08,243.39,14026800,1121.79,14.795,,,48.88,,,0.21696574,16.45082798,,,4.97933715,,,,2.437,2.534,99.87279442,96.04972376
2015-09-09,238.28,14030400,1107.14,14.61,,,48.04,,,0.2152212,16.30937714,,,4.96003331,,,,2.437,2.534,97.77595404,94.03314917
2015-09-10,238.95,14034000,1110.96,14.71,,,47.77,,,0.21508425,16.24405167,,,5.00209336,,,,2.437,2.534,98.05088223,94.29755328
2015-09-11,239.63,14037600,1107.98,14.63,,,46.87,,,0.21627647,16.37935748,,,5.11265202,,,,2.437,2.534,98.32991383,94.56590371
2015-09-12,236.966667,14041200,1108.063333,14.563333,,,46.536667,,,0.21385661,16.27145839,,,5.09204209,,,,2.437,2.534,97.23704021,93.51486464
2015-09-13,234.303333,14044800,1108.146667,14.496667,,,46.203333,,,0.21143711,16.16256571,,,5.07113487,,,,2.437,2.534,96.14416619,92.46382518
2015-09-14,231.64,14048400,1108.23,14.43,,,45.87,,,0.20901798,16.05266805,,,5.0499237,,,,2.375,2.517,97.53263158,92.03019468
2015-09-15,229.54,14052000,1105.19,14.42,,,45.91,,,0.20769279,15.91816921,,,4.99978218,,,,2.375,2.517,96.64842105,91.1958681
2015-09-16,228.3,14055600,1118.96,14.93,,,49.35,,,0.20402874,15.29135968,,,4.62613982,,,,2.375,2.517,96.12631579,90.70321812
2015-09-17,233.04,14059200,1131.11,15.14,,,48.27,,,0.20602771,15.39233818,,,4.82784338,,,,2.375,2.517,98.12210526,92.5864124
2015-09-18,233.13,14062800,1139.55,15.17,,,47.28,,,0.20458076,15.36783125,,,4.93083756,,,,2.375,2.517,98.16,92.62216925
2015-09-19,231.266667,14066400,1137.646667,15.18,,,47.4,,,0.20328514,15.2349583,,,4.87904361,,,,2.375,2.517,97.37543874,91.88187008
2015-09-20,229.403333,14070000,1135.743333,15.19,,,47.52,,,0.20198519,15.10226024,,,4.82751122,,,,2.375,2.517,96.59087705,91.14157052
2015-09-21,227.54,14073600,1133.84,15.2,,,47.64,,,0.20068087,14.96973684,,,4.77623846,,,,2.327,2.493,97.78255264,91.27156037
2015-09-22,229.67,14077200,1125.42,14.77,,,46.69,,,0.20407492,15.54976303,,,4.91904048,,,,2.327,2.493,98.69789428,92.12595267
2015-09-23,229.87,14080800,1130.55,14.79,,,48,,,0.20332581,15.54225828,,,4.78895833,,,,2.327,2.493,98.78384186,92.2061773
2015-09-24,233.97,14084400,1153.56,15.15,,,47.06,,,0.2028243,15.44356436,,,4.97173821,,,,2.327,2.493,100.54576708,93.85078219
2015-09-25,235.26,14088000,1146.81,15.09,,,47.28,,,0.20514296,15.59045726,,,4.97588832,,,,2.327,2.493,101.10012892,94.36823105
2015-09-26,236.486667,14091600,1142.06,14.926667,,,46.866667,,,0.20707027,15.84323325,,,5.04594592,,,,2.327,2.493,101.62727417,94.86027557
2015-09-27,237.713333,14095200,1137.31,14.763333,,,46.453333,,,0.20901367,16.10160341,,,5.11725032,,,,2.327,2.493,102.15441899,95.3523197
2015-09-28,238.94,14098800,1132.56,14.6,,,46.04,,,0.21097337,16.36575342,,,5.18983493,,,,2.322,2.476,102.90267011,96.50242326
2015-09-29,237.33,14102400,1127.87,14.64,,,47.58,,,0.21042319,16.21106557,,,4.98802018,,,,2.322,2.476,102.20930233,95.85218094
2015-09-30,236.647,14106000,1115.34,14.54,,,47.29,,,0.21217476,16.27558459,,,5.00416579,,,,2.322,2.476,101.91515935,95.57633279
2015-10-01,237.86,14109600,1114.07,14.49,,,47.48,,,0.21350544,16.41545894,,,5.00968829,,,,2.322,2.476,102.43755383,96.06623586
2015-10-02,237.26,14113200,1137.99,15.25,,,46.55,,,0.20849041,15.55803279,,,5.09688507,,,,2.322,2.476,102.1791559,95.82390953
2015-10-03,238.223333,14116800,1137.293333,15.386667,,,47.516667,,,0.20946516,15.48245198,,,5.01346892,,,,2.322,2.476,102.59402799,96.21297779
2015-10-04,239.186667,14120400,1136.596667,15.523333,,,48.483333,,,0.21044111,15.40820306,,,4.93337921,,,,2.322,2.476,103.00890052,96.60204645
2015-10-05,240.15,14124000,1135.9,15.66,,,49.45,,,0.21141826,15.33524904,,,4.85642063,,,,2.318,2.492,103.60224331,96.36837881
2015-10-06,245.6,14127600,1147.23,15.898,,,51.34,,,0.21408087,15.44848409,,,4.78379431,,,,2.318,2.492,105.95340811,98.55537721
2015-10-07,243.77,14131200,1145.55,16.06,,,51.66,,,0.21279735,15.17870486,,,4.7187379,,,,2.318,2.492,105.16393443,97.82102729
2015-10-08,243.32,14134800,1139.53,15.7,,,52.13,,,0.21352663,15.49808917,,,4.66756186,,,,2.318,2.492,104.96980155,97.64044944
2015-10-09,244.02,14138400,1157.58,15.83,,,52.08,,,0.21080185,15.41503474,,,4.68548387,,,,2.318,2.492,105.27178602,97.92134831
2015-10-10,244.62,14142000,1159.916667,15.83,,,51.703333,,,0.21089446,15.45293746,,,4.73122303,,,,2.318,2.492,105.53062985,98.16211878
2015-10-11,245.22,14145600,1162.253333,15.83,,,51.326667,,,0.2109867,15.49084018,,,4.77763343,,,,2.318,2.492,105.78947368,98.40288925
2015-10-12,245.82,14149200,1164.59,15.83,,,50.95,,,0.21107858,15.52874289,,,4.82473013,,,,2.337,2.556,105.18613607,96.17370892
2015-10-13,249.17,14152800,1169.19,15.92,,,48.94,,,0.21311335,15.65138191,,,5.09133633,,,,2.337,2.556,106.61959777,97.48435055
2015-10-14,253.48,14156400,1183.79,16.15,,,48.25,,,0.21412582,15.69535604,,,5.2534715,,,,2.337,2.556,108.46384253,99.17057903
2015-10-15,254.41,14160000,1183.65,16.11,,,47.87,,,0.21493685,15.79205462,,,5.31460205,,,,2.337,2.556,108.86178862,99.53442879
2015-10-16,265.32,14163600,1176.38,16.03,,,48.96,,,0.22553937,16.551466,,,5.41911765,,,,2.337,2.556,113.53016688,103.8028169
2015-10-17,264.75,14167200,1174.61,15.97,,,48.476667,,,0.22539396,16.57795867,,,5.46139032,,,,2.337,2.556,113.28626444,103.57981221
2015-10-18,264.18,14170800,1172.84,15.91,,,47.993333,,,0.22524812,16.60465116,,,5.50451455,,,,2.337,2.556,113.042362,103.35680751
2015-10-19,263.61,14174400,1171.07,15.85,,,47.51,,,0.22510183,16.63154574,,,5.5485161,,,,2.277,2.531,115.77075099,104.15250889
2015-10-20,268.7,14178000,1176.09,15.913,,,46.93,,,0.22846891,16.88556526,,,5.72554869,,,,2.277,2.531,118.00614844,106.16357171
2015-10-21,267.71,14181600,1168.32,15.71,,,46.72,,,0.22914099,17.04073838,,,5.73009418,,,,2.277,2.531,117.57136583,105.77242197
2015-10-22,273.89,14185200,1165.97,15.85,,,46.59,,,0.23490313,17.28012618,,,5.87872934,,,,2.277,2.531,120.28546333,108.21414461
2015-10-23,277.29,14188800,1165.02,15.86,,,46.3,,,0.23801308,17.48360656,,,5.98898488,,,,2.277,2.531,121.77865613,109.55748716
2015-10-24,279.953333,14192400,1164.516667,15.86,,,46.39,,,0.24040303,17.65153424,,,6.0347776,,,,2.277,2.531,122.94832367,110.60977203
2015-10-25,282.616667,14196000,1164.013333,15.86,,,46.48,,,0.24279504,17.81946198,,,6.08039301,,,,2.277,2.531,124.11799166,111.66205729
2015-10-26,285.28,14203200,1163.51,15.86,,,46.57,,,0.24518913,17.98738966,,,6.12583208,,,,2.228,2.498,128.04308797,114.20336269
2015-10-27,294.31,14206800,1166.9,15.87,,,45.54,,,0.25221527,18.54505356,,,6.46267018,,,,2.228,2.498,132.09605027,117.8182546
2015-10-28,302.76,14210400,1157.61,15.97,,,47.6,,,0.26153886,18.95804634,,,6.3605042,,,,2.228,2.498,135.88868941,121.20096077
2015-10-29,314.96,14214000,1147.8,15.644,,,48.04,,,0.27440321,20.13295832,,,6.55620316,,,,2.228,2.498,141.36445242,126.08486789
2015-10-30,319.826,14217600,1142.22,15.56,,,48,,,0.28000385,20.55437018,,,6.66304167,,,,2.228,2.498,143.54847397,128.03282626
2015-10-31,333.404,14221200,1139.72,15.513333,,,47.97,,,0.2925315,21.49144868,,,6.95026058,,,,2.228,2.498,149.6427289,133.4683747
2015-11-01,346.982,14224800,1137.22,15.466667,,,47.94,,,0.30511423,22.43418055,,,7.23783897,,,,2.228,2.498,155.73698384,138.90392314
2015-11-02,360.56,14228400,1134.72,15.42,,,47.91,,,0.3177524,23.38261997,,,7.5257775,,,,2.224,2.485,162.12230216,145.0945674
2015-11-03,398.3,14232000,1117.93,15.28,,,48,,,0.35628349,26.06675393,,,8.29791667,,,,2.224,2.485,179.09172662,160.28169014
2015-11-04,388.71,14235600,1107.95,15.11,,,46.96,,,0.35083713,25.72534745,,,8.27747019,,,,2.224,2.485,174.77967626,156.42253521
2015-11-05,390.96,14239200,1104.63,14.99,,,47.19,,,0.35392846,26.08138759,,,8.2848061,,,,2.224,2.485,175.79136691,157.32796781
2015-11-06,372.63,14242800,1088.36,14.76,,,46.09,,,0.34237752,25.24593496,,,8.08483402,,,,2.224,2.485,167.54946043,149.95171026
2015-11-07,375.786667,14246400,1089.666667,14.693333,,,45.853333,,,0.34486387,25.57531821,,,8.19540571,,,,2.224,2.485,168.96882509,151.22199879
2015-11-08,378.943333,14250000,1090.973333,14.626667,,,45.616667,,,0.34734427,25.90770221,,,8.30712452,,,,2.224,2.485,170.3881893,152.49228692
2015-11-09,382.1,14253600,1092.28,14.56,,,45.38,,,0.34981873,26.24313187,,,8.42000881,,,,2.235,2.502,170.96196868,152.71782574
2015-11-10,331.42,14257200,1090.32,14.43,,,46.44,,,0.30396581,22.96742897,,,7.13652024,,,,2.235,2.502,148.28635347,132.46203038
2015-11-11,307.48,14260800,1086.46,14.325,,,44.98,,,0.28301088,21.46457243,,,6.83592708,,,,2.235,2.502,137.57494407,122.89368505
2015-11-12,332.98,14264400,1085.8,14.31,,,44.98,,,0.30666789,23.26904263,,,7.40284571,,,,2.235,2.502,148.98434004,133.08553157
2015-11-13,331.97,14268000,1082.07,14.236,,,41.98,,,0.30679161,23.3190503,,,7.90781324,,,,2.235,2.502,148.53243848,132.68185452
2015-11-14,331.243333,14271600,1082.693333,14.240667,,,41.413333,,,0.30594382,23.2603805,,,7.99847076,,,,2.235,2.502,148.20730783,132.39142006
2015-11-15,330.516667,14275200,1083.316667,14.245333,,,40.846667,,,0.305097,23.20175085,,,8.09164349,,,,2.235,2.502,147.88217763,132.10098601
2015-11-16,329.79,14278800,1083.94,14.25,,,40.28,,,0.30425116,23.14315789,,,8.18743793,,,,2.178,2.482,151.41873278,132.87268332
2015-11-17,337.33,14282400,1071.24,14.22,,,41.28,,,0.31489676,23.72222222,,,8.17175388,,,,2.178,2.482,154.88062443,135.910556
2015-11-18,336.04,14286000,1070.7,14.188,,,41.45,,,0.31385075,23.68480406,,,8.10711701,,,,2.178,2.482,154.28833792,135.39081386
2015-11-19,327.15,14289600,1082.07,14.28,,,42.22,,,0.30233719,22.90966387,,,7.7486973,,,,2.178,2.482,150.20661157,131.80902498
2015-11-20,319.3,14293200,1077.73,14.16,,,42.49,,,0.29627087,22.54943503,,,7.51470934,,,,2.178,2.482,146.60238751,128.64625302
2015-11-21,320.613333,14296800,1074.696667,14.153333,,,42.893333,,,0.29832914,22.65285025,,,7.47466589,,,,2.178,2.482,147.20538705,129.17539605
2015-11-22,321.926667,14300400,1071.663333,14.146667,,,43.296667,,,0.30039907,22.75636141,,,7.43536834,,,,2.178,2.482,147.80838705,129.70453948
2015-11-23,323.24,14304000,1068.63,14.14,,,43.7,,,0.30248075,22.85997171,,,7.39679634,,,,2.094,2.445,154.36485196,132.20449898
2015-11-24,320.03,14307600,1075.6,14.201,,,44.38,,,0.29753626,22.53573692,,,7.21113114,,,,2.094,2.445,152.83190067,130.89161554
2015-11-25,327.7,14311200,1072.13,14.2,,,43.56,,,0.30565323,23.07746479,,,7.52295684,,,,2.094,2.445,156.4947469,134.02862986
2015-11-26,351.47,14314800,1072.22,14.28,,,43.55,,,0.32779653,24.6127451,,,8.07049369,,,,2.094,2.445,167.84622732,143.75051125
2015-11-27,358.73,14318400,1058.63,14.1,,,43.07,,,0.33886249,25.44184397,,,8.3289993,,,,2.094,2.445,171.31327603,146.7198364
2015-11-28,365.234333,14322000,1060.64,14.093833,,,43.29,,,0.34435278,25.91447855,,,8.43692153,,,,2.094,2.445,174.41945224,149.3800953
2015-11-29,371.738667,14325600,1062.65,14.087667,,,43.51,,,0.3498223,26.38752513,,,8.5437524,,,,2.094,2.445,177.52562894,152.0403546
2015-11-30,378.243,14329200,1064.66,14.0815,,,43.73,,,0.35527117,26.86098782,,,8.64950835,,,,2.059,2.421,183.70228266,156.23420074
2015-12-01,363.174,14332800,1069.24,14.1975,,,42.97,,,0.3396562,25.58013735,,,8.45180358,,,,2.059,2.421,176.3836814,150.00991326
2015-12-02,359.751,14336400,1054.13,14.02,,,41.92,,,0.34127764,25.65984308,,,8.58184637,,,,2.059,2.421,174.7212239,148.5960347
2015-12-03,361.115,14340000,1061.79,14.11,,,42,,,0.34010021,25.59284196,,,8.59797619,,,,2.059,2.421,175.3836814,149.15943825
2015-12-04,362.04,14343600,1087.07,14.55,,,41.44,,,0.33304203,24.88247423,,,8.73648649,,,,2.059,2.421,175.83292861,149.54151177
2015-12-05,373.43,14347200,1081.826667,14.46,,,40.856667,,,0.34518469,25.82503458,,,9.14000156,,,,2.059,2.421,181.36474017,154.24617926
2015-12-06,384.82,14350800,1076.583333,14.37,,,40.273333,,,0.35744562,26.77940153,,,9.55520617,,,,2.059,2.421,186.89655172,158.95084676
2015-12-07,396.21,14354400,1071.34,14.28,,,39.69,,,0.36982657,27.74579832,,,9.98261527,,,,2.053,2.379,192.99074525,166.54476671
2015-12-08,395.77,14358000,1075.03,14.18,,,39.44,,,0.36814787,27.91043724,,,10.03473631,,,,2.053,2.379,192.77642474,166.35981505
2015-12-09,417.29,14361600,1073.22,14.17,,,39.04,,,0.38882056,29.44883557,,,10.68878074,,,,2.053,2.379,203.25864588,175.40563262
2015-12-10,416.025,14365200,1072.08,14.13,,,38.65,,,0.38805406,29.44267516,,,10.76390686,,,,2.053,2.379,202.64247443,174.8738966
2015-12-11,451.569,14368800,1077.26,13.9495,,,36.99,,,0.41918293,32.37169791,,,12.20786699,,,,2.053,2.379,219.95567462,189.81462799
2015-12-12,448.716,14372400,1071.57,13.859667,,,36.83,,,0.41874633,32.37566963,,,12.18343742,,,,2.053,2.379,218.56600097,188.61538462
2015-12-13,445.863,14376000,1065.88,13.769833,,,36.67,,,0.41830506,32.37969553,,,12.15879466,,,,2.053,2.379,217.17632733,187.41614124
2015-12-14,443.01,14379600,1060.19,13.68,,,36.51,,,0.41785906,32.38377193,,,12.13393591,,,,2.037,2.338,217.48159057,189.48246364
2015-12-15,463.84,14383200,1061.73,13.77,,,37.66,,,0.4368719,33.68482208,,,12.3165162,,,,2.037,2.338,227.70741286,198.39178785
2015-12-16,454.483,14386800,1072.26,14.17,,,36.96,,,0.42385522,32.07360621,,,12.29661797,,,,2.037,2.338,223.11389298,194.38964927
2015-12-17,455.685,14390400,1051.58,13.73,,,36.29,,,0.43333365,33.18900218,,,12.55676495,,,,2.037,2.338,223.70397644,194.9037639
2015-12-18,463.865,14394000,1066.65,14.1,,,36.76,,,0.43488023,32.89822695,,,12.6187432,,,,2.037,2.338,227.71968581,198.40248075
2015-12-19,454.145667,14397600,1071.193333,14.15,,,36.286667,,,0.42396237,32.09510014,,,12.51549686,,,,2.037,2.338,222.94829013,194.24536655
2015-12-20,444.426333,14401200,1075.736667,14.2,,,35.813333,,,0.41313673,31.29762908,,,12.4095217,,,,2.037,2.338,218.17689396,190.08825192
2015-12-21,434.707,14404800,1080.28,14.25,,,35.34,,,0.40240215,30.50575439,,,12.30070741,,,,2.026,2.284,214.56416584,190.32705779
2015-12-22,435.426,14408400,1072.47,14.2575,,,35.26,,,0.40600297,30.54013677,,,12.34900737,,,,2.026,2.284,214.91905232,190.64185639
2015-12-23,442.654,14412000,1071.13,14.32,,,35.79,,,0.41325889,30.91159218,,,12.36809165,,,,2.026,2.284,218.48667325,193.80647986
2015-12-24,454.38,14415600,1076.88,14.3805,,,37.22,,,0.42194116,31.59695421,,,12.20795271,,,,2.026,2.284,224.27443238,198.94045534
2015-12-25,446.03925,14419200,1075.1175,14.270375,,,37.185,,,0.41487489,31.25630896,,,11.99513917,,,,2.026,2.284,220.15757651,195.28863835
2015-12-26,437.6985,14422800,1073.355,14.16025,,,37.15,,,0.4077854,30.91036528,,,11.78192463,,,,2.026,2.284,216.04072063,191.63682137
2015-12-27,429.35775,14426400,1071.5925,14.050125,,,37.115,,,0.4006726,30.55899859,,,11.56830796,,,,2.026,2.284,211.92386476,187.98500438
2015-12-28,421.017,14430000,1069.83,13.94,,,37.08,,,0.39353636,30.20208034,,,11.35428803,,,,2.034,2.237,206.98967552,188.20607957
2015-12-29,429.387,14433600,1069.11,13.9625,,,36.85,,,0.40163033,30.75287377,,,11.65229308,,,,2.034,2.237,211.10471976,191.94769781
2015-12-30,427.077,14437200,1061.53,13.89,,,35.65,,,0.40232212,30.74708423,,,11.9797195,,,,2.034,2.237,209.96902655,190.91506482
2015-12-31,430.496,14440800,1061.46,13.8425,,,36.61,,,0.40556969,31.09958461,,,11.75897296,,,,2.034,2.237,211.64995084,192.44345105
2016-01-01,431.6245,14444400,1064.7,13.849375,,,36.5275,,,0.40539542,31.16563022,,,11.81642598,,,,2.034,2.237,212.20476893,192.94792132
2016-01-02,432.753,14448000,1067.94,13.85625,,,36.445,,,0.4052222,31.23161028,,,11.87413911,,,,2.034,2.237,212.75958702,193.4523916
2016-01-03,433.8815,14451600,1071.18,13.863125,,,36.3625,,,0.40505004,31.29752491,,,11.93211413,,,,2.034,2.237,213.31440511,193.95686187
2016-01-04,435.01,14455200,1074.42,13.87,,,36.28,,,0.40487891,31.36337419,,,11.99035281,,,,2.028,2.211,214.50197239,196.74807779
2016-01-05,432.283,14458800,1077.94,13.99,,,35.56,,,0.40102696,30.89942816,,,12.15643982,,,,2.028,2.211,213.15729783,195.51469923
2016-01-06,431.332,14462400,1093.77,14.01,,,33.89,,,0.39435347,30.78743754,,,12.72741222,,,,2.028,2.211,212.68836292,195.08457711
2016-01-07,456.121,14466000,1109.92,14.31,,,33.57,,,0.41094944,31.87428372,,,13.58716116,,,,2.028,2.211,224.9117357,206.29624604
2016-01-08,452.817,14469600,1103.96,13.96,,,31.67,,,0.41017519,32.43674785,,,14.29797916,,,,2.028,2.211,223.28254438,204.80189959
2016-01-09,451.354667,14473200,1100.826667,13.926667,,,31.16,,,0.41001429,32.40938173,,,14.48506634,,,,2.028,2.211,222.56147288,204.14050972
2016-01-10,449.892333,14476800,1097.693333,13.893333,,,30.65,,,0.40985248,32.38188655,,,14.67837954,,,,2.028,2.211,221.84040089,203.4791194
2016-01-11,448.43,14480400,1094.56,13.86,,,30.14,,,0.40968974,32.35425685,,,14.8782349,,,,1.996,2.177,224.66432866,205.98530087
2016-01-12,445.931,14484000,1086.41,13.78,,,29.14,,,0.4104629,32.3607402,,,15.30305422,,,,1.996,2.177,223.41232465,204.8373909
2016-01-13,432.638,14487600,1093.66,14.165,,,28.58,,,0.39558729,30.54274621,,,15.13778866,,,,1.996,2.177,216.75250501,198.73128158
2016-01-14,430.163,14491200,1079.23,13.84,,,28.84,,,0.39858325,31.08114162,,,14.91549931,,,,1.996,2.177,215.51252505,197.59439596
2016-01-15,389.879,14494800,1088.11,13.89,,,28.8,,,0.35830844,28.06904248,,,13.53746528,,,,1.996,2.177,195.33016032,179.09003215
2016-01-16,388.366667,14498400,1088.44,13.908333,,,28.32,,,0.35681036,27.92330806,,,13.71351225,,,,1.996,2.177,194.57247846,178.39534543
2016-01-17,386.854333,14502000,1088.77,13.926667,,,27.84,,,0.35531318,27.77795527,,,13.89562978,,,,1.996,2.177,193.81479609,177.70065825
2016-01-18,385.342,14505600,1089.1,13.945,,,27.36,,,0.35381691,27.63298673,,,14.08413743,,,,1.914,2.112,201.32810867,182.45359848
2016-01-19,380.3,14509200,1087.83,14.03,,,27.36,,,0.34959507,27.106201,,,13.8998538,,,,1.914,2.112,198.6938349,180.06628788
2016-01-20,415.628,14512800,1101.32,14.14,,,26.01,,,0.37739077,29.39377652,,,15.97954633,,,,1.914,2.112,217.15151515,196.79356061
2016-01-21,412.15,14516400,1101.41,14.1,,,27.59,,,0.37420216,29.23049645,,,14.93838347,,,,1.914,2.112,215.33437827,195.1467803
2016-01-22,379.867,14520000,1097.66,14.04,,,30.46,,,0.34606982,27.05605413,,,12.47101116,,,,1.914,2.112,198.46760711,179.86126894
2016-01-23,384.2,14523600,1101.09,14.103333,,,30.246667,,,0.34892697,27.24178746,,,12.702226,,,,1.914,2.112,200.73145246,181.91287879
2016-01-24,388.533,14527200,1104.52,14.166667,,,30.033333,,,0.35176638,27.42585818,,,12.936726,,,,1.914,2.112,202.99529781,183.96448864
2016-01-25,392.866,14530800,1107.95,14.23,,,29.82,,,0.3545882,27.60829234,,,13.17458082,,,,1.856,2.071,211.67349138,189.69869628
2016-01-26,393.84,14534400,1120.08,14.5,,,30.94,,,0.35161774,27.16137931,,,12.7291532,,,,1.856,2.071,212.19827586,190.16900048
2016-01-27,394.54,14538000,1125.06,14.4805,,,31.83,,,0.35068352,27.24629674,,,12.39522463,,,,1.856,2.071,212.57543103,190.50700145
2016-01-28,379.089,14541600,1115.13,14.24,,,33.01,,,0.3399505,26.62141854,,,11.48406543,,,,1.856,2.071,204.25053879,183.04635442
2016-01-29,375.235,14545200,1117.69,14.27,,,33.14,,,0.33572368,26.29537491,,,11.32272179,,,,1.856,2.071,202.17403017,181.18541767
2016-01-30,373.732333,14548800,1121.093333,14.296667,,,32.91,,,0.33336416,26.1412211,,,11.35619365,,,,1.856,2.071,201.36440356,180.45984211
2016-01-31,372.229667,14552400,1124.496667,14.323333,,,32.68,,,0.33101892,25.98764317,,,11.39013669,,,,1.856,2.071,200.55477748,179.73426702
2016-02-01,370.727,14556000,1127.9,14.35,,,32.45,,,0.32868783,25.83463415,,,11.42456086,,,,1.822,2.031,203.47255763,182.5342196
2016-02-02,373.315,14559600,1129.07,14.3075,,,30.98,,,0.33063938,26.0922593,,,12.05019367,,,,1.822,2.031,204.89297475,183.80846873
2016-02-03,367.634,14563200,1142.65,14.68,,,32.38,,,0.32173807,25.04318801,,,11.35373687,,,,1.822,2.031,201.77497256,181.01132447
2016-02-04,388.727,14566800,1156.09,14.86,,,32.76,,,0.33624285,26.15928668,,,11.86590354,,,,1.822,2.031,213.3518112,191.39684884
2016-02-05,386.354,14570400,1173.45,15.01,,,32.35,,,0.32924624,25.73977348,,,11.94293663,,,,1.822,2.031,212.04939627,190.22845889
2016-02-06,381.310333,14574000,1178.773333,15.113333,,,32.113333,,,0.32348062,25.23006229,,,11.87389465,,,,1.822,2.031,209.28119265,187.74511718
2016-02-07,376.266667,14577600,1184.096667,15.216667,,,31.876667,,,0.31776685,24.72727221,,,11.80382714,,,,1.822,2.031,206.51298957,185.26177597
2016-02-08,371.223,14581200,1189.42,15.32,,,31.64,,,0.31210422,24.23126632,,,11.73271176,,,,1.759,2.008,211.04206936,184.87201195
2016-02-09,373.888,14584800,1189.08,15.2455,,,30.15,,,0.31443469,24.52448263,,,12.40092869,,,,1.759,2.008,212.55713474,186.19920319
2016-02-10,379.276,14588400,1195.8,15.27,,,29.64,,,0.31717344,24.83798297,,,12.79608637,,,,1.759,2.008,215.62023877,188.88247012
2016-02-11,376.676,14592000,1247.25,15.75,,,28.82,,,0.30200521,23.91593651,,,13.06995142,,,,1.759,2.008,214.14212621,187.5876494
2016-02-12,382.044,14595600,1238.61,15.73,,,31.8,,,0.30844576,24.28760331,,,12.01396226,,,,1.759,2.008,217.19386015,190.26095618
2016-02-13,387.482333,14599200,1228.913333,15.597833,,,31.6225,,,0.31530485,24.84206191,,,12.25337443,,,,1.759,2.008,220.28557874,192.96928934
2016-02-14,392.920667,14602800,1219.216667,15.465667,,,31.445,,,0.32227304,25.40599555,,,12.49548949,,,,1.759,2.008,223.3772979,195.67762301
2016-02-15,398.359,14606400,1209.52,15.3335,,,31.2675,,,0.32935297,25.9796524,,,12.7403534,,,,1.724,1.98,231.06670534,201.19141414
2016-02-16,406.868,14610000,1200.8,15.22,,,31.09,,,0.33883078,26.73245729,,,13.08678032,,,,1.724,1.98,236.00232019,205.48888889
2016-02-17,418.918,14613600,1209.41,15.28,,,33.21,,,0.34638212,27.41609948,,,12.61421259,,,,1.724,1.98,242.99187935,211.57474747
2016-02-18,422.386,14617200,1230.9,15.4035,,,33.2,,,0.34315217,27.42143019,,,12.72246988,,,,1.724,1.98,245.00348028,213.32626263
2016-02-19,419.147,14620800,1229.46,15.37,,,31.66,,,0.34091959,27.27046194,,,13.23900821,,,,1.724,1.98,243.12470998,211.69040404
2016-02-20,425.278333,14624400,1222.433333,15.306667,,,32.303333,,,0.34789491,27.78386261,,,13.16515336,,,,1.724,1.98,246.68116763,214.78703687
2016-02-21,431.409667,14628000,1215.406667,15.243333,,,32.946667,,,0.35495088,28.30153136,,,13.09418239,,,,1.724,1.98,250.23762587,217.8836702
2016-02-22,437.541,14631600,1208.38,15.18,,,33.59,,,0.36208891,28.82351779,,,13.02593034,,,,1.73,1.983,252.91387283,220.64599092
2016-02-23,420.716,14635200,1226.09,15.29,,,31.9,,,0.34313631,27.51576194,,,13.18858934,,,,1.73,1.983,243.18843931,212.16137166
2016-02-24,423.531,14638800,1228.87,15.23,,,31.5,,,0.34465078,27.8089954,,,13.44542857,,,,1.73,1.983,244.81560694,213.58093797
2016-02-25,422.958,14642400,1233.17,15.1575,,,32.83,,,0.34298434,27.90420584,,,12.88327749,,,,1.73,1.983,244.48439306,213.29198185
2016-02-26,423.549,14646000,1224.01,14.73,,,35.76,,,0.34603394,28.75417515,,,11.84421141,,,,1.73,1.983,244.82601156,213.59001513
2016-02-27,428.098333,14649600,1228.96,14.786667,,,35.813333,,,0.34834196,28.95164495,,,11.95360211,,,,1.73,1.983,247.45568382,215.88418205
2016-02-28,432.647667,14653200,1233.91,14.843333,,,35.866667,,,0.35063146,29.14760903,,,12.06266718,,,,1.73,1.983,250.08535665,218.17834947
2016-02-29,437.197,14656800,1238.86,14.9,,,35.92,,,0.35290267,29.34208054,,,12.17140869,,,,1.783,1.989,245.2030286,219.80744093
2016-03-01,432.208,14660400,1232.66,14.82,,,35.73,,,0.35063034,29.16383266,,,12.09650154,,,,1.783,1.989,242.4049355,217.2991453
2016-03-02,424.845,14664000,1239.83,14.95,,,36.38,,,0.34266391,28.41772575,,,11.67798241,,,,1.783,1.989,238.27537858,213.59728507
2016-03-03,420.186,14667600,1264.87,15.22,,,35.75,,,0.33219698,27.60749014,,,11.75345455,,,,1.783,1.989,235.6623668,211.25490196
2016-03-04,412.882,14671200,1261.55,15.49,,,37.61,,,0.32728152,26.654745,,,10.97798458,,,,1.783,1.989,231.56590017,207.58270488
2016-03-05,413.172333,14674800,1263.546667,15.541667,,,38.08,,,0.32699412,26.58481442,,,10.85011379,,,,1.783,1.989,231.72873416,207.72867421
2016-03-06,413.462667,14678400,1265.543333,15.593333,,,38.55,,,0.32670763,26.51534903,,,10.72536101,,,,1.783,1.989,231.8915687,207.87464404
2016-03-07,413.753,14682000,1267.54,15.645,,,39.02,,,0.32642205,26.44634068,,,10.60361353,,,,1.841,2.021,224.7436176,204.72686789
2016-03-08,411.828,14685600,1261.67,15.35,,,39.16,,,0.32641499,26.82918567,,,10.5165475,,,,1.841,2.021,223.69799022,203.77436912
2016-03-09,411.929,14689200,1253.93,15.32,,,40.26,,,0.32851036,26.88831593,,,10.23171883,,,,1.841,2.021,223.75285171,203.82434438
2016-03-10,416.112,14692800,1272.29,15.6025,,,38.63,,,0.32705751,26.66957218,,,10.77173181,,,,1.841,2.021,226.02498642,205.89411183
2016-03-11,418.848,14696400,1250.22,15.48,,,39.41,,,0.33501944,27.05736434,,,10.62796245,,,,1.841,2.021,227.51113525,207.24789708
2016-03-12,417.269667,14700000,1244.793333,15.436667,,,38.96,,,0.335212,27.03107264,,,10.71020706,,,,1.841,2.021,226.65381152,206.46693073
2016-03-13,415.691333,14703600,1239.366667,15.393333,,,38.51,,,0.33540626,27.0046346,,,10.79437375,,,,1.841,2.021,225.79648724,205.68596388
2016-03-14,414.113,14707200,1233.94,15.35,,,38.06,,,0.33560222,26.9780456,,,10.88053074,,,,1.961,2.099,211.17440082,197.29061458
2016-03-15,415.489,14710800,1233.46,15.281,,,37.49,,,0.33684838,27.18990904,,,11.08266204,,,,1.961,2.099,211.87608363,197.94616484
2016-03-16,416.198,14714400,1260.7,15.6,,,38.38,,,0.33013247,26.67935897,,,10.84413757,,,,1.961,2.099,212.23763386,198.28394474
2016-03-17,418.445,14718000,1257.17,15.93,,,39.29,,,0.33284679,26.26773384,,,10.65016544,,,,1.961,2.099,213.38347782,199.3544545
2016-03-18,405.499,14721600,1255.67,15.81,,,39.26,,,0.32293437,25.64826059,,,10.32855323,,,,1.961,2.099,206.78174401,193.1867556
2016-03-19,407.349,14725200,1251.676667,15.82,,,39.476667,,,0.32544267,25.74898862,,,10.31872828,,,,1.961,2.099,207.72514023,194.06812768
2016-03-20,409.199,14728800,1247.683333,15.83,,,39.693333,,,0.32796703,25.84958939,,,10.30901084,,,,1.961,2.099,208.66853646,194.94949976
2016-03-21,411.049,14732400,1243.69,15.84,,,39.91,,,0.3305076,25.95006313,,,10.29939865,,,,2.007,2.119,204.80767314,193.98253893
2016-03-22,416.302,14736000,1248.76,15.885,,,40.54,,,0.33337231,26.20723953,,,10.26891959,,,,2.007,2.119,207.42501246,196.46153846
2016-03-23,418.043,14739600,1222.44,15.28,,,38.84,,,0.34197425,27.35883508,,,10.76320803,,,,2.007,2.119,208.29247633,197.28315243
2016-03-24,414.886,14743200,1217.18,15.21,,,38.33,,,0.34085838,27.27718606,,,10.82405427,,,,2.007,2.119,206.71948181,195.79329873
2016-03-25,416.73,14746800,1218.3775,15.22,,,38.33,,,0.34203685,27.3804205,,,10.8721628,,,,2.007,2.119,207.63826607,196.66352053
2016-03-26,418.574,14750400,1219.575,15.23,,,38.33,,,0.343213,27.48351937,,,10.92027133,,,,2.007,2.119,208.55705032,197.53374233
2016-03-27,420.418,14754000,1220.7725,15.24,,,38.33,,,0.34438685,27.58648294,,,10.96837986,,,,2.007,2.119,209.47583458,198.40396413
2016-03-28,422.262,14754000,1221.97,15.25,,,38.33,,,0.3455584,27.68931148,,,11.01648839,,,,2.066,2.121,204.38625363,199.08628006
2016-03-29,414.766,14757600,1242.05,15.34,,,36.75,,,0.33393664,27.03820078,,,11.28614966,,,,2.066,2.121,200.75798645,195.55209807
2016-03-30,412.933,14761200,1225.37,15.22,,,36.75,,,0.33698638,27.13094612,,,11.23627211,,,,2.066,2.121,199.87076476,194.68788307
2016-03-31,416.095,14764800,1232.95,15.44,,,36.75,,,0.33747922,26.94915803,,,11.32231293,,,,2.066,2.121,201.40125847,196.1786893
2016-04-01,416.129,14768400,1223.75,15.07,,,36.42,,,0.34004413,27.61307233,,,11.42583745,,,,2.066,2.121,201.41771539,196.19471947
2016-04-02,417.117333,14772000,1221.03,15.021833,,,36.296667,,,0.34161104,27.76740582,,,11.49189078,,,,2.066,2.121,201.89609535,196.66069448
2016-04-03,418.105667,14775600,1218.31,14.973667,,,36.173333,,,0.34318496,27.92273042,,,11.55839488,,,,2.066,2.121,202.3744758,197.12666997
2016-04-04,419.094,14779200,1215.59,14.9255,,,36.05,,,0.34476592,28.07905933,,,11.62535368,,,,2.083,2.115,201.19731157,198.15319149
2016-04-05,421.514,14782800,1231.32,15.14,,,35.88,,,0.34232693,27.84108322,,,11.74788183,,,,2.083,2.115,202.35909746,199.29739953
2016-04-06,421.923,14786400,1222.73,15.07,,,37.77,,,0.34506637,27.99754479,,,11.17084988,,,,2.083,2.115,202.55544887,199.49078014
2016-04-07,421.674,14790000,1240.42,15.2275,,,37.15,,,0.33994453,27.69161057,,,11.35057873,,,,2.083,2.115,202.43590975,199.37304965
2016-04-08,418.375,14793600,1239.8,15.365,,,40.71,,,0.33745362,27.22909209,,,10.27695898,,,,2.083,2.115,200.85213634,197.81323877
2016-04-09,419.640667,14797200,1245.9,15.55,,,41,,,0.33681729,26.98653807,,,10.23513822,,,,2.083,2.115,201.45975372,198.41166288
2016-04-10,420.906333,14800800,1252,15.735,,,41.29,,,0.33618717,26.74968751,,,10.19390489,,,,2.083,2.115,202.06737062,199.01008652
2016-04-11,422.172,14804400,1258.1,15.92,,,41.58,,,0.33556315,26.51834171,,,10.15324675,,,,2.069,2.128,204.04639923,198.38909774
2016-04-12,425.858,14808000,1255.49,16.1925,,,43.02,,,0.33919665,26.29970665,,,9.8990702,,,,2.069,2.128,205.8279362,200.1212406
2016-04-13,424.556,14811600,1242.88,16.22,,,42.81,,,0.3415905,26.17484587,,,9.9172156,,,,2.069,2.128,205.19864669,199.5093985
2016-04-14,424.827,14815200,1227.85,16.16,,,43.02,,,0.34599259,26.2887995,,,9.8751046,,,,2.069,2.128,205.32962784,199.63674812
2016-04-15,429.609,14818800,1234.26,16.24,,,41.32,,,0.3480701,26.45375616,,,10.39712004,,,,2.069,2.128,207.64088932,201.88392857
2016-04-16,429.130667,14822400,1233.59,16.23,,,41.426667,,,0.34787139,26.4405833,,,10.35880263,,,,2.069,2.128,207.40969889,201.65914803
2016-04-17,428.652333,14826000,1232.92,16.22,,,41.533333,,,0.34767246,26.42739414,,,10.32068226,,,,2.069,2.128,207.17850797,201.43436701
2016-04-18,428.174,14829600,1232.25,16.21,,,41.64,,,0.34747332,26.41418877,,,10.28275696,,,,2.137,2.165,200.36218999,197.77090069
2016-04-19,431.742,14833200,1250.29,16.94,,,43.02,,,0.34531349,25.48654073,,,10.03584379,,,,2.137,2.165,202.03182031,199.41893764
2016-04-20,442.048,14836800,1244.09,16.96,,,43.09,,,0.35531835,26.06415094,,,10.25871432,,,,2.137,2.165,206.85446888,204.17921478
2016-04-21,449.984,14840400,1248.33,17,,,43.48,,,0.36046879,26.46964706,,,10.34921803,,,,2.137,2.165,210.5680861,207.8448037
2016-04-22,449.398,14844000,1233.84,16.96,,,43.97,,,0.36422713,26.49752358,,,10.22055947,,,,2.137,2.165,210.29386991,207.57413395
2016-04-23,455.325667,14847600,1235.333333,16.973333,,,43.636667,,,0.36858527,26.8259432,,,10.43447399,,,,2.137,2.165,213.0676963,210.31208637
2016-04-24,461.253333,14851200,1236.826667,16.986667,,,43.303333,,,0.37293288,27.1538456,,,10.65168201,,,,2.137,2.165,215.84152223,213.05003834
2016-04-25,467.181,14854800,1238.32,17,,,42.97,,,0.37727001,27.48123529,,,10.87225972,,,,2.162,2.198,216.08741906,212.54822566
2016-04-26,467.902,14858400,1243.64,17.16,,,43.94,,,0.37623589,27.26701632,,,10.64865726,,,,2.162,2.198,216.42090657,212.87625114
2016-04-27,450.369,14862000,1245.78,17.24,,,44.17,,,0.36151568,26.12349188,,,10.19626443,,,,2.162,2.198,208.31128585,204.89945405
2016-04-28,449.176,14865600,1266.25,17.56,,,45.6,,,0.35472932,25.57949886,,,9.85035088,,,,2.162,2.198,207.75948196,204.3566879
2016-04-29,455.726,14869200,1293.03,17.82,,,45.64,,,0.35244813,25.57384961,,,9.98523225,,,,2.162,2.198,210.78908418,207.3366697
2016-04-30,452.308667,14872800,1292.636667,17.73,,,45.7,,,0.34991168,25.51092312,,,9.89734501,,,,2.162,2.198,209.20844912,205.78192311
2016-05-01,448.891333,14876400,1292.243333,17.64,,,45.76,,,0.34737369,25.44735448,,,9.80968822,,,,2.162,2.198,207.6278136,204.22717607
2016-05-02,445.474,14880000,1291.85,17.55,,,45.82,,,0.34483415,25.3831339,,,9.72226102,,,,2.24,2.266,198.87232143,196.59046778
2016-05-03,450.735,14883600,1286.62,17.42,,,43.09,,,0.35032488,25.87456946,,,10.46031562,,,,2.24,2.266,201.22098214,198.91218005
2016-05-04,447.027,14887200,1279.7,17.3825,,,43.08,,,0.34932172,25.71707177,,,10.37667131,,,,2.24,2.266,199.565625,197.27581642
2016-05-05,449.095,14890800,1278.12,17.35,,,44.39,,,0.35137155,25.88443804,,,10.11703086,,,,2.24,2.266,200.48883929,198.18843778
2016-05-06,456.579,14894400,1288.89,17.47,,,44.6,,,0.35424202,26.13503148,,,10.23719731,,,,2.24,2.266,203.82991071,201.49117387
2016-05-07,457.656667,14898000,1280.623333,17.323333,,,43.876667,,,0.35737024,26.41851121,,,10.43052488,,,,2.24,2.266,204.31101205,201.96675508
2016-05-08,458.734333,14901600,1272.356667,17.176667,,,43.153333,,,0.3605391,26.70683043,,,10.63033377,,,,2.24,2.266,204.79211295,202.44233583
2016-05-09,459.812,14905200,1264.09,17.03,,,42.43,,,0.36374942,27.00011744,,,10.83695498,,,,2.22,2.271,207.12252252,202.47115808
2016-05-10,452.202,14908800,1265.96,17.11,,,44.01,,,0.35720086,26.42910579,,,10.27498296,,,,2.22,2.271,203.69459459,199.12021136
2016-05-11,451.896,14912400,1277.28,17.42,,,46.08,,,0.35379557,25.94121699,,,9.80677083,,,,2.22,2.271,203.55675676,198.98546896
2016-05-12,452.509,14916000,1263.55,16.97,,,46.43,,,0.35812512,26.66523276,,,9.74604781,,,,2.22,2.271,203.83288288,199.2553941
2016-05-13,455.602,14919600,1273.9,17.1,,,47.05,,,0.35764346,26.64339181,,,9.68335813,,,,2.22,2.271,205.22612613,200.61734919
2016-05-14,455.174,14923200,1274.026667,17.113333,,,47.53,,,0.35727196,26.5976242,,,9.57656217,,,,2.22,2.271,205.03333333,200.42888595
2016-05-15,454.746,14926800,1274.153333,17.126667,,,48.01,,,0.35690053,26.5519263,,,9.47190169,,,,2.22,2.271,204.84054054,200.24042272
2016-05-16,454.318,14930400,1274.28,17.14,,,48.49,,,0.35652918,26.50630105,,,9.36931326,,,,2.242,2.297,202.63960749,197.78754898
2016-05-17,453.453,14934000,1279.1,17.25,,,48.71,,,0.35450942,26.28713043,,,9.30923835,,,,2.242,2.297,202.25379126,197.41097083
2016-05-18,454.649,14937600,1258.75,16.91,,,48.93,,,0.36119086,26.88639858,,,9.29182506,,,,2.242,2.297,202.78724353,197.93164998
2016-05-19,441.969,14941200,1255.41,16.5,,,47.01,,,0.35205152,26.786,,,9.40159541,,,,2.242,2.297,197.13157895,192.41140618
2016-05-20,441.911,14944800,1252.7,16.52,,,48.54,,,0.35276682,26.75006053,,,9.10405851,,,,2.242,2.297,197.10570919,192.38615586
2016-05-21,442.198,14948400,1251.47,16.476667,,,48.283333,,,0.35334287,26.83783073,,,9.15839841,,,,2.242,2.297,197.23371989,192.51110144
2016-05-22,442.485,14952000,1250.24,16.433333,,,48.026667,,,0.35392005,26.92606545,,,9.21331893,,,,2.242,2.297,197.3617306,192.63604702
2016-05-23,442.772,14955600,1249.01,16.39,,,47.77,,,0.35449836,27.0147651,,,9.26882981,,,,2.3,2.357,192.50956522,187.85405176
2016-05-24,445.732,14959200,1227.09,16.23,,,48.42,,,0.36324312,27.46346272,,,9.2055349,,,,2.3,2.357,193.79652174,189.10988545
2016-05-25,448.873,14962800,1224.16,16.295,,,48.87,,,0.36667838,27.54667076,,,9.18504195,,,,2.3,2.357,195.16217391,190.44251167
2016-05-26,453.741,14966400,1220.47,16.33,,,49.52,,,0.37177563,27.78573178,,,9.16278271,,,,2.3,2.357,197.27869565,192.50784896
2016-05-27,473.149,14970000,1210.39,16.19,,,49.09,,,0.39090624,29.22476838,,,9.63839886,,,,2.3,2.357,205.71695652,200.74204497
2016-05-28,492.869667,14973600,1208.836667,16.125,,,49.1325,,,0.4077223,30.56556074,,,10.0314388,,,,2.3,2.357,214.29115957,209.10889563
2016-05-29,512.590333,14977200,1207.283333,16.06,,,49.175,,,0.42458164,31.91720629,,,10.42379935,,,,2.3,2.357,222.86536217,217.47574586
2016-05-30,532.311,14980800,1205.73,15.995,,,49.2175,,,0.44148441,33.27983745,,,10.8154823,,,,2.339,2.382,227.58059,223.47229219
2016-05-31,527.232,14984400,1215.74,16,,,49.26,,,0.43367167,32.952,,,10.70304507,,,,2.339,2.382,225.40914921,221.34005038
2016-06-01,536.021,14988000,1213.39,15.96,,,48.81,,,0.44175492,33.58527569,,,10.98178652,,,,2.339,2.382,229.16673792,225.02980688
2016-06-02,536.942,14991600,1211.38,16.02,,,49.05,,,0.4432482,33.51697878,,,10.94682977,,,,2.339,2.382,229.56049594,225.41645676
2016-06-03,570.939,14995200,1244.37,16.41,,,48.5,,,0.45881771,34.79213894,,,11.77193814,,,,2.339,2.382,244.09533989,239.68891688
2016-06-04,575.137,14998800,1244.536667,16.43,,,48.646667,,,0.46212941,35.00529519,,,11.82274214,,,,2.339,2.382,245.89012398,241.45130143
2016-06-05,579.335,15002400,1244.703333,16.45,,,48.793333,,,0.46544023,35.21793313,,,11.87324096,,,,2.339,2.382,247.68490808,243.21368598
2016-06-06,583.533,15006000,1244.87,16.47,,,48.94,,,0.46875015,35.43005464,,,11.92343686,,,,2.381,2.407,245.07895842,242.43165767
2016-06-07,575.705,15009600,1243.83,16.38,,,49.76,,,0.46284862,35.1468254,,,11.56963424,,,,2.381,2.407,241.79126417,239.17947653
2016-06-08,581.835,15013200,1262.7,17.04,,,50.73,,,0.46078641,34.14524648,,,11.46924897,,,,2.381,2.407,244.36581268,241.72621521
2016-06-09,576.103,15016800,1269.36,17.305,,,50.59,,,0.45385312,33.29112973,,,11.38768531,,,,2.381,2.407,241.95842083,239.34482759
2016-06-10,578.771,15020400,1274.55,17.3325,,,49.7,,,0.45409831,33.39224001,,,11.64529175,,,,2.381,2.407,243.07895842,240.45326132
2016-06-11,619.929667,15024000,1277.89,17.371667,,,49.586667,,,0.48511974,35.68625089,,,12.50194265,,,,2.381,2.407,260.36525283,257.55283216
2016-06-12,661.088333,15027600,1281.23,17.410833,,,49.473333,,,0.51597944,37.96994279,,,13.36251861,,,,2.381,2.407,277.65154683,274.65240258
2016-06-13,702.247,15031200,1284.57,17.45,,,49.36,,,0.54667866,40.24338109,,,14.22704619,,,,2.399,2.431,292.72488537,288.87165775
2016-06-14,689.37,15034800,1285.93,17.39,,,47.88,,,0.53608672,39.64174813,,,14.39786967,,,,2.399,2.431,287.35723218,283.57466063
2016-06-15,691.946,15038400,1292.59,17.52,,,47.47,,,0.53531746,39.4946347,,,14.57649041,,,,2.399,2.431,288.43101292,284.63430687
2016-06-16,772.082,15042000,1278.52,17.175,,,45.66,,,0.60388731,44.95382824,,,16.90937363,,,,2.399,2.431,321.83493122,317.59851913
2016-06-17,757.002,15045600,1298.62,17.46,,,46.57,,,0.58292803,43.35635739,,,16.2551428,,,,2.399,2.431,315.54897874,311.39531057
2016-06-18,750.706667,15049200,1295.906667,17.473333,,,47.273333,,,0.57929069,42.96299206,,,15.88012986,,,,2.399,2.431,312.92482993,308.80570424
2016-06-19,744.411333,15052800,1293.193333,17.486667,,,47.976667,,,0.57563808,42.5702241,,,15.51611188,,,,2.399,2.431,310.3006807,306.21609749
2016-06-20,738.116,15056400,1290.48,17.5,,,48.68,,,0.57197012,42.17805714,,,15.16261298,,,,2.353,2.426,313.69145771,304.25226711
2016-06-21,656.125,15060000,1268.57,17.29,,,48.18,,,0.51721624,37.94823597,,,13.61820257,,,,2.353,2.426,278.84615385,270.45548228
2016-06-22,621.157,15063600,1266.37,17.27,,,48.43,,,0.49050199,35.96740012,,,12.82587239,,,,2.353,2.426,263.98512537,256.04163232
2016-06-23,621.195,15067200,1255.92,17.29,,,48.63,,,0.49461351,35.92799306,,,12.773905,,,,2.353,2.426,264.00127497,256.05729596
2016-06-24,661.288,15070800,1318.56,17.7575,,,46.69,,,0.50152287,37.23992679,,,14.16337546,,,,2.353,2.426,281.04037399,272.58367683
2016-06-25,656.093,15074400,1320.483333,17.751667,,,46.15,,,0.49685822,36.95951484,,,14.21653304,,,,2.353,2.426,278.83255419,270.44229184
2016-06-26,650.898,15078000,1322.406667,17.745833,,,45.61,,,0.49220714,36.67892062,,,14.27094935,,,,2.353,2.426,276.62473438,268.30090684
2016-06-27,645.703,15081600,1324.33,17.74,,,45.07,,,0.48756956,36.3981398,,,14.32666963,,,,2.329,2.426,277.24474023,266.15952185
2016-06-28,648.677,15085200,1311.5,17.78,,,46.29,,,0.49460694,36.48352081,,,14.01332901,,,,2.329,2.426,278.52168313,267.38540808
2016-06-29,636.659,15088800,1319.52,18.29,,,48.4,,,0.48249288,34.80913067,,,13.15411157,,,,2.329,2.426,273.36152855,262.43157461
2016-06-30,667.78,15092400,1321.94,18.71,,,48.05,,,0.50515152,35.69107429,,,13.89760666,,,,2.329,2.426,286.72391584,275.25968673
2016-07-01,677.048,15096000,1343.61,19.72,,,47.65,,,0.50390217,34.33306288,,,14.2087723,,,,2.329,2.426,290.70330614,279.07996702
2016-07-02,677.645667,15099600,1346.05,19.926667,,,47.773333,,,0.50343276,34.00697502,,,14.184601,,,,2.329,2.426,290.95992572,279.32632605
2016-07-03,678.243333,15103200,1348.49,20.133333,,,47.896667,,,0.50296504,33.68758332,,,14.16055386,,,,2.329,2.426,291.21654487,279.57268467
2016-07-04,678.841,15106800,1350.93,20.34,,,48.02,,,0.50249902,33.37468043,,,14.13663057,,,,2.291,2.423,296.30772588,280.16549732
2016-07-05,670.196,15110400,1356.4,19.89,,,45.64,,,0.49409909,33.69512318,,,14.68439965,,,,2.291,2.423,292.53426451,276.59760627
2016-07-06,676.087,15114000,1364,19.99,,,45.7,,,0.49566496,33.82126063,,,14.79402626,,,,2.291,2.423,295.10563073,279.02888981
2016-07-07,625.626,15117600,1360.88,19.68,,,45.93,,,0.45972165,31.78993902,,,13.62129327,,,,2.291,2.423,273.07987778,258.20305407
2016-07-08,654.579,15121200,1366.65,20.2085,,,44.53,,,0.47896608,32.391271,,,14.69973052,,,,2.291,2.423,285.71759057,270.15229055
2016-07-09,652.836333,15124800,1362.886667,20.235667,,,44.366667,,,0.47900999,32.26166615,,,14.71456788,,,,2.291,2.423,284.95693278,269.43307181
2016-07-10,651.093667,15128400,1359.123333,20.262833,,,44.203333,,,0.47905415,32.13241046,,,14.72951524,,,,2.291,2.423,284.19627543,268.71385349
2016-07-11,649.351,15132000,1355.36,20.29,,,44.04,,,0.47909854,32.00349926,,,14.74457312,,,,2.253,2.414,288.21615624,268.99378625
2016-07-12,670.646,15135600,1333.79,20.17,,,46.72,,,0.50281229,33.24967774,,,14.35458048,,,,2.253,2.414,297.66799822,277.81524441
2016-07-13,660.677,15139200,1342.78,20.35,,,44.67,,,0.49202178,32.46570025,,,14.79017238,,,,2.253,2.414,293.24323125,273.68558409
2016-07-14,661.419,15142800,1335.3,20.3,,,46.01,,,0.49533363,32.58221675,,,14.37554879,,,,2.253,2.414,293.57256991,273.99295775
2016-07-15,664.099,15146400,1329.15,20.09,,,46.25,,,0.49964188,33.05619711,,,14.3588973,,,,2.253,2.414,294.76209498,275.1031483
2016-07-16,667.26,15150000,1329.056667,20.08,,,45.95,,,0.50205534,33.23007968,,,14.52143634,,,,2.253,2.414,296.16511318,276.41259321
2016-07-17,670.421,15153600,1328.963333,20.07,,,45.65,,,0.50446915,33.40413553,,,14.68611172,,,,2.253,2.414,297.56813138,277.72203811
2016-07-18,673.582,15157200,1328.87,20.06,,,45.35,,,0.50688329,33.57836491,,,14.85296582,,,,2.23,2.402,302.05470852,280.42547877
2016-07-19,670.286,15160800,1332.22,19.9,,,45.7,,,0.50313462,33.68271357,,,14.66708972,,,,2.23,2.402,300.57668161,279.05328893
2016-07-20,665.513,15164400,1316.28,19.42,,,45.82,,,0.50560139,34.26946447,,,14.52450895,,,,2.23,2.402,298.43632287,277.06619484
2016-07-21,665.026,15168000,1331.13,19.755,,,44.99,,,0.49959508,33.66368008,,,14.78164036,,,,2.23,2.402,298.21793722,276.86344713
2016-07-22,656.426,15171600,1323.44,19.65,,,44.24,,,0.49599982,33.40590331,,,14.83783906,,,,2.23,2.402,294.36143498,273.28309742
2016-07-23,656.526667,15175200,1320.843333,19.619167,,,44.08,,,0.49705113,33.46353426,,,14.89398065,,,,2.23,2.402,294.40657713,273.32500708
2016-07-24,656.627333,15178800,1318.246667,19.588333,,,43.92,,,0.49810658,33.52134829,,,14.95053126,,,,2.23,2.402,294.45171883,273.36691632
2016-07-25,656.728,15182400,1315.65,19.5575,,,43.76,,,0.49916619,33.57934296,,,15.00749543,,,,2.182,2.379,300.97525206,276.05212274
2016-07-26,655.179,15186000,1320.2,19.64,,,43.56,,,0.49627253,33.35941955,,,15.04084022,,,,2.182,2.379,300.26535289,275.40100883
2016-07-27,655.996,15189600,1340.54,20.37,,,42.78,,,0.48935205,32.20402553,,,15.33417485,,,,2.182,2.379,300.63978002,275.74443043
2016-07-28,656.082,15193200,1336.18,20.1705,,,41.87,,,0.49101319,32.52680895,,,15.66950084,,,,2.182,2.379,300.6791934,275.78058008
2016-07-29,657.333,15196800,1352.15,20.37,,,40.76,,,0.48613911,32.26966127,,,16.12691364,,,,2.182,2.379,301.25252062,276.30643127
2016-07-30,643.958,15200400,1352.49,20.3965,,,40.563333,,,0.47612773,31.57198539,,,15.87537198,,,,2.182,2.379,295.1228231,270.68432114
2016-07-31,630.583,15204000,1352.83,20.423,,,40.366667,,,0.46612139,30.87612006,,,15.6213789,,,,2.182,2.379,288.99312557,265.06221101
2016-08-01,617.208,15207600,1353.17,20.4495,,,40.17,,,0.45612007,30.18205824,,,15.36489918,,,,2.159,2.348,285.87679481,262.86541738
2016-08-02,555.617,15211200,1364.16,20.6,,,40,,,0.40729606,26.97169903,,,13.890425,,,,2.159,2.348,257.34923576,236.63415673
2016-08-03,566.027,15214800,1358.26,20.395,,,40.45,,,0.41672949,27.75322383,,,13.99325093,,,,2.159,2.348,262.17091246,241.06771721
2016-08-04,568.343,15218400,1359.97,20.35,,,41.33,,,0.41790848,27.92840295,,,13.75134285,,,,2.159,2.348,263.24363131,242.05408859
2016-08-05,574.449,15222000,1336.76,19.71,,,42.47,,,0.42973234,29.14505327,,,13.52599482,,,,2.159,2.348,266.0717925,244.65459966
2016-08-06,580.251333,15225600,1336.283333,19.72,,,42.726667,,,0.43422777,29.42450979,,,13.58054287,,,,2.159,2.348,268.75930199,247.12578066
2016-08-07,586.053667,15229200,1335.806667,19.73,,,42.983333,,,0.43872641,29.70368307,,,13.63443982,,,,2.159,2.348,271.44681195,249.5969621
2016-08-08,591.856,15232800,1335.33,19.74,,,43.24,,,0.44322827,29.98257345,,,13.68769658,,,,2.15,2.316,275.28186047,255.55094991
2016-08-09,585.343,15236400,1340.75,19.8605,,,43.37,,,0.43657878,29.47272224,,,13.49649527,,,,2.15,2.316,272.25255814,252.73877375
2016-08-10,595.167,15240000,1346.67,20.15,,,42.19,,,0.4419546,29.53682382,,,14.10682626,,,,2.15,2.316,276.82186047,256.98056995
2016-08-11,590.354,15243600,1339,19.97,,,44.23,,,0.44089171,29.56204306,,,13.34736604,,,,2.15,2.316,274.58325581,254.90241796
2016-08-12,585.617,15247200,1335.05,19.71,,,45.12,,,0.43864799,29.7116692,,,12.97910018,,,,2.15,2.316,272.38,252.85708117
2016-08-13,579.622667,15250800,1336.5,19.7475,,,45.85,,,0.43368699,29.35169854,,,12.64171575,,,,2.15,2.316,269.59193814,250.26885449
2016-08-14,573.628333,15254400,1337.95,19.785,,,46.58,,,0.42873675,28.99309239,,,12.31490625,,,,2.15,2.316,266.80387581,247.68062737
2016-08-15,567.634,15258000,1339.4,19.8225,,,47.31,,,0.42379722,28.63584311,,,11.9981822,,,,2.149,2.31,264.13866915,245.72900433
2016-08-16,578.804,15261600,1346.46,19.8,,,48.27,,,0.42987092,29.23252525,,,11.99096747,,,,2.149,2.31,269.33643555,250.56450216
2016-08-17,571.69,15265200,1349.19,19.69,,,48.58,,,0.42372831,29.0345353,,,11.76801153,,,,2.149,2.31,266.02605863,247.48484848
2016-08-18,573.066,15268800,1351.95,19.75,,,49.46,,,0.42388106,29.016,,,11.5864537,,,,2.149,2.31,266.66635644,248.08051948
2016-08-19,574.614,15272400,1340.55,19.32,,,49.39,,,0.42864048,29.74192547,,,11.63421745,,,,2.149,2.31,267.38669148,248.75064935
2016-08-20,578.179,15276000,1339.956667,19.184333,,,48.96,,,0.43149082,30.13808194,,,11.8092116,,,,2.149,2.31,269.04560261,250.29393939
2016-08-21,581.744,15279600,1339.363333,19.048667,,,48.53,,,0.43434368,30.53987977,,,11.98730682,,,,2.149,2.31,270.70451373,251.83722944
2016-08-22,585.309,15283200,1338.77,18.913,,,48.1,,,0.43719907,30.94744356,,,12.16858628,,,,2.193,2.37,266.89876881,246.96582278
2016-08-23,581.463,15286800,1337.31,18.82,,,48.7,,,0.43480046,30.89601488,,,11.93969199,,,,2.193,2.37,265.14500684,245.34303797
2016-08-24,578.369,15290400,1324.13,18.5515,,,47.56,,,0.4367917,31.17640083,,,12.16082843,,,,2.193,2.37,263.73415413,244.03755274
2016-08-25,575.672,15294000,1321.7,18.55,,,49.25,,,0.43555421,31.033531,,,11.68877157,,,,2.193,2.37,262.50433197,242.89957806
2016-08-26,578.135,15297600,1320.89,18.65,,,49.66,,,0.43768595,30.99919571,,,11.64186468,,,,2.193,2.37,263.62745098,243.93881857
2016-08-27,576.259333,15301200,1321.69,18.723333,,,49.66,,,0.43600189,30.77760423,,,11.6040945,,,,2.193,2.37,262.77215367,243.14739789
2016-08-28,574.383667,15304800,1322.49,18.796667,,,49.66,,,0.43431986,30.55774021,,,11.56632435,,,,2.193,2.37,261.91685682,242.35597764
2016-08-29,572.508,15308400,1323.29,18.87,,,49.66,,,0.43263986,30.33958665,,,11.52855417,,,,2.237,2.409,255.92668753,237.65379826
2016-08-30,576.868,15312000,1311.44,18.613,,,47.94,,,0.43987373,30.992747,,,12.03312474,,,,2.237,2.409,257.87572642,239.46367787
2016-08-31,572.344,15315600,1308.88,18.65,,,47.94,,,0.43727767,30.68868633,,,11.93875678,,,,2.237,2.409,255.85337506,237.58572022
2016-09-01,570.809,15319200,1313.79,18.89,,,45.05,,,0.43447507,30.2175225,,,12.67056604,,,,2.237,2.409,255.1671882,236.94852636
2016-09-02,573.329,15322800,1325.34,19.4,,,45.96,,,0.43259013,29.55304124,,,12.47452132,,,,2.237,2.409,256.29369692,237.99460357
2016-09-03,584.693667,15326400,1325.953333,19.436667,,,46.213333,,,0.44096097,30.0819923,,,12.65205578,,,,2.237,2.409,261.37401296,242.71219054
2016-09-04,596.058333,15330000,1326.566667,19.473333,,,46.466667,,,0.44932407,30.60895292,,,12.82765413,,,,2.237,2.409,266.45432857,247.42977709
2016-09-05,607.423,15333600,1327.18,19.51,,,46.72,,,0.45767944,31.13393132,,,13.00134846,,,,2.223,2.407,273.24471435,252.35687578
2016-09-06,609.83,15337200,1348.99,20.05,,,46.21,,,0.45206414,30.41546135,,,13.19692707,,,,2.223,2.407,274.32748538,253.35687578
2016-09-07,613.911,15340800,1346.31,19.84,,,47,,,0.45599528,30.94309476,,,13.06193617,,,,2.223,2.407,276.16329285,255.05234732
2016-09-08,623.947,15344400,1338.01,19.62,,,49.23,,,0.46632462,31.80158002,,,12.67412147,,,,2.223,2.407,280.67791273,259.22185293
2016-09-09,620.232,15348000,1329.23,19.09,,,48.37,,,0.46660999,32.48988999,,,12.82265867,,,,2.223,2.407,279.00674764,257.67843789
2016-09-10,615.483667,15351600,1328.63,19.1,,,48.186667,,,0.46324685,32.22427576,,,12.7729039,,,,2.223,2.407,276.87074539,255.70571957
2016-09-11,610.735333,15355200,1328.03,19.11,,,48.003333,,,0.45988068,31.95893946,,,12.72276933,,,,2.223,2.407,274.73474269,253.73300083
2016-09-12,605.987,15358800,1327.43,19.12,,,47.82,,,0.45651145,31.69388075,,,12.6722501,,,,2.202,2.399,275.19845595,252.59983326
2016-09-13,608.384,15362400,1318.59,18.87,,,46.48,,,0.46138982,32.24080551,,,13.08915663,,,,2.202,2.399,276.28701181,253.59899958
2016-09-14,608.939,15366000,1321.73,18.97,,,45.65,,,0.46071361,32.10010543,,,13.33929901,,,,2.202,2.399,276.5390554,253.83034598
2016-09-15,605.767,15369600,1314.67,19,,,45.83,,,0.46077495,31.88247368,,,13.21769583,,,,2.202,2.399,275.09854678,252.50812839
2016-09-16,606.796,15373200,1311.2,18.8025,,,45.26,,,0.46277913,32.27209148,,,13.4068935,,,,2.202,2.399,275.56584923,252.93705711
2016-09-17,607.091,15376800,1311.796667,18.918333,,,45.52,,,0.46279352,32.09008954,,,13.33679701,,,,2.202,2.399,275.69981835,253.06002501
2016-09-18,607.386,15380400,1312.393333,19.034167,,,45.78,,,0.4628079,31.91030109,,,13.26749672,,,,2.202,2.399,275.83378747,253.18299291
2016-09-19,607.681,15384000,1312.99,19.15,,,46.04,,,0.46282226,31.7326893,,,13.19897915,,,,2.225,2.389,273.11505618,254.36626203
2016-09-20,607.792,15387600,1314.85,19.3,,,45.24,,,0.46225197,31.49181347,,,13.43483643,,,,2.225,2.389,273.16494382,254.41272499
2016-09-21,595.451,15391200,1334.56,19.845,,,45.99,,,0.44617777,30.00508944,,,12.94740161,,,,2.225,2.389,267.61842697,249.24696526
2016-09-22,595.77,15394800,1336.63,19.88,,,47.21,,,0.44572544,29.96830986,,,12.61957212,,,,2.225,2.389,267.76179775,249.38049393
2016-09-23,600.745,15398400,1337.64,19.68,,,46.71,,,0.44910813,30.52566057,,,12.86116463,,,,2.225,2.389,269.99775281,251.46295521
2016-09-24,602.688333,15402000,1337.676667,19.599,,,46.676667,,,0.45054859,30.75097367,,,12.91198305,,,,2.225,2.389,270.8711609,252.27640561
2016-09-25,604.631667,15405600,1337.713333,19.518,,,46.643333,,,0.45198897,30.97815693,,,12.96287439,,,,2.225,2.389,271.74456944,253.08985643
2016-09-26,606.575,15409200,1337.75,19.437,,,46.61,,,0.45342927,31.20723363,,,13.01383823,,,,2.224,2.382,272.74055755,254.64945424
2016-09-27,603.209,15412800,1327.28,19.15,,,44.95,,,0.45447004,31.49916449,,,13.41955506,,,,2.224,2.382,271.22706835,253.236356
2016-09-28,603.61,15416400,1321.43,19.1885,,,45.49,,,0.45678545,31.45686218,,,13.26907013,,,,2.224,2.382,271.4073741,253.40470193
2016-09-29,605.804,15420000,1320.33,19.1025,,,48.43,,,0.45882772,31.71333595,,,12.50885815,,,,2.224,2.382,272.39388489,254.32577666
2016-09-30,605.62,15423600,1317.57,19.1805,,,48.24,,,0.4596492,31.57477647,,,12.55431177,,,,2.224,2.382,272.31115108,254.24853065
2016-10-01,607.67,15427200,1315.383333,19.062,,,48.363333,,,0.4619718,31.87860665,,,12.56468408,,,,2.224,2.382,273.23291367,255.10915197
2016-10-02,609.72,15430800,1313.196667,18.9435,,,48.486667,,,0.46430212,32.18623802,,,12.57500335,,,,2.224,2.382,274.15467626,255.9697733
2016-10-03,611.77,15434400,1311.01,18.825,,,48.61,,,0.46664022,32.49774236,,,12.58527052,,,,2.245,2.389,272.50334076,256.07785684
2016-10-04,608.532,15438000,1268.45,17.8095,,,48.81,,,0.47974457,34.16895477,,,12.46736325,,,,2.245,2.389,271.0610245,254.72247802
2016-10-05,611.808,15441600,1266.58,17.74,,,49.57,,,0.48303937,34.48748591,,,12.34230381,,,,2.245,2.389,272.52026726,256.09376308
2016-10-06,610.986,15445200,1254.11,17.33,,,50.14,,,0.48718693,35.2559723,,,12.18560032,,,,2.245,2.389,272.15412027,255.74968606
2016-10-07,615.574,15448800,1254.97,17.49,,,50.49,,,0.49050894,35.19576901,,,12.19199842,,,,2.245,2.389,274.19777283,257.67015488
2016-10-08,615.852333,15452400,1256.416667,17.54,,,50.84,,,0.49016568,35.11130747,,,12.1135392,,,,2.245,2.389,274.32175189,257.78666095
2016-10-09,616.130667,15456000,1257.863333,17.59,,,51.19,,,0.48982322,35.02732615,,,12.0361529,,,,2.245,2.389,274.4457314,257.90316743
2016-10-10,616.409,15459600,1259.31,17.64,,,51.54,,,0.48948154,34.94382086,,,11.95981762,,,,2.272,2.445,271.30677817,252.11002045
2016-10-11,637.552,15463200,1252.7,17.455,,,50.48,,,0.50894228,36.52546548,,,12.62979398,,,,2.272,2.445,280.61267606,260.75746421
2016-10-12,634.84,15466800,1255.01,17.48,,,49.53,,,0.50584457,36.3180778,,,12.81728246,,,,2.272,2.445,279.41901408,259.64826176
2016-10-13,635.728,15470400,1257.85,17.5,,,49.29,,,0.50540844,36.32731429,,,12.89770745,,,,2.272,2.445,279.80985915,260.01145194
2016-10-14,638.162,15474000,1251.72,17.45,,,48.87,,,0.50982808,36.57088825,,,13.05835891,,,,2.272,2.445,280.88116197,261.00695297
2016-10-15,637.715,15477600,1252.983333,17.456667,,,49.016667,,,0.50895729,36.53131494,,,13.01016652,,,,2.272,2.445,280.68441901,260.82413088
2016-10-16,637.268,15481200,1254.246667,17.463333,,,49.163333,,,0.50808825,36.49177394,,,12.96226194,,,,2.272,2.445,280.48767606,260.64130879
2016-10-17,636.821,15484800,1255.51,17.47,,,49.31,,,0.50722097,36.45226102,,,12.91464206,,,,2.257,2.481,282.15374391,256.67916163
2016-10-18,633.834,15488400,1262.49,17.625,,,49.81,,,0.50205071,35.96221277,,,12.72503513,,,,2.257,2.481,280.83030572,255.47521161
2016-10-19,627.51,15492000,1269.01,17.68,,,51.85,,,0.49448783,35.49264706,,,12.1024108,,,,2.257,2.481,278.02835623,252.92623942
2016-10-20,628.733,15495600,1265.48,17.55,,,50.42,,,0.49683361,35.82524217,,,12.46991273,,,,2.257,2.481,278.57022596,253.41918581
2016-10-21,630.279,15499200,1266.81,17.54,,,50.28,,,0.49753238,35.93380844,,,12.53538186,,,,2.257,2.481,279.25520603,254.04232164
2016-10-22,636.327333,15502800,1265.95,17.556667,,,50.12,,,0.50264808,36.24419903,,,12.69607608,,,,2.257,2.481,281.93501684,256.48018259
2016-10-23,642.375667,15506400,1265.09,17.573333,,,49.96,,,0.50777073,36.55400299,,,12.85779958,,,,2.257,2.481,284.61482809,258.91804393
2016-10-24,648.424,15510000,1264.23,17.59,,,49.8,,,0.51290034,36.86321774,,,13.02056225,,,,2.243,2.478,289.0878288,261.67231638
2016-10-25,654.022,15513600,1274.1,17.82,,,49.08,,,0.51332078,36.70157127,,,13.32563162,,,,2.243,2.478,291.5835934,263.93139629
2016-10-26,672.314,15517200,1266.69,17.63,,,48.98,,,0.53076443,38.13465683,,,13.72629645,,,,2.243,2.478,299.73874276,271.31315577
2016-10-27,679.117,15520800,1268.41,17.629,,,49.13,,,0.53540811,38.52271825,,,13.82285772,,,,2.243,2.478,302.77173428,274.05851493
2016-10-28,686.577,15524400,1274.68,17.77,,,47.78,,,0.53862695,38.63685988,,,14.36954793,,,,2.243,2.478,306.09763709,277.06900726
2016-10-29,690.753,15528000,1275.34,17.81,,,47.253333,,,0.54162263,38.78455924,,,14.61807996,,,,2.243,2.478,307.95942934,278.75423729
2016-10-30,694.929,15531600,1276,17.85,,,46.726667,,,0.5446152,38.93159664,,,14.87221419,,,,2.243,2.478,309.82122158,280.43946731
2016-10-31,699.105,15538800,1276.66,17.89,,,46.2,,,0.54760469,39.07797652,,,15.13214286,,,,2.23,2.479,313.5,282.01089149
2016-11-01,727.802,15542400,1288.36,18.38,,,45.77,,,0.56490577,39.59749728,,,15.90128905,,,,2.23,2.479,326.36860987,293.58693021
2016-11-02,731.743,15546000,1297.64,18.52,,,44.26,,,0.56390293,39.51096112,,,16.53282874,,,,2.23,2.479,328.13587444,295.17668415
2016-11-03,678.334,15549600,1302.13,18.36,,,43.84,,,0.52094184,36.9462963,,,15.47294708,,,,2.23,2.479,304.18565022,273.63210972
2016-11-04,697.204,15553200,1304.29,18.41,,,43.06,,,0.53454676,37.87093971,,,16.19145379,,,,2.23,2.479,312.64753363,281.24405002
2016-11-05,700.390667,15556800,1296.643333,18.333333,,,42.983333,,,0.54015676,38.20312799,,,16.29447086,,,,2.23,2.479,314.07653229,282.52951472
2016-11-06,703.577333,15560400,1288.996667,18.256667,,,42.906667,,,0.54583332,38.53810408,,,16.39785568,,,,2.23,2.479,315.50553049,283.81497902
2016-11-07,706.764,15564000,1281.35,18.18,,,42.83,,,0.55157763,38.87590759,,,16.50161102,,,,2.233,2.47,316.50873265,286.13927126
2016-11-08,710.682,15567600,1275.38,18.37,,,43.47,,,0.55723157,38.68709853,,,16.34879227,,,,2.233,2.47,318.26332288,287.72550607
2016-11-09,720.305,15571200,1278,18.48,,,43.88,,,0.56361894,38.97754329,,,16.41533728,,,,2.233,2.47,322.57277206,291.62145749
2016-11-10,711.44,15574800,1258.81,18.6075,,,43.67,,,0.56516869,38.23404541,,,16.29127548,,,,2.233,2.47,318.60277653,288.03238866
2016-11-11,714.694,15578400,1227.54,17.37,,,41.61,,,0.58221647,41.145308,,,17.17601538,,,,2.233,2.47,320.06000896,289.34979757
2016-11-12,712.000667,15582000,1225.37,17.223333,,,41.683333,,,0.58104953,41.33930796,,,17.08118367,,,,2.233,2.47,318.85385893,288.25937935
2016-11-13,709.307333,15585600,1223.2,17.076667,,,41.756667,,,0.57987846,41.53663786,,,16.98668462,,,,2.233,2.47,317.64770846,287.16896073
2016-11-14,706.614,15589200,1221.03,16.93,,,41.83,,,0.57870323,41.73738925,,,16.89251733,,,,2.184,2.443,323.54120879,289.24027835
2016-11-15,711.592,15592800,1228.45,17.085,,,44.15,,,0.57926004,41.65010243,,,16.11759909,,,,2.184,2.443,325.82051282,291.27793696
2016-11-16,738.662,15596400,1225.05,16.98,,,45.07,,,0.60296478,43.50188457,,,16.38921677,,,,2.184,2.443,338.21520147,302.35857552
2016-11-17,736.865,15600000,1216.08,16.67,,,44.57,,,0.60593464,44.20305939,,,16.53275746,,,,2.184,2.443,337.39239927,301.6230045
2016-11-18,744.048,15603600,1207.87,16.57,,,44.41,,,0.61600007,44.90331925,,,16.7540644,,,,2.184,2.443,340.68131868,304.56324192
2016-11-19,741.998,15607200,1209.893333,16.576667,,,44.926667,,,0.61327555,44.7615917,,,16.51575889,,,,2.184,2.443,339.74267399,303.7241097
2016-11-20,739.948,15610800,1211.916667,16.583333,,,45.443333,,,0.61056013,44.6199808,,,16.28287256,,,,2.184,2.443,338.8040293,302.88497749
2016-11-21,737.898,15614400,1213.94,16.59,,,45.96,,,0.60785377,44.47848101,,,16.05522193,,,,2.155,2.421,342.41206497,304.7905824
2016-11-22,747.719,15618000,1212.38,16.64,,,46.1,,,0.6167365,44.93503606,,,16.21950108,,,,2.155,2.421,346.96937355,308.84717059
2016-11-23,740.905,15621600,1188.48,16.37,,,46.54,,,0.62340553,45.2599267,,,15.91974645,,,,2.155,2.421,343.80742459,306.03263114
2016-11-24,735.889,15625200,1184,16.33,,,47.54,,,0.62152787,45.06362523,,,15.47936475,,,,2.155,2.421,341.47981439,303.96076002
2016-11-25,735.943,15628800,1184.27,16.52,,,46.32,,,0.62143177,44.54860775,,,15.88823402,,,,2.155,2.421,341.50487239,303.98306485
2016-11-26,734.525,15632400,1187.453333,16.55,,,46.426667,,,0.61857168,44.38217523,,,15.82118742,,,,2.155,2.421,340.84686775,303.39735646
2016-11-27,733.107,15636000,1190.636667,16.58,,,46.533333,,,0.61572688,44.21634499,,,15.75444854,,,,2.155,2.421,340.18886311,302.81164808
2016-11-28,731.689,15639600,1193.82,16.61,,,46.64,,,0.61289725,44.05111379,,,15.68801458,,,,2.154,2.42,339.68848654,302.35082645
2016-11-29,731.315,15643200,1188.31,16.61,,,44.68,,,0.61542443,44.02859723,,,16.36783796,,,,2.154,2.42,339.51485608,302.19628099
2016-11-30,741.84,15646800,1173.32,16.51,,,47.95,,,0.63225718,44.93276802,,,15.47111575,,,,2.154,2.42,344.40111421,306.54545455
2016-12-01,753.125,15650400,1171.61,16.525,,,52.28,,,0.64281203,45.57488654,,,14.40560444,,,,2.154,2.42,349.64020427,311.20867769
2016-12-02,768.994,15654000,1175.78,16.69,,,52.35,,,0.65402881,46.07513481,,,14.68947469,,,,2.154,2.42,357.00742804,317.7661157
2016-12-03,763.761333,15657600,1174.033333,16.711667,,,52.666667,,,0.65054485,45.7022829,,,14.50179737,,,,2.154,2.42,354.57814903,315.60385661
2016-12-04,758.528667,15661200,1172.286667,16.733333,,,52.983333,,,0.64705049,45.33039933,,,14.31636373,,,,2.154,2.42,352.14887047,313.44159793
2016-12-05,753.296,15664800,1170.54,16.755,,,53.3,,,0.64354571,44.95947478,,,14.13313321,,,,2.208,2.48,341.16666667,303.7483871
2016-12-06,758.956,15668400,1170,16.74,,,52.31,,,0.64868034,45.33787336,,,14.50881285,,,,2.208,2.48,343.73007246,306.03064516
2016-12-07,765.814,15672000,1173.93,17.12,,,51.9,,,0.65235065,44.73212617,,,14.7555684,,,,2.208,2.48,346.83605072,308.79596774
2016-12-08,768.935,15675600,1170.57,17.03,,,51.6,,,0.65688938,45.15179096,,,14.90184109,,,,2.208,2.48,348.2495471,310.05443548
2016-12-09,769.586,15679200,1158.9,16.86,,,52.19,,,0.66406592,45.64567023,,,14.7458517,,,,2.208,2.48,348.54438406,310.31693548
2016-12-10,772.460667,15682800,1160.013333,16.933333,,,52.79,,,0.66590671,45.61775682,,,14.63270822,,,,2.208,2.48,349.84631658,311.4760754
2016-12-11,775.335333,15686400,1161.126667,17.006667,,,53.39,,,0.66774397,45.59008141,,,14.52210775,,,,2.208,2.48,351.14824864,312.63521492
2016-12-12,778.21,15690000,1162.24,17.08,,,53.99,,,0.66957771,45.56264637,,,14.41396555,,,,2.236,2.493,348.03667263,312.15804252
2016-12-13,778.877,15693600,1158.61,16.92,,,53.28,,,0.67225123,46.03291962,,,14.61856231,,,,2.236,2.493,348.33497317,312.42559166
2016-12-14,775.494,15697200,1142.92,16.84,,,53.15,,,0.67851993,46.05071259,,,14.59066792,,,,2.236,2.493,346.82200358,311.06859206
2016-12-15,776.217,15700800,1128.6,15.97,,,51.72,,,0.6877698,48.60469631,,,15.00806265,,,,2.236,2.493,347.14534884,311.35860409
2016-12-16,779.788,15704400,1133.6,16.1,,,54.15,,,0.68788638,48.43403727,,,14.40051708,,,,2.236,2.493,348.74239714,312.79101484
2016-12-17,783.072,15708000,1135.013333,16.056167,,,53.943333,,,0.68992317,48.77079318,,,14.51656686,,,,2.236,2.493,350.21109123,314.10830325
2016-12-18,786.356,15711600,1136.426667,16.012333,,,53.736667,,,0.6919549,49.10939586,,,14.633509,,,,2.236,2.493,351.67978533,315.42559166
2016-12-19,789.64,15715200,1137.84,15.9685,,,53.53,,,0.69398158,49.4498544,,,14.75135438,,,,2.264,2.527,348.78091873,312.48120301
2016-12-20,794.218,15718800,1132.38,16.1,,,54.56,,,0.70137056,49.33031056,,,14.55678152,,,,2.264,2.527,350.80300353,314.29283736
2016-12-21,825.832,15722400,1131.51,15.94,,,53.01,,,0.72984949,51.80878294,,,15.57879645,,,,2.264,2.527,364.76678445,326.8033241
2016-12-22,861.326,15726000,1128.28,15.795,,,54.04,,,0.76339738,54.53156062,,,15.93867506,,,,2.264,2.527,380.44434629,340.84922833
2016-12-23,895.897,15729600,1131.77,15.73,,,53.93,,,0.79158928,56.9546726,,,16.61221954,,,,2.264,2.527,395.71422261,354.52987732
2016-12-24,904.11375,15733200,1133.53,15.79,,,53.93,,,0.79760902,57.25862888,,,16.76457908,,,,2.264,2.527,399.34352915,357.78146023
2016-12-25,912.3305,15736800,1135.29,15.85,,,53.93,,,0.80361009,57.56028391,,,16.91693862,,,,2.264,2.527,402.97283569,361.03304313
2016-12-26,920.54725,15740400,1137.05,15.91,,,53.93,,,0.80959259,57.85966373,,,17.06929816,,,,2.309,2.54,398.67789086,362.42017717
2016-12-27,928.764,15744000,1138.81,15.97,,,53.93,,,0.81555659,58.15679399,,,17.2216577,,,,2.309,2.54,402.236466,365.65511811
2016-12-28,972.384,15747600,1141.5,16.01,,,54.95,,,0.85184757,60.73603998,,,17.69579618,,,,2.309,2.54,421.12776094,382.82834646
2016-12-29,966.464,15750600,1158.12,16.17,,,54.97,,,0.8345111,59.76895485,,,17.58166273,,,,2.309,2.54,418.56388047,380.4976378
2016-12-30,960.523,15752400,1150.91,15.95,,,54.96,,,0.83457699,60.22087774,,,17.47676492,,,,2.309,2.54,415.99090515,378.15866142
2016-12-31,981.005333,15754200,1152.8875,16.03575,,,54.9825,,,0.85091159,61.17614287,,,17.84213764,,,,2.309,2.54,424.86155608,386.22257205
2017-01-01,1001.487667,15756000,1154.865,16.1215,,,55.005,,,0.86719025,62.12124598,,,18.20721147,,,,2.309,2.54,433.73220745,394.28648307
2017-01-02,1021.97,15757800,1156.8425,16.20725,,,55.0275,,,0.88341326,63.05634824,,,18.57198673,,,,2.377,2.586,429.94110223,395.1933488
2017-01-03,1028.28,15759600,1158.82,16.293,,,55.05,,,0.88735093,63.11176579,,,18.67901907,,,,2.377,2.586,432.59570888,397.63341067
2017-01-04,1133.92,15761400,1163.53,16.42,,,54.57,,,0.97455158,69.05724726,,,20.7791827,,,,2.377,2.586,477.03828355,438.4841454
2017-01-05,1011.33,15763200,1180.46,16.59,,,54.99,,,0.85672534,60.960217,,,18.39116203,,,,2.377,2.586,425.46487169,391.07888631
2017-01-06,886.839,15765000,1172.3,16.48,,,55.9,,,0.75649492,53.81304612,,,15.86474061,,,,2.377,2.586,373.09171224,342.93851508
2017-01-07,890.959333,15766800,1175.2,16.506667,,,55.396667,,,0.75813422,53.97572587,,,16.08326604,,,,2.377,2.586,374.82512958,344.53183797
2017-01-08,895.079667,15768600,1178.1,16.533333,,,54.893333,,,0.75976544,54.13788418,,,16.30579923,,,,2.377,2.586,376.55854733,346.12516125
2017-01-09,899.2,15770400,1181,16.56,,,54.39,,,0.76138865,54.29951691,,,16.53245082,,,,2.388,2.597,376.54941374,346.24566808
2017-01-10,906.947,15772200,1187.7,16.79,,,53.2,,,0.76361623,54.01709351,,,17.04787594,,,,2.388,2.597,379.79355109,349.22872545
2017-01-11,782.779,15774000,1191.5,16.73,,,53.61,,,0.65696937,46.78894202,,,14.60136169,,,,2.388,2.597,327.79690117,301.41663458
2017-01-12,813.273,15775800,1195.8,16.78,,,54.51,,,0.68010788,48.46680572,,,14.91970281,,,,2.388,2.597,340.56658291,313.15864459
2017-01-13,820.143,15777600,1198.39,16.81,,,54.37,,,0.6843707,48.78899465,,,15.08447673,,,,2.388,2.597,343.44346734,315.80400462
2017-01-14,823.157667,15779400,1199.986667,16.81,,,54.346667,,,0.68597234,48.96833236,,,15.1464241,,,,2.388,2.597,344.7058907,316.96483134
2017-01-15,826.172333,15781200,1201.583333,16.81,,,54.323333,,,0.68756973,49.14767002,,,15.20842495,,,,2.388,2.597,345.96831365,318.12565768
2017-01-16,829.187,15783000,1203.18,16.81,,,54.3,,,0.68916289,49.32700773,,,15.27047882,,,,2.358,2.585,351.64843087,320.76866538
2017-01-17,904.814,15784800,1217.15,17.2,,,54.68,,,0.74338742,52.60546512,,,16.54743965,,,,2.358,2.585,383.72094996,350.02475822
2017-01-18,873.134,15786600,1204.29,17.07,,,53.77,,,0.72501972,51.15020504,,,16.23831133,,,,2.358,2.585,370.28583545,337.76943907
2017-01-19,893.735,15788400,1204.53,17.02,,,53.18,,,0.7419782,52.51086957,,,16.80584806,,,,2.358,2.585,379.02247668,345.73887814
2017-01-20,895.736,15790200,1207.68,17.08,,,55.04,,,0.74169979,52.44355972,,,16.27427326,,,,2.358,2.585,379.87107718,346.51295938
2017-01-21,904.066,15792000,1211.193333,17.136667,,,54.96,,,0.74642584,52.75623317,,,16.44952693,,,,2.358,2.585,383.40373198,349.73539652
2017-01-22,912.396,15793800,1214.706667,17.193333,,,54.88,,,0.75112455,53.06684864,,,16.62529155,,,,2.358,2.585,386.93638677,352.95783366
2017-01-23,920.726,15795600,1218.22,17.25,,,54.8,,,0.75579616,53.37542029,,,16.80156934,,,,2.326,2.569,395.84092863,358.39859868
2017-01-24,887.942,15797400,1208.86,17.1,,,54.7,,,0.7345284,51.92643275,,,16.23294333,,,,2.326,2.569,381.74634566,345.63721292
2017-01-25,893.575,15799200,1200.67,16.9985,,,54.34,,,0.7442303,52.56787364,,,16.44414796,,,,2.326,2.569,384.16809974,347.8298949
2017-01-26,916.003,15801000,1188.95,16.8,,,55.89,,,0.77043021,54.5239881,,,16.38938987,,,,2.326,2.569,393.81040413,356.56014013
2017-01-27,919.371,15802800,1190.91,17.14,,,54.8,,,0.77199033,53.63891482,,,16.77684307,,,,2.326,2.569,395.25838349,357.87115609
2017-01-28,919.964,15804600,1192.443333,17.133333,,,54.79,,,0.77149494,53.69439793,,,16.79072824,,,,2.326,2.569,395.5133276,358.10198521
2017-01-29,920.557,15806400,1193.976667,17.126667,,,54.78,,,0.77100083,53.7499211,,,16.80461847,,,,2.326,2.569,395.76827171,358.33281432
2017-01-30,921.15,15808200,1195.51,17.12,,,54.77,,,0.77050798,53.80549065,,,16.81851378,,,,2.296,2.562,401.19773519,359.54332553
2017-01-31,966.931,15810000,1210.61,17.56,,,55.25,,,0.79871387,55.06440774,,,17.50101357,,,,2.296,2.562,421.13719512,377.41256831
2017-02-01,986.291,15811800,1209.65,17.54,,,55.79,,,0.81535237,56.23095781,,,17.67863416,,,,2.296,2.562,429.56925087,384.96916472
2017-02-02,1008.37,15813600,1215.78,17.47,,,55.94,,,0.8294017,57.72009159,,,18.02592063,,,,2.296,2.562,439.18554007,393.58704137
2017-02-03,1013.07,15815400,1219.27,17.48,,,55.92,,,0.83088241,57.95594966,,,18.11641631,,,,2.296,2.562,441.2325784,395.42154567
2017-02-04,1017.19,15817200,1224.663333,17.563333,,,55.62,,,0.83058745,57.91554485,,,18.28820568,,,,2.296,2.562,443.02700348,397.02966432
2017-02-05,1021.31,15819000,1230.056667,17.646667,,,55.32,,,0.83029508,57.87551836,,,18.46185828,,,,2.296,2.562,444.82142857,398.63778298
2017-02-06,1025.43,15820800,1235.45,17.73,,,55.02,,,0.83000526,57.8358714,,,18.63740458,,,,2.293,2.558,447.20017444,400.87177482
2017-02-07,1051.75,15822600,1233.75,17.71,,,53.79,,,0.85248227,59.38735178,,,19.55289087,,,,2.293,2.558,458.678587,411.16106333
2017-02-08,1057.42,15824400,1241.51,17.78,,,54.42,,,0.85172089,59.47244094,,,19.430724,,,,2.293,2.558,461.15133014,413.37763878
2017-02-09,980.392,15826200,1230.91,17.6525,,,53.98,,,0.7964774,55.53842232,,,18.16213412,,,,2.293,2.558,427.55865678,383.26505082
2017-02-10,989.022,15828000,1233.81,17.94,,,55.2,,,0.80159992,55.12943144,,,17.91706522,,,,2.293,2.558,431.32228522,386.6387803
2017-02-11,992.248667,15829800,1230.983333,17.901833,,,54.85,,,0.80606182,55.42721055,,,18.09022182,,,,2.293,2.558,432.72946664,387.90018256
2017-02-12,995.475333,15831600,1228.156667,17.863667,,,54.5,,,0.81054426,55.72625895,,,18.26560244,,,,2.293,2.558,434.13664762,389.16158444
2017-02-13,998.702,15833400,1225.33,17.8255,,,54.15,,,0.81504737,56.02659112,,,18.44325023,,,,2.307,2.565,432.90073689,389.35750487
2017-02-14,1009.9,15835200,1228.09,17.96,,,54.96,,,0.82233387,56.23051225,,,18.37518195,,,,2.307,2.565,437.75465973,393.72319688
2017-02-15,1010.2,15837000,1233.67,17.98,,,54.57,,,0.81885756,56.18464961,,,18.51200293,,,,2.307,2.565,437.88469874,393.84015595
2017-02-16,1033.59,15838800,1239.1,18.11,,,54.16,,,0.83414575,57.07288791,,,19.08401034,,,,2.307,2.565,448.02340702,402.95906433
2017-02-17,1056.97,15840600,1236.12,18.01,,,54.48,,,0.85507071,58.68795114,,,19.40106461,,,,2.307,2.565,458.15778067,412.07407407
2017-02-18,1058.316667,15842400,1236.686667,18.03,,,54.736667,,,0.85576783,58.69754115,,,19.33469327,,,,2.307,2.565,458.74151149,412.59909045
2017-02-19,1059.663333,15844200,1237.253333,18.05,,,54.993333,,,0.85646432,58.70710986,,,19.2689418,,,,2.307,2.565,459.32524187,413.12410643
2017-02-20,1061.01,15846000,1237.82,18.07,,,55.25,,,0.85716017,58.71665744,,,19.2038009,,,,2.302,2.572,460.90790617,412.52332815
2017-02-21,1122.96,15847800,1235.78,17.9725,,,56.34,,,0.90870543,62.48212547,,,19.93184239,,,,2.302,2.572,487.81928758,436.6096423
2017-02-22,1122.46,15849600,1237.49,18.0265,,,54.9,,,0.90704571,62.26721771,,,20.44553734,,,,2.302,2.572,487.60208514,436.41524106
2017-02-23,1176.33,15851400,1249.63,18.19,,,55.82,,,0.94134264,64.66904893,,,21.07362952,,,,2.302,2.572,511.00347524,457.3600311
2017-02-24,1165.37,15853200,1256.68,18.35,,,54.69,,,0.92734029,63.50790191,,,21.30864875,,,,2.302,2.572,506.24239791,453.09875583
2017-02-25,1173.596667,15855000,1255.466667,18.323,,,54.676667,,,0.93478919,64.05046483,,,21.46430519,,,,2.302,2.572,509.81610209,456.29730443
2017-02-26,1181.823333,15856800,1254.253333,18.296,,,54.663333,,,0.9422525,64.59462904,,,21.62003793,,,,2.302,2.572,513.38980582,459.49585264
2017-02-27,1190.05,15858600,1253.04,18.269,,,54.65,,,0.94973026,65.14040177,,,21.77584629,,,,2.314,2.577,514.28262748,461.79666279
2017-02-28,1192.75,15860400,1248.89,18.31,,,53.36,,,0.95504808,65.14199891,,,22.35288606,,,,2.314,2.577,515.4494382,462.8443927
2017-03-01,1225.79,15862200,1248.87,18.42,,,55.72,,,0.98151929,66.54668838,,,21.99910266,,,,2.314,2.577,529.72774417,475.66550252
2017-03-02,1263.58,15864000,1234.46,17.79,,,54.16,,,1.02358926,71.02754356,,,23.33050222,,,,2.314,2.577,546.05877269,490.3298409
2017-03-03,1280.08,15865800,1234.3,17.9365,,,54.12,,,1.03708985,71.36732361,,,23.6526238,,,,2.314,2.577,553.18928263,496.73263485
2017-03-04,1279.863333,15867600,1231.356667,17.8855,,,54.323333,,,1.03939286,71.55871141,,,23.56010322,,,,2.314,2.577,553.09564952,496.64855763
2017-03-05,1279.646667,15869400,1228.413333,17.8345,,,54.526667,,,1.04170692,71.75119387,,,23.46827227,,,,2.314,2.577,553.00201685,496.56448079
2017-03-06,1279.43,15871200,1225.47,17.7835,,,54.73,,,1.04403209,71.94478027,,,23.37712406,,,,2.341,2.579,546.53139684,496.09538581
2017-03-07,1230.92,15873000,1216.84,17.51,,,54.61,,,1.01157095,70.29811536,,,22.5401941,,,,2.341,2.579,525.80948313,477.28576968
2017-03-08,1165.5,15874800,1207.51,17.23,,,53.3,,,0.9652094,67.64364481,,,21.86679174,,,,2.341,2.579,497.86416062,451.91934858
2017-03-09,1188.78,15876600,1203.29,16.96,,,50.65,,,0.98794139,70.09316038,,,23.47048371,,,,2.341,2.579,507.80862879,460.94610314
2017-03-10,1284.52,15878400,1204.45,17.03,,,50.63,,,1.06647848,75.42689372,,,25.37072882,,,,2.341,2.579,548.70568133,498.069019
2017-03-11,1270.786667,15880200,1204.283333,17.013333,,,50.453333,,,1.05522233,74.69357515,,,25.18736804,,,,2.341,2.579,542.83924263,492.74395774
2017-03-12,1257.053333,15882000,1204.116667,16.996667,,,50.276667,,,1.04396307,73.95881398,,,25.00271812,,,,2.341,2.579,536.9728035,487.41889608
2017-03-13,1243.32,15883800,1203.95,16.98,,,50.1,,,1.03270069,73.22261484,,,24.81676647,,,,2.323,2.564,535.22169608,484.91419657
2017-03-14,1246.11,15885600,1198.94,16.89,,,49.6,,,1.03934309,73.77797513,,,25.12318548,,,,2.323,2.564,536.42272923,486.00234009
2017-03-15,1259.6,15887400,1218.47,17.3,,,50.63,,,1.03375545,72.80924855,,,24.87853052,,,,2.323,2.564,542.22987516,491.26365055
2017-03-16,1173.98,15889200,1227.3,17.34,,,50.56,,,0.95655504,67.70357555,,,23.21954114,,,,2.323,2.564,505.37236332,457.87051482
2017-03-17,1110.62,15891000,1229.42,17.4,,,50.58,,,0.90336907,63.82873563,,,21.95769079,,,,2.323,2.564,478.09728799,433.15912637
2017-03-18,1087.853333,15892800,1231.116667,17.41,,,50.61,,,0.88363139,62.48439592,,,21.49482974,,,,2.323,2.564,468.29674257,424.27977106
2017-03-19,1065.086667,15894600,1232.813333,17.42,,,50.64,,,0.86394804,61.14159971,,,21.03251712,,,,2.323,2.564,458.49619759,415.40041615
2017-03-20,1042.32,15896400,1234.51,17.43,,,50.67,,,0.8443188,59.80034423,,,20.57075192,,,,2.321,2.539,449.08229212,410.52382828
2017-03-21,1115.32,15898200,1244.59,17.5565,,,50.14,,,0.89613447,63.52746846,,,22.24411647,,,,2.321,2.539,480.53425248,439.27530524
2017-03-22,1022.81,15900000,1248.43,17.54,,,49.56,,,0.81927701,58.31299886,,,20.63781275,,,,2.321,2.539,440.67643257,402.83970067
2017-03-23,1025.43,15901800,1244.46,17.58,,,50.17,,,0.82399595,58.32935154,,,20.43910704,,,,2.321,2.539,441.80525636,403.87160299
2017-03-24,961.816,15903600,1243.73,17.77,,,49.97,,,0.77333183,54.12583005,,,19.24786872,,,,2.321,2.539,414.39724257,378.81685703
2017-03-25,985.564,15905400,1247.31,17.88,,,50.02,,,0.79015161,55.12102908,,,19.70339864,,,,2.321,2.539,424.62903921,388.17014573
2017-03-26,1009.312,15907200,1250.89,17.99,,,50.07,,,0.8068751,56.10405781,,,20.15801877,,,,2.321,2.539,434.86083585,397.52343442
2017-03-27,1033.06,15907200,1254.47,18.1,,,50.12,,,0.82350315,57.07513812,,,20.61173184,,,,2.315,2.532,446.2462203,408.00157978
2017-03-28,1035.3,15909000,1251.9,18.195,,,50.72,,,0.82698299,56.90024732,,,20.41206625,,,,2.315,2.532,447.21382289,408.88625592
2017-03-29,1044.28,15910800,1253.7,18.24,,,51.36,,,0.83295844,57.25219298,,,20.33255452,,,,2.315,2.532,451.09287257,412.4328594
2017-03-30,1035.3,15912600,1242.34,18.12,,,52.25,,,0.83334675,57.13576159,,,19.81435407,,,,2.315,2.532,447.21382289,408.88625592
2017-03-31,1076.89,15914400,1247.31,18.21,,,52.2,,,0.86336997,59.1372872,,,20.63007663,,,,2.315,2.532,465.17926566,425.31200632
2017-04-01,1102.483333,15916200,1249.39,18.226667,,,52.146667,,,0.88241729,60.48738,,,21.14197122,,,,2.315,2.532,476.23470108,435.41995774
2017-04-02,1128.076667,15918000,1251.47,18.243333,,,52.093333,,,0.90140129,61.83500937,,,21.6549144,,,,2.315,2.532,487.29013693,445.52790956
2017-04-03,1153.67,15919800,1253.55,18.26,,,52.04,,,0.92032228,63.18017525,,,22.16890853,,,,2.36,2.556,488.84322034,451.35758998
2017-04-04,1139.34,15921600,1256.27,18.33,,,53.08,,,0.90692287,62.15711948,,,21.46458176,,,,2.36,2.556,482.77118644,445.75117371
2017-04-05,1126.51,15923400,1255.52,18.31,,,53.41,,,0.89724576,61.52430366,,,21.09174312,,,,2.36,2.556,477.33474576,440.73161189
2017-04-06,1197.32,15925200,1251.49,18.26,,,53.62,,,0.9567156,65.57064622,,,22.32972771,,,,2.36,2.556,507.33898305,468.43505477
2017-04-07,1198.9,15927000,1254.75,18,,,54.24,,,0.95548914,66.60555556,,,22.10361357,,,,2.36,2.556,508.00847458,469.05320814
2017-04-08,1200.97,15928800,1254.546667,17.983333,,,54.423333,,,0.957294,66.78239234,,,22.06718945,,,,2.36,2.556,508.88559322,469.86306729
2017-04-09,1203.04,15930600,1254.343333,17.966667,,,54.606667,,,0.95909945,66.95955349,,,22.03100951,,,,2.36,2.556,509.76271186,470.67292645
2017-04-10,1205.11,15932400,1254.14,17.95,,,54.79,,,0.96090548,67.13704735,,,21.99507209,,,,2.424,2.582,497.15759076,466.73508908
2017-04-11,1229.11,15934200,1273.57,18.33,,,54.73,,,0.96509026,67.05455537,,,22.45770144,,,,2.424,2.582,507.05858086,476.03020914
2017-04-12,1216.99,15936000,1287.06,18.47,,,54.75,,,0.94555809,65.89009204,,,22.22812785,,,,2.424,2.582,502.05858086,471.33617351
2017-04-13,1178,15937800,1286.99,18.54,,,55.05,,,0.91531403,63.53829558,,,21.39872843,,,,2.424,2.582,485.97359736,456.23547637
2017-04-14,1185.96,15939600,1286.5325,18.5125,,,54.985,,,0.92182669,64.06266036,,,21.56879149,,,,2.424,2.582,489.25742574,459.31835786
2017-04-15,1190.896667,15941400,1286.075,18.485,,,54.92,,,0.92599317,64.42502932,,,21.68420734,,,,2.424,2.582,491.29400454,461.23031255
2017-04-16,1195.833333,15943200,1285.6175,18.4575,,,54.855,,,0.93016261,64.78847802,,,21.79989669,,,,2.424,2.582,493.33058292,463.14226685
2017-04-17,1200.77,15945000,1285.16,18.43,,,54.79,,,0.93433502,65.15301139,,,21.91586056,,,,2.436,2.597,492.92692939,462.36811706
2017-04-18,1216.4,15946800,1289.63,18.3025,,,52.6,,,0.94321627,66.460866,,,23.12547529,,,,2.436,2.597,499.34318555,468.38659992
2017-04-19,1221.75,15948600,1279.96,18.16,,,52.43,,,0.95452202,67.27698238,,,23.30249857,,,,2.436,2.597,501.53940887,470.44666923
2017-04-20,1248.44,15950400,1282.18,18.03,,,50.66,,,0.97368544,69.24237382,,,24.64350572,,,,2.436,2.597,512.49589491,480.72391221
2017-04-21,1250.78,15952200,1284.94,17.9615,,,49.93,,,0.9734151,69.63672299,,,25.05067094,,,,2.436,2.597,513.45648604,481.62495187
2017-04-22,1250.206667,15954000,1281.963333,17.954333,,,49.77,,,0.9752281,69.63258769,,,25.11968389,,,,2.436,2.597,513.22112767,481.40418444
2017-04-23,1249.633333,15955800,1278.986667,17.947167,,,49.61,,,0.97704954,69.62844515,,,25.18914197,,,,2.436,2.597,512.98576888,481.18341663
2017-04-24,1249.06,15957600,1276.01,17.94,,,49.45,,,0.97887948,69.62430323,,,25.25904954,,,,2.449,2.595,510.0285831,481.33333333
2017-04-25,1263.1,15959400,1263.92,17.6,,,49.37,,,0.99935122,71.76704545,,,25.58436297,,,,2.449,2.595,515.76153532,486.74373796
2017-04-26,1289.66,15961200,1268.23,17.51,,,49.99,,,1.01689757,73.65276985,,,25.79835967,,,,2.449,2.595,526.60677828,496.97880539
2017-04-27,1329.96,15963000,1264.65,17.27,,,49.46,,,1.05164275,77.00984366,,,26.88960776,,,,2.449,2.595,543.06247448,512.50867052
2017-04-28,1295,15964800,1268.16,17.23,,,49.46,,,1.02116452,75.15960534,,,26.18277396,,,,2.449,2.595,528.78726011,499.03660886
2017-04-29,1336.953333,15966600,1264.156667,17.103333,,,49.776667,,,1.05758516,78.16916931,,,26.85903685,,,,2.449,2.595,545.91806166,515.20359653
2017-04-30,1378.906667,15968400,1260.153333,16.976667,,,50.093333,,,1.09423721,81.22363872,,,27.52675026,,,,2.449,2.595,563.04886362,531.37058459
2017-05-01,1420.86,15970200,1256.15,16.85,,,50.41,,,1.13112288,84.32403561,,,28.18607419,,,,2.411,2.583,589.32393198,550.08130081
2017-05-02,1425.31,15972000,1256.95,16.8415,,,49.31,,,1.13394328,84.63082267,,,28.90509025,,,,2.411,2.583,591.16963915,551.80410376
2017-05-03,1476.89,15973800,1237.56,16.48,,,48.82,,,1.1933886,89.61711165,,,30.25174109,,,,2.411,2.583,612.56325176,571.77313202
2017-05-04,1504.44,15975600,1227.89,16.33,,,47.53,,,1.22522376,92.12737293,,,31.65243004,,,,2.411,2.583,623.99004562,582.43902439
2017-05-05,1503.99,15977400,1229.41,16.36,,,47.45,,,1.2233429,91.9309291,,,31.69631191,,,,2.411,2.583,623.80340108,582.26480836
2017-05-06,1540.293333,15979200,1228.11,16.316667,,,47.17,,,1.25419819,94.39999805,,,32.65408804,,,,2.411,2.583,638.86077686,596.31952497
2017-05-07,1576.596667,15981000,1226.81,16.273333,,,46.89,,,1.28511886,96.88222241,,,33.62330277,,,,2.411,2.583,653.91815305,610.37424197
2017-05-08,1612.9,15982800,1225.51,16.23,,,46.61,,,1.31610513,99.37769563,,,34.6041622,,,,2.372,2.565,679.97470489,628.81091618
2017-05-09,1699.81,15984600,1221.11,16.19,,,47.06,,,1.39202037,104.99135269,,,36.1200595,,,,2.372,2.565,716.61467116,662.69395712
2017-05-10,1743.07,15986400,1219.34,16.21,,,48.09,,,1.42951925,107.53053671,,,36.24599709,,,,2.372,2.565,734.85244519,679.55945419
2017-05-11,1803.75,15988200,1224.98,16.3375,,,49.18,,,1.47247302,110.4055088,,,36.67649451,,,,2.372,2.565,760.43423272,703.21637427
2017-05-12,1665.28,15990000,1228.01,16.451,,,49.08,,,1.35608016,101.22667315,,,33.92991035,,,,2.372,2.565,702.05733558,649.23196881
2017-05-13,1676.503333,15991800,1229.026667,16.510667,,,49.816667,,,1.36409028,101.54061813,,,33.65346246,,,,2.372,2.565,706.78892622,653.60753723
2017-05-14,1687.726667,15993600,1230.043333,16.570333,,,50.553333,,,1.37208716,101.8523084,,,33.3850721,,,,2.372,2.565,711.52051728,657.98310604
2017-05-15,1698.95,15995400,1231.06,16.63,,,51.29,,,1.38007083,102.16175586,,,33.12439072,,,,2.369,2.544,717.15913888,667.82625786
2017-05-16,1714.38,15997200,1236.78,16.85,,,51.21,,,1.38616407,101.74362018,,,33.47744581,,,,2.369,2.544,723.67243563,673.89150943
2017-05-17,1782.21,15999000,1261.91,16.9,,,51.76,,,1.4123115,105.45621302,,,34.43218702,,,,2.369,2.544,752.30476995,700.55424528
2017-05-18,1877.58,16000800,1246.88,16.58,,,51.71,,,1.50582253,113.24366707,,,36.30980468,,,,2.369,2.544,792.56226256,738.04245283
2017-05-19,1931.62,16002600,1255.14,16.85,,,52.78,,,1.53896776,114.63620178,,,36.59757484,,,,2.369,2.544,815.37357535,759.28459119
2017-05-20,2012.7,16004400,1256.976667,16.957167,,,52.97,,,1.60122304,118.69317558,,,37.99697942,,,,2.369,2.544,849.59898691,791.15566038
2017-05-21,2093.78,16006200,1258.813333,17.064333,,,53.16,,,1.66329665,122.69919955,,,39.38638074,,,,2.369,2.544,883.82439848,823.02672956
2017-05-22,2174.86,16008000,1260.65,17.1715,,,53.35,,,1.72518939,126.65521358,,,40.76588566,,,,2.399,2.539,906.56940392,856.58133123
2017-05-23,2276.35,16009800,1251.44,17.06,,,53.19,,,1.81898453,133.43200469,,,42.7965783,,,,2.399,2.539,948.87453105,896.55376132
2017-05-24,2502.5,16011600,1259.86,17.23,,,53.29,,,1.98633181,145.24085897,,,46.96003002,,,,2.399,2.539,1043.14297624,985.62426152
2017-05-25,2585.32,16013400,1254.99,17.17,,,52.25,,,2.06003235,150.57192778,,,49.47980861,,,,2.399,2.539,1077.66569404,1018.24340291
2017-05-26,2272.73,16015200,1267.36,17.34,,,50.84,,,1.79327894,131.06862745,,,44.70357986,,,,2.399,2.539,947.36556899,895.12800315
2017-05-27,2290.346667,16017000,1267.2,17.366667,,,51.31,,,1.80740741,131.88176332,,,44.63743261,,,,2.399,2.539,954.70890663,902.06643048
2017-05-28,2307.963333,16018800,1267.04,17.393333,,,51.78,,,1.82153944,132.69241341,,,44.57248615,,,,2.399,2.539,962.05224385,909.00485742
2017-05-29,2325.58,16020600,1266.88,17.42,,,52.25,,,1.83567504,133.50057405,,,44.50870813,,,,2.406,2.571,966.5752286,904.54297939
2017-05-30,2223.21,16022400,1262.35,17.4,,,50.65,,,1.76116766,127.77068966,,,43.89358342,,,,2.406,2.571,924.02743142,864.72578763
2017-05-31,2307.34,16024200,1268.58,17.34,,,49.4,,,1.81883681,133.06459054,,,46.70728745,,,,2.406,2.571,958.99418121,897.44846363
2017-06-01,2438.43,16026000,1265.11,17.3,,,50.41,,,1.92744504,140.94971098,,,48.37195001,,,,2.406,2.571,1013.47880299,948.43640607
2017-06-02,2440.81,16027800,1278.29,17.53,,,48.46,,,1.9094337,139.23616657,,,50.3675196,,,,2.406,2.571,1014.46799667,949.36211591
2017-06-03,2521.34,16029600,1277.716667,17.54,,,48.39,,,1.97331698,143.74800456,,,52.10456706,,,,2.406,2.571,1047.93848712,980.68455854
2017-06-04,2601.87,16031400,1277.143333,17.55,,,48.32,,,2.03725763,148.25470085,,,53.84664735,,,,2.406,2.571,1081.40897756,1012.00700117
2017-06-05,2682.4,16033200,1276.57,17.56,,,48.25,,,2.10125571,152.75626424,,,55.59378238,,,,2.414,2.564,1111.18475559,1046.17784711
2017-06-06,2906.98,16035000,1293.83,17.71,,,48.11,,,2.24680213,164.1434218,,,60.42361255,,,,2.414,2.564,1204.21706711,1133.7675507
2017-06-07,2700.51,16036800,1287.49,17.6,,,47.08,,,2.09749979,153.43806818,,,57.36002549,,,,2.414,2.564,1118.68682684,1053.24102964
2017-06-08,2798.77,16038600,1277.27,17.44,,,46.3,,,2.19121251,160.47993119,,,60.44859611,,,,2.414,2.564,1159.3910522,1091.56396256
2017-06-09,2852.25,16040400,1267.65,17.23,,,46.64,,,2.25002958,165.53975624,,,61.15458834,,,,2.414,2.564,1181.54515327,1112.42199688
2017-06-10,2799.49,16042200,1267.163333,17.143333,,,46.82,,,2.20925742,163.29905042,,,59.79261,,,,2.414,2.564,1159.68931234,1091.84477379
2017-06-11,2746.73,16044000,1266.676667,17.056667,,,47,,,2.16845393,161.03556457,,,58.44106383,,,,2.414,2.564,1137.83347142,1071.2675507
2017-06-12,2693.97,16045800,1266.19,16.97,,,47.18,,,2.12761908,158.74896877,,,57.09983044,,,,2.366,2.524,1138.61792054,1067.34152139
2017-06-13,2732.99,16047600,1266.31,16.85,,,46.95,,,2.1582314,162.19525223,,,58.21064963,,,,2.366,2.524,1155.10989011,1082.80110935
2017-06-14,2491.28,16049400,1261.26,16.92,,,45.47,,,1.97523112,147.23877069,,,54.78953156,,,,2.366,2.524,1052.9501268,987.03645008
2017-06-15,2430.13,16051200,1254.89,16.76,,,45.61,,,1.9365283,144.99582339,,,53.28064021,,,,2.366,2.524,1027.10481826,962.80903328
2017-06-16,2554.93,16053000,1254.55,16.7,,,45.7,,,2.03653103,152.98982036,,,55.90656455,,,,2.366,2.524,1079.85207101,1012.25435816
2017-06-17,2577.49,16054800,1251.153333,16.636667,,,45.776667,,,2.06009122,154.92826778,,,56.30575944,,,,2.366,2.524,1089.38715131,1021.19255151
2017-06-18,2600.05,16056600,1247.756667,16.573333,,,45.853333,,,2.08377969,156.88153976,,,56.70362065,,,,2.366,2.524,1098.92223161,1030.13074485
2017-06-19,2622.61,16058400,1244.36,16.51,,,45.93,,,2.10759748,158.84978801,,,57.10015241,,,,2.318,2.489,1131.41069888,1053.68019285
2017-06-20,2802.69,16060200,1243.68,16.46,,,43.98,,,2.25354593,170.2727825,,,63.72646658,,,,2.318,2.489,1209.09836066,1126.03053435
2017-06-21,2701.24,16062000,1247.68,16.5,,,44.62,,,2.16501026,163.71151515,,,60.53877185,,,,2.318,2.489,1165.33218292,1085.27119325
2017-06-22,2742.73,16063800,1250.58,16.55,,,44.46,,,2.19316637,165.72386707,,,61.68983356,,,,2.318,2.489,1183.23123382,1101.94053837
2017-06-23,2766.25,16065600,1255.86,16.7,,,44.14,,,2.20267386,165.64371257,,,62.66991391,,,,2.318,2.489,1193.37791199,1111.39011651
2017-06-24,2670.886667,16067400,1252.343333,16.67,,,44.123333,,,2.13271121,160.22115579,,,60.5322963,,,,2.318,2.489,1152.23756126,1073.07620209
2017-06-25,2575.523333,16069200,1248.826667,16.64,,,44.106667,,,2.06235453,154.77904645,,,58.39306182,,,,2.318,2.489,1111.09721009,1034.76228726
2017-06-26,2480.16,16071000,1245.31,16.61,,,44.09,,,1.99160049,149.31727875,,,56.25221139,,,,2.288,2.465,1083.98601399,1006.15010142
2017-06-27,2475.86,16072800,1247.63,16.67,,,46.17,,,1.98445052,148.52189562,,,53.62486463,,,,2.288,2.465,1082.10664336,1004.40567951
2017-06-28,2617.8,16074600,1249.49,16.8,,,46.45,,,2.0950948,155.82142857,,,56.35737352,,,,2.288,2.465,1144.14335664,1061.98782961
2017-06-29,2583.31,16076400,1244.72,16.63,,,47.02,,,2.07541455,155.34034877,,,54.94066355,,,,2.288,2.465,1129.06905594,1047.9959432
2017-06-30,2545.82,16078200,1241.38,16.62,,,47.08,,,2.05079831,153.17809868,,,54.07434155,,,,2.288,2.465,1112.68356643,1032.78701826
2017-07-01,2564.816667,16080000,1233.993333,16.466667,,,47.763333,,,2.07846882,155.75809403,,,53.6984441,,,,2.288,2.465,1120.98630551,1040.49357688
2017-07-02,2583.813333,16081800,1226.606667,16.313333,,,48.446667,,,2.1064726,158.38659905,,,53.33314948,,,,2.288,2.465,1129.28904414,1048.20013509
2017-07-03,2602.81,16083600,1219.22,16.16,,,49.13,,,2.1348157,161.06497525,,,52.9780175,,,,2.26,2.472,1151.68584071,1052.91666667
2017-07-04,2607.56,16085400,1223.98,16.08,,,49.15,,,2.13039429,162.16169154,,,53.05310275,,,,2.26,2.472,1153.78761062,1054.8381877
2017-07-05,2632.96,16087200,1227.35,16.09,,,47.58,,,2.14523974,163.63952766,,,55.33753678,,,,2.26,2.472,1165.02654867,1065.11326861
2017-07-06,2615.75,16089000,1224.6,16.06,,,48.53,,,2.13600359,162.873599,,,53.8996497,,,,2.26,2.472,1157.41150442,1058.1512945
2017-07-07,2545.82,16090800,1211.97,15.57,,,46.47,,,2.10056355,163.50802826,,,54.78416182,,,,2.26,2.472,1126.46902655,1029.86245955
2017-07-08,2488.416667,16092600,1212.776667,15.604167,,,46.503333,,,2.05183422,159.47129167,,,53.51050143,,,,2.26,2.472,1101.06932168,1006.64104652
2017-07-09,2431.013333,16094400,1213.583333,15.638333,,,46.536667,,,2.00316968,155.45220408,,,52.23866447,,,,2.26,2.472,1075.66961637,983.41963309
2017-07-10,2373.61,16096200,1214.39,15.6725,,,46.57,,,1.95456978,151.45063008,,,50.96864935,,,,2.297,2.481,1033.35219852,956.71503426
2017-07-11,2357.93,16098000,1218.18,15.85,,,46.68,,,1.93561707,148.76529968,,,50.51263925,,,,2.297,2.481,1026.52590335,950.39500202
2017-07-12,2407.9,16099800,1218.29,15.92,,,46.73,,,1.97645881,151.25,,,51.52792639,,,,2.297,2.481,1048.28036569,970.53607416
2017-07-13,2356.82,16101600,1217.57,15.7075,,,47.65,,,1.93567516,150.04424638,,,49.4610703,,,,2.297,2.481,1026.04266434,949.94760177
2017-07-14,2220.74,16103400,1228.47,15.96,,,47.89,,,1.80772831,139.14411028,,,46.37168511,,,,2.297,2.481,966.80017414,895.0987505
2017-07-15,2207.503333,16105200,1230.346667,16.011833,,,47.813333,,,1.79421247,137.86699705,,,46.16919998,,,,2.297,2.481,961.03758511,889.76353607
2017-07-16,2194.266667,16107000,1232.223333,16.063667,,,47.736667,,,1.7807378,136.59811717,,,45.96606351,,,,2.297,2.481,955.27499652,884.42832205
2017-07-17,2181.03,16108800,1234.1,16.1155,,,47.66,,,1.76730411,135.33740809,,,45.76227444,,,,2.278,2.491,957.43195786,875.56403051
2017-07-18,2375.3,16110600,1242.4,16.2885,,,47.92,,,1.91186413,145.82681033,,,49.56803005,,,,2.278,2.491,1042.71290606,953.55279004
2017-07-19,2295.68,16112400,1240.26,16.27,,,48.34,,,1.85096673,141.09895513,,,47.4902772,,,,2.278,2.491,1007.76119403,921.589723
2017-07-20,2759.38,16114200,1244,16.34,,,48.54,,,2.21815113,168.87270502,,,56.84754841,,,,2.278,2.491,1211.31694469,1107.73986351
2017-07-21,2649.71,16116000,1254.29,16.49,,,47.47,,,2.11251784,160.68587022,,,55.81862229,,,,2.278,2.491,1163.1738367,1063.71336813
2017-07-22,2690.09,16117800,1254.553333,16.49,,,47.583333,,,2.14426117,163.13462705,,,56.53429111,,,,2.278,2.491,1180.8999122,1079.92372541
2017-07-23,2730.47,16119600,1254.816667,16.49,,,47.696667,,,2.17599118,165.58338387,,,57.24655771,,,,2.278,2.491,1198.62598771,1096.1340827
2017-07-24,2770.85,16121400,1255.08,16.49,,,47.81,,,2.20770788,168.03214069,,,57.95544865,,,,2.312,2.507,1198.46453287,1105.24531312
2017-07-25,2595.38,16123200,1250.1,16.4975,,,49.19,,,2.07613791,157.31959388,,,52.76235007,,,,2.312,2.507,1122.56920415,1035.25329079
2017-07-26,2483.24,16125000,1261.31,16.64,,,50.08,,,1.96877849,149.23317308,,,49.58546326,,,,2.312,2.507,1074.06574394,990.5225369
2017-07-27,2672.37,16126800,1258.65,16.58,,,50.67,,,2.12320343,161.18033776,,,52.74067496,,,,2.312,2.507,1155.86937716,1065.96330275
2017-07-28,2772.39,16128600,1269.18,16.73,,,52,,,2.18439465,165.71368799,,,53.31519231,,,,2.312,2.507,1199.13062284,1105.85959314
2017-07-29,2805.84,16130400,1269.253333,16.7635,,,51.996667,,,2.21062252,167.3779342,,,53.96192029,,,,2.312,2.507,1213.59861592,1119.20223375
2017-07-30,2839.29,16132200,1269.326667,16.797,,,51.993333,,,2.23684736,169.03554206,,,54.60873224,,,,2.312,2.507,1228.066609,1132.54487435
2017-07-31,2872.74,16134000,1269.4,16.8305,,,51.99,,,2.26306917,170.6865512,,,55.25562608,,,,2.352,2.531,1221.40306122,1135.02173054
2017-08-01,2724.8,16135800,1268.66,16.71,,,50.77,,,2.14777797,163.06403351,,,53.66948986,,,,2.352,2.531,1158.50340136,1076.57052548
2017-08-02,2693.24,16137600,1266.65,16.5825,,,52.09,,,2.12627008,162.4145937,,,51.70358994,,,,2.352,2.531,1145.08503401,1064.10114579
2017-08-03,2806.62,16139400,1267.92,16.66,,,52.88,,,2.21356237,168.46458583,,,53.07526475,,,,2.352,2.531,1193.29081633,1108.89766891
2017-08-04,2854.7,16141200,1258.82,16.28,,,52.48,,,2.26775869,175.35012285,,,54.39596037,,,,2.352,2.531,1213.7329932,1127.894113
2017-08-05,3036.533333,16143000,1258.273333,16.283333,,,52.126667,,,2.41325414,186.48106828,,,58.25297315,,,,2.352,2.531,1291.04308376,1199.73659937
2017-08-06,3218.366667,16144800,1257.726667,16.286667,,,51.773333,,,2.55887607,197.60744583,,,62.16263239,,,,2.352,2.531,1368.35317474,1271.57908613
2017-08-07,3400.2,16146600,1257.18,16.29,,,51.42,,,2.70462464,208.72928177,,,66.126021,,,,2.378,2.581,1429.85702271,1317.396358
2017-08-08,3459.01,16148400,1260.28,16.45,,,52.18,,,2.74463611,210.27416413,,,66.28995784,,,,2.378,2.581,1454.58788898,1340.18209996
2017-08-09,3386.39,16150200,1277.37,16.9505,,,52.16,,,2.6510643,199.7811274,,,64.92312117,,,,2.378,2.581,1424.04962153,1312.04571871
2017-08-10,3462.6,16152000,1286.56,17.12,,,52.59,,,2.69136301,202.2546729,,,65.84141472,,,,2.378,2.581,1456.09756098,1341.57303371
2017-08-11,3571.43,16153800,1290.96,17.12,,,51.47,,,2.7664916,208.61156542,,,69.38857587,,,,2.378,2.581,1501.86291001,1383.73886091
2017-08-12,3831.49,16155600,1287.986667,17.1055,,,51.41,,,2.97479011,223.99169858,,,74.52810737,,,,2.378,2.581,1611.22371741,1484.49825649
2017-08-13,4091.55,16157400,1285.013333,17.091,,,51.35,,,3.18405257,239.39792873,,,79.67964946,,,,2.378,2.581,1720.58452481,1585.25765207
2017-08-14,4351.61,16159200,1282.04,17.0765,,,51.29,,,3.39428567,254.83032237,,,84.8432443,,,,2.384,2.598,1825.3397651,1674.98460354
2017-08-15,4173.62,16161000,1271.5,16.633,,,49.9,,,3.28243807,250.92406661,,,83.63967936,,,,2.384,2.598,1750.6795302,1606.47421093
2017-08-16,4378.28,16162800,1283.15,17.1275,,,50.39,,,3.4121342,255.62866735,,,86.88787458,,,,2.384,2.598,1836.52684564,1685.25019246
2017-08-17,4353.5,16164600,1287.53,17.04,,,50.37,,,3.38128044,255.4870892,,,86.43041493,,,,2.384,2.598,1826.13255034,1675.71208622
2017-08-18,4173.62,16166400,1286.6,17.04,,,50.96,,,3.24391419,244.93075117,,,81.89992151,,,,2.384,2.598,1750.6795302,1606.47421093
2017-08-19,4145.74,16168200,1288.393333,17.033333,,,51.286667,,,3.21775959,243.38982864,,,80.83465436,,,,2.384,2.598,1738.98489933,1595.74287914
2017-08-20,4117.86,16170000,1290.186667,17.026667,,,51.613333,,,3.19167769,241.84768516,,,79.78287316,,,,2.384,2.598,1727.29026846,1585.01154734
2017-08-21,4089.98,16171800,1291.98,17.02,,,51.94,,,3.1656682,240.30434783,,,78.74432037,,,,2.36,2.596,1733.04237288,1575.49306626
2017-08-22,4152.82,16173600,1285.05,16.9945,,,52.29,,,3.23164079,244.3625879,,,79.41900937,,,,2.36,2.596,1759.66949153,1599.69953775
2017-08-23,4144.22,16175400,1290.75,17.0985,,,52.31,,,3.21070695,242.3733076,,,79.22424011,,,,2.36,2.596,1756.02542373,1596.38674884
2017-08-24,4288.16,16177200,1288.18,16.98,,,51.73,,,3.32885156,252.5418139,,,82.8950319,,,,2.36,2.596,1817.01694915,1651.83359014
2017-08-25,4378.28,16179000,1291.08,17.04,,,51.87,,,3.39117638,256.94131455,,,84.40871409,,,,2.36,2.596,1855.20338983,1686.54853621
2017-08-26,4394.433333,16180800,1297.666667,17.173333,,,51.87,,,3.38641151,255.88703911,,,84.72013366,,,,2.36,2.596,1862.04802246,1692.77092951
2017-08-27,4410.586667,16182600,1304.253333,17.306667,,,51.87,,,3.38169476,254.84899357,,,85.03155325,,,,2.36,2.596,1868.89265551,1698.99332319
2017-08-28,4426.74,16184400,1310.84,17.44,,,51.87,,,3.37702542,253.82683486,,,85.34297282,,,,2.399,2.605,1845.2438516,1699.3243762
2017-08-29,4670.71,16186200,1309.86,17.4,,,51.64,,,3.56580856,268.4316092,,,90.4475213,,,,2.399,2.605,1946.94039183,1792.97888676
2017-08-30,4631.77,16188000,1308.41,17.44,,,51.91,,,3.53999893,265.5831422,,,89.22693123,,,,2.399,2.605,1930.7086286,1778.03071017
2017-08-31,4766.44,16189800,1320.64,17.58,,,52.69,,,3.60918948,271.12855518,,,90.46194724,,,,2.399,2.605,1986.84451855,1829.72744722
2017-09-01,4892.37,16191600,1325.67,17.71,,,53.15,,,3.69048858,276.24901186,,,92.04835372,,,,2.399,2.605,2039.33722384,1878.06909789
2017-09-02,4733.9,16193400,1328.573333,17.775,,,52.966667,,,3.56314543,266.32348805,,,89.3750781,,,,2.399,2.605,1973.28053356,1817.23608445
2017-09-03,4575.43,16195200,1331.476667,17.84,,,52.783333,,,3.43635763,256.47029148,,,86.68323389,,,,2.399,2.605,1907.22384327,1756.40307102
2017-09-04,4416.96,16197000,1334.38,17.905,,,52.6,,,3.31012155,246.68863446,,,83.97262357,,,,2.679,2.758,1648.73460246,1601.50833938
2017-09-05,4416.96,16198800,1339.68,17.8875,,,53.63,,,3.29702616,246.92997904,,,82.35987321,,,,2.679,2.758,1648.73460246,1601.50833938
2017-09-06,4614.67,16200600,1334.29,17.8735,,,54.48,,,3.45852101,258.18502252,,,84.70392805,,,,2.679,2.758,1722.53452781,1673.19434373
2017-09-07,4631.77,16202400,1349.2,18.1275,,,54.16,,,3.4329751,255.51068818,,,85.52012555,,,,2.679,2.758,1728.91750653,1679.39448876
2017-09-08,4214.08,16204200,1346.54,18.01,,,54.55,,,3.12956169,233.98556358,,,77.25169569,,,,2.679,2.758,1573.00485256,1527.94778825
2017-09-09,4205.253333,16206000,1340.41,17.94,,,54.433333,,,3.13728884,234.4065403,,,77.25511376,,,,2.679,2.758,1569.71009071,1524.74740138
2017-09-10,4196.426667,16207800,1334.28,17.87,,,54.316667,,,3.14508699,234.83081517,,,77.2585451,,,,2.679,2.758,1566.41532923,1521.54701487
2017-09-11,4187.6,16209600,1328.15,17.8,,,54.2,,,3.15295712,235.25842697,,,77.26199262,,,,2.685,2.802,1559.62756052,1494.50392577
2017-09-12,4182.35,16211400,1332,17.907,,,55.06,,,3.1399024,233.55950187,,,75.95986197,,,,2.685,2.802,1557.67225326,1492.6302641
2017-09-13,3916.96,16213200,1324.14,17.78,,,55.52,,,2.95811621,220.30146232,,,70.55043228,,,,2.685,2.802,1458.83054004,1397.91577445
2017-09-14,3307.97,16215000,1328.97,17.79,,,56.76,,,2.48912316,185.94547499,,,58.27995067,,,,2.685,2.802,1232.01862197,1180.57458958
2017-09-15,3637.69,16216800,1320.91,17.61,,,56.18,,,2.75392722,206.56956275,,,64.750623,,,,2.685,2.802,1354.81936685,1298.24768023
2017-09-16,3771.926667,16218600,1316.346667,17.48,,,55.953333,,,2.86545084,215.78527843,,,67.41201042,,,,2.685,2.802,1404.81440112,1346.15512741
2017-09-17,3906.163333,16220400,1311.783333,17.35,,,55.726667,,,2.97775039,225.139097,,,70.09504683,,,,2.685,2.802,1454.80943501,1394.06257423
2017-09-18,4040.4,16222200,1307.22,17.22,,,55.5,,,3.09083398,234.63414634,,,72.8,,,,2.634,2.791,1533.94077449,1447.65317091
2017-09-19,3901.68,16224000,1311.15,17.3175,,,56.58,,,2.97576936,225.30272845,,,68.95864263,,,,2.634,2.791,1481.27562642,1397.95055536
2017-09-20,3932.36,16225800,1300.93,17.19,,,57.2,,,3.02272989,228.75858057,,,68.74755245,,,,2.634,2.791,1492.92331055,1408.94303117
2017-09-21,3653.64,16227600,1291.98,16.96,,,57.73,,,2.82793851,215.42688679,,,63.28841157,,,,2.634,2.791,1387.1070615,1309.07918309
2017-09-22,3585.51,16229400,1297.19,16.99,,,58.16,,,2.76405924,211.03649205,,,61.64907153,,,,2.634,2.791,1361.24145786,1284.66857757
2017-09-23,3707.343333,16231200,1301.72,17.056667,,,58.58,,,2.8480344,217.35450033,,,63.2868442,,,,2.634,2.791,1407.49557062,1328.32079291
2017-09-24,3829.176667,16233000,1306.25,17.123333,,,59,,,2.93142711,223.62332538,,,64.90129944,,,,2.634,2.791,1453.74968375,1371.9730086
2017-09-25,3951.01,16234800,1310.78,17.19,,,59.42,,,3.01424343,229.84351367,,,66.49293167,,,,2.583,2.788,1529.62059621,1417.14849354
2017-09-26,3918.5,16236600,1293.11,16.82,,,59.77,,,3.03029131,232.9667063,,,65.55964531,,,,2.583,2.788,1517.03445606,1405.48780488
2017-09-27,4194.63,16238400,1282.82,16.7675,,,58.74,,,3.2698508,250.16430595,,,71.41011236,,,,2.583,2.788,1623.93728223,1504.53012912
2017-09-28,4184.1,16240200,1286,16.88,,,58.8,,,3.25357698,247.87322275,,,71.15816327,,,,2.583,2.788,1619.86062718,1500.75322812
2017-09-29,4166.67,16242000,1280.59,16.66,,,57.02,,,3.25371118,250.1002401,,,73.07383374,,,,2.583,2.788,1613.1126597,1494.50143472
2017-09-30,4240.41,16243800,1277.44,16.636667,,,56.57,,,3.31945923,254.883385,,,74.95863532,,,,2.583,2.788,1641.66085947,1520.95050215
2017-10-01,4314.15,16245600,1274.29,16.613333,,,56.12,,,3.38553234,259.67998113,,,76.87366358,,,,2.583,2.788,1670.20905923,1547.39956958
2017-10-02,4387.89,16247400,1271.14,16.59,,,55.67,,,3.45193291,264.49005425,,,78.81965152,,,,2.565,2.792,1710.67836257,1571.59383954
2017-10-03,4286.33,16249200,1271.65,16.637,,,56.12,,,3.37068376,257.63839635,,,76.37794013,,,,2.565,2.792,1671.08382066,1535.21848138
2017-10-04,4215.85,16251000,1274.24,16.58,,,56,,,3.30852116,254.27322075,,,75.28303571,,,,2.565,2.792,1643.60623782,1509.97492837
2017-10-05,4330.88,16252800,1268.37,16.597,,,57.09,,,3.41452415,260.94354401,,,75.86057103,,,,2.565,2.792,1688.45224172,1551.1747851
2017-10-06,4344.05,16254600,1274.88,16.79,,,55.5,,,3.40741874,258.72840977,,,78.27117117,,,,2.565,2.792,1693.58674464,1555.89183381
2017-10-07,4497.826667,16256400,1277.77,16.85,,,55.43,,,3.52005969,266.93333335,,,81.14426605,,,,2.565,2.792,1753.5386616,1610.9694366
2017-10-08,4651.603333,16258200,1280.66,16.91,,,55.36,,,3.63219225,275.08003152,,,84.02462668,,,,2.565,2.792,1813.49057817,1666.04703904
2017-10-09,4805.38,16260000,1283.55,16.97,,,55.29,,,3.74381987,283.16912198,,,86.9122807,,,,2.504,2.776,1919.08146965,1731.04466859
2017-10-10,4830.92,16261800,1288.05,17.117,,,56.62,,,3.75056869,282.22936262,,,85.32179442,,,,2.504,2.776,1929.28115016,1740.24495677
2017-10-11,4810,16263600,1291.75,17.173,,,56.13,,,3.72363073,280.09084027,,,85.69392482,,,,2.504,2.776,1920.92651757,1732.70893372
2017-10-12,5288.21,16265400,1294.41,17.25,,,56.13,,,4.08542116,306.56289855,,,94.21361126,,,,2.504,2.776,2111.90495208,1904.97478386
2017-10-13,5509.64,16267200,1303.5,17.4,,,56.86,,,4.22680476,316.64597701,,,96.89834682,,,,2.504,2.776,2200.33546326,1984.74063401
2017-10-14,5575.68,16269000,1300.93,17.343333,,,57.07,,,4.28591854,321.48837827,,,97.69896618,,,,2.504,2.776,2226.70926518,2008.53025937
2017-10-15,5641.72,16270800,1298.36,17.286667,,,57.28,,,4.34526634,326.36250817,,,98.49371508,,,,2.504,2.776,2253.08306709,2032.31988473
2017-10-16,5707.76,16272600,1295.79,17.23,,,57.49,,,4.40484955,331.26871735,,,99.28265785,,,,2.489,2.787,2293.19405384,2047.99425906
2017-10-17,5577.24,16274400,1285.7,17.03,,,57.63,,,4.33790153,327.49500881,,,96.77667881,,,,2.489,2.787,2240.75532342,2001.16254037
2017-10-18,5500.55,16276200,1281.58,16.99,,,58.05,,,4.29200674,323.75220718,,,94.75538329,,,,2.489,2.787,2209.94375251,1973.64549695
2017-10-19,5714.29,16278000,1289.86,17.25,,,57.82,,,4.43016296,331.26318841,,,98.82895192,,,,2.489,2.787,2295.81759743,2050.33728023
2017-10-20,6049.61,16279800,1280.68,17.04,,,57.89,,,4.72374832,355.02406103,,,104.50181378,,,,2.489,2.787,2430.53836882,2170.65303193
2017-10-21,5996.166667,16281600,1280.953333,17.05,,,57.823333,,,4.68101883,351.68132944,,,103.69804638,,,,2.489,2.787,2409.06655966,2151.47709616
2017-10-22,5942.723333,16283400,1281.226667,17.06,,,57.756667,,,4.63830756,348.34251659,,,102.89242163,,,,2.489,2.787,2387.5947501,2132.30116003
2017-10-23,5889.28,16285200,1281.5,17.07,,,57.69,,,4.59561451,345.0076157,,,102.08493673,,,,2.479,2.797,2375.66760791,2105.57025384
2017-10-24,5470.46,16287000,1276.78,16.94,,,57.84,,,4.28457526,322.93152302,,,94.57918396,,,,2.479,2.797,2206.7204518,1955.83124777
2017-10-25,5678.59,16288800,1276.98,16.94,,,58.45,,,4.44689032,335.21782763,,,97.15295124,,,,2.479,2.797,2290.67769262,2030.24311763
2017-10-26,5824.11,16290600,1267.56,16.81,,,58.75,,,4.59474108,346.46698394,,,99.13378723,,,,2.479,2.797,2349.37878177,2082.2702896
2017-10-27,5740.53,16292400,1273.25,16.85,,,60.15,,,4.5085647,340.684273,,,95.43690773,,,,2.479,2.797,2315.66357402,2052.38827315
2017-10-28,5859.54,16294200,1274.24,16.847167,,,60.316667,,,4.59845869,347.80565777,,,97.14628297,,,,2.479,2.797,2363.67083501,2094.93743296
2017-10-29,5978.55,16296000,1275.23,16.844333,,,60.483333,,,4.68821311,354.92945906,,,98.84623918,,,,2.479,2.797,2411.67809601,2137.48659278
2017-10-30,6097.56,16299600,1276.22,16.8415,,,60.65,,,4.77782827,362.05563637,,,100.53685078,,,,2.488,2.819,2450.78778135,2163.02234835
2017-10-31,6385.7,16301400,1271.31,16.71,,,61.35,,,5.0229291,382.14841412,,,104.08638957,,,,2.488,2.819,2566.59967846,2265.23589926
2017-11-01,6662.23,16303200,1274.71,17.143,,,60.98,,,5.2264672,388.62684478,,,109.25270581,,,,2.488,2.819,2677.74517685,2363.33096843
2017-11-02,7022.47,16305000,1278.61,17.12,,,60.79,,,5.49226895,410.19100467,,,115.52015134,,,,2.488,2.819,2822.53617363,2491.12096488
2017-11-03,7235.89,16306800,1269.96,16.8495,,,61.42,,,5.69773064,429.44241669,,,117.80999674,,,,2.488,2.819,2908.3159164,2566.82866265
2017-11-04,7153.3,16308600,1273.766667,16.969667,,,62.37,,,5.61586371,421.53449446,,,114.69135802,,,,2.488,2.819,2875.12057878,2537.53103938
2017-11-05,7070.71,16310400,1277.573333,17.089833,,,63.32,,,5.53448465,413.7378054,,,111.66629817,,,,2.488,2.819,2841.92524116,2508.23341611
2017-11-06,6988.12,16312200,1281.38,17.21,,,64.27,,,5.4535891,406.04997095,,,108.7306675,,,,2.561,2.882,2728.66848887,2424.74670368
2017-11-07,7077.14,16314000,1274.69,16.94,,,64.36,,,5.55204795,417.7768595,,,109.9617775,,,,2.561,2.882,2763.4283483,2455.63497571
2017-11-08,7396.45,16315800,1281.55,17.04,,,63.96,,,5.77148765,434.06396714,,,115.64180738,,,,2.561,2.882,2888.11011324,2566.4295628
2017-11-09,7112.38,16317600,1285.83,17,,,64.49,,,5.53135329,418.37529412,,,110.28655606,,,,2.561,2.882,2777.1885982,2467.86259542
2017-11-10,6439.15,16319400,1275.9,16.9,,,64.35,,,5.04675131,381.0147929,,,100.06449106,,,,2.561,2.882,2514.31081609,2234.26439972
2017-11-11,6441.916667,16321200,1276.49,16.95,,,63.88,,,5.04658608,380.05408065,,,100.84403048,,,,2.561,2.882,2515.39112339,2235.22438133
2017-11-12,6444.683333,16323000,1277.08,17,,,63.41,,,5.046421,379.09901959,,,101.63512589,,,,2.561,2.882,2516.4714303,2236.1843626
2017-11-13,6447.45,16324800,1277.67,17.05,,,62.94,,,5.04625608,378.14956012,,,102.43803622,,,,2.592,2.915,2487.44212963,2211.81818182
2017-11-14,6574.62,16326600,1278.37,17.03,,,60.91,,,5.14297113,386.0610687,,,107.93991134,,,,2.592,2.915,2536.50462963,2255.44425386
2017-11-15,7251.63,16328400,1278.21,17,,,61.25,,,5.67326965,426.56647059,,,118.39395918,,,,2.592,2.915,2797.69675926,2487.69468268
2017-11-16,7782.1,16330200,1278.86,17.07,,,61.18,,,6.08518524,455.8933802,,,127.20006538,,,,2.592,2.915,3002.35339506,2669.67409949
2017-11-17,7698.23,16332000,1293.76,17.2885,,,61.34,,,5.95027671,445.2803887,,,125.50097815,,,,2.592,2.915,2969.99614198,2640.90222985
2017-11-18,7884.7,16333800,1288.1,17.163833,,,61.34,,,6.12118624,459.37874133,,,128.54091947,,,,2.592,2.915,3041.9367284,2704.87135506
2017-11-19,8071.17,16335600,1282.44,17.039167,,,61.34,,,6.29360438,473.68336727,,,131.58086078,,,,2.592,2.915,3113.87731481,2768.84048027
2017-11-20,8257.64,16337400,1276.78,16.9145,,,61.34,,,6.46755118,488.19888262,,,134.62080209,,,,2.568,2.912,3215.59190031,2835.72802198
2017-11-21,7980.85,16339200,1280.52,16.9695,,,62.28,,,6.23250711,470.30554819,,,128.14466924,,,,2.568,2.912,3107.8076324,2740.67651099
2017-11-22,8264.46,16341000,1292.09,17.1505,,,62.92,,,6.39619531,481.87866243,,,131.34869676,,,,2.568,2.912,3218.24766355,2838.07005495
2017-11-23,8130.08,16342800,1291.17,17.0975,,,63.27,,,6.29667666,475.51279427,,,128.49818239,,,,2.568,2.912,3165.91900312,2791.92307692
2017-11-24,8237.23,16344600,1288.59,17.0445,,,63.58,,,6.39243669,483.27789023,,,129.55693614,,,,2.568,2.912,3207.644081,2828.71909341
2017-11-25,8712.1,16346400,1290.56,17.047167,,,63.47,,,6.75063538,511.05852368,,,137.26327399,,,,2.568,2.912,3392.5623053,2991.79258242
2017-11-26,9186.97,16348200,1292.53,17.049833,,,63.36,,,7.10774218,538.83049764,,,144.99636995,,,,2.568,2.912,3577.4805296,3154.86607143
2017-11-27,9661.84,16350000,1294.5,17.0525,,,63.25,,,7.46376207,566.59375458,,,152.75636364,,,,2.533,2.926,3814.38610343,3302.06425154
2017-11-28,9940.36,16351800,1293.95,16.865,,,63.56,,,7.68218246,589.40764898,,,156.39332914,,,,2.533,2.926,3924.34267667,3397.25222146
2017-11-29,9960.16,16353600,1283.84,16.5355,,,63.74,,,7.7581007,602.35009525,,,156.26231566,,,,2.533,2.926,3932.15949467,3404.01913876
2017-11-30,9803.92,16355400,1274.87,16.4375,,,63.53,,,7.69013311,596.43619772,,,154.31953408,,,,2.533,2.926,3870.47769443,3350.62200957
2017-12-01,10787,16357200,1280.78,16.4565,,,64.57,,,8.42221146,655.48567435,,,167.05900573,,,,2.533,2.926,4258.58665614,3686.60287081
2017-12-02,11014,16359000,1279.23,16.414167,,,64.196667,,,8.60986687,671.00572329,,,171.56653943,,,,2.533,2.926,4348.20371101,3764.18318524
2017-12-03,11241,16360800,1277.68,16.371833,,,63.823333,,,8.79797758,686.6060752,,,176.1268093,,,,2.533,2.926,4437.82076589,3841.76349966
2017-12-04,11468,16362600,1276.13,16.3295,,,63.45,,,8.98654526,702.2872715,,,180.74074074,,,,2.5,2.922,4587.2,3924.70910335
2017-12-05,11737,16364400,1265.96,16.1005,,,63.45,,,9.271225,728.98357194,,,184.98029945,,,,2.5,2.922,4694.8,4016.76933607
2017-12-06,13793,16366200,1263.31,15.9615,,,62.25,,,10.91814361,864.14184131,,,221.57429719,,,,2.5,2.922,5517.2,4720.39698836
2017-12-07,16611,16368000,1247.2,15.722,,,62.37,,,13.31863374,1056.54496883,,,266.32996633,,,,2.5,2.922,6644.4,5684.80492813
2017-12-08,15198,16369800,1248.02,15.8515,,,63.86,,,12.17768946,958.77361764,,,237.98935171,,,,2.5,2.922,6079.2,5201.23203285
2017-12-09,15772,16371600,1246.046667,15.805167,,,64.446667,,,12.65763187,997.90150904,,,244.72949082,,,,2.5,2.922,6308.8,5397.67282683
2017-12-10,16346,16373400,1244.073333,15.758833,,,65.033333,,,13.13909684,1037.25954834,,,251.34802794,,,,2.5,2.922,6538.4,5594.11362081
2017-12-11,16920,16375200,1242.1,15.7125,,,65.62,,,13.62209162,1076.849642,,,257.84821701,,,,2.485,2.91,6808.85311871,5814.43298969
2017-12-12,17361,16377000,1244.56,15.738,,,64.96,,,13.94950826,1103.12619138,,,267.2567734,,,,2.485,2.91,6986.31790744,5965.97938144
2017-12-13,16529,16378800,1255.49,16.08,,,63.66,,,13.16537766,1027.92288557,,,259.644989,,,,2.485,2.91,6651.50905433,5680.06872852
2017-12-14,16502,16380600,1252.88,15.8975,,,63.72,,,13.17125343,1038.02484667,,,258.97677338,,,,2.485,2.91,6640.64386318,5670.79037801
2017-12-15,17699,16382400,1255.77,16.0525,,,63.81,,,14.09414144,1102.56969319,,,277.37031813,,,,2.485,2.91,7122.33400402,6082.13058419
2017-12-16,18053.333333,16384200,1257.946667,16.0855,,,64.023333,,,14.35142984,1122.33585111,,,281.9805294,,,,2.485,2.91,7264.92287042,6203.89461615
2017-12-17,18407.666667,16386000,1260.123333,16.1185,,,64.236667,,,14.6078294,1142.02107311,,,286.56011476,,,,2.485,2.91,7407.51173722,6325.65864845
2017-12-18,18762,16387800,1262.3,16.1515,,,64.45,,,14.86334469,1161.62585518,,,291.10938712,,,,2.45,2.901,7657.95918367,6467.42502585
2017-12-19,17271,16389600,1261.75,16.1415,,,63.69,,,13.68813156,1069.9749094,,,271.17286858,,,,2.45,2.901,7049.3877551,5953.46432265
2017-12-20,16287,16391400,1265.54,16.1835,,,64.43,,,12.86960507,1006.39540272,,,252.78596927,,,,2.45,2.901,6647.75510204,5614.27094105
2017-12-21,15601,16393200,1266.62,16.127,,,64.64,,,12.31703273,967.38389037,,,241.35210396,,,,2.45,2.901,6367.75510204,5377.80075836
2017-12-22,14347,16395000,1274.12,16.3335,,,64.61,,,11.26032085,878.37879205,,,222.05540938,,,,2.45,2.901,5855.91836735,4945.53602206
2017-12-23,14691,16396800,1276.3275,16.38825,,,64.61,,,11.51036862,896.43494577,,,227.37966259,,,,2.45,2.901,5996.32653061,5064.11582213
2017-12-24,15035,16398600,1278.535,16.443,,,64.61,,,11.75955293,914.3708569,,,232.7039158,,,,2.45,2.901,6136.73469388,5182.6956222
2017-12-25,15379,16400400,1280.7425,16.49775,,,64.61,,,12.00787824,932.18772257,,,238.02816901,,,,2.472,2.903,6221.27831715,5297.62314847
2017-12-26,15723,16402200,1282.95,16.5525,,,64.61,,,12.255349,949.88672406,,,243.35242223,,,,2.472,2.903,6360.4368932,5416.12125388
2017-12-27,15267,16404000,1287.15,16.6875,,,66.03,,,11.86108845,914.87640449,,,231.21308496,,,,2.472,2.903,6175.97087379,5259.04236996
2017-12-28,14065,16405800,1294.96,16.8625,,,66.8,,,10.86133935,834.09933284,,,210.55389222,,,,2.472,2.903,5689.72491909,4844.98794351
2017-12-29,14368,16407600,1303.33,16.9545,,,66.73,,,11.02406912,847.44463122,,,215.31545032,,,,2.472,2.903,5812.29773463,4949.36272821
2017-12-30,14490.75,16409400,1306.905,17.0115,,,66.71,,,11.08783729,851.82082709,,,217.22005696,,,,2.472,2.903,5861.9538835,4991.64657251
2017-12-31,14613.5,16411200,1310.48,17.0685,,,66.69,,,11.15125755,856.16779448,,,219.12580597,,,,2.472,2.903,5911.61003236,5033.93041681
2018-01-01,14736.25,16413000,1314.055,17.1255,,,66.67,,,11.21433273,860.48582523,,,221.03269837,,,,2.52,2.973,5847.71825397,4956.69357551
2018-01-02,14859,16414800,1317.63,17.1825,,,66.65,,,11.27706564,864.77520733,,,222.94073518,,,,2.52,2.973,5896.42857143,4997.98183653
2018-01-03,14881,16416600,1313.15,17.1315,,,67.85,,,11.33229258,868.63380323,,,219.3220339,,,,2.52,2.973,5905.15873016,5005.38176926
2018-01-04,15038,16418400,1322.67,17.2225,,,68.73,,,11.36942699,873.16011032,,,218.79819584,,,,2.52,2.973,5967.46031746,5058.19038009
2018-01-05,16556,16420200,1320.5,17.2125,,,68.01,,,12.53767512,961.85911402,,,243.434789,,,,2.52,2.973,6569.84126984,5568.78573831
2018-01-06,15932,16422000,1320.48,17.186833,,,68.166667,,,12.06530958,926.98870118,,,233.72127025,,,,2.52,2.973,6322.22222222,5358.8967373
2018-01-07,15308,16423800,1320.46,17.161167,,,68.323333,,,11.59292974,892.01392889,,,224.05230143,,,,2.52,2.973,6074.6031746,5149.00773629
2018-01-08,14684,16425600,1320.44,17.1355,,,68.48,,,11.12053558,856.93443436,,,214.42757009,,,,2.522,2.996,5822.36320381,4901.20160214
2018-01-09,14409,16427400,1312.79,16.9705,,,69.08,,,10.97586057,849.06160691,,,208.58425014,,,,2.522,2.996,5713.32275971,4809.41255007
2018-01-10,14451,16429200,1316.99,16.9725,,,69.79,,,10.97274846,851.43614671,,,207.06404929,,,,2.522,2.996,5729.97620936,4823.43124166
2018-01-11,13089,16431000,1322.41,16.9975,,,70.36,,,9.89783804,770.05441977,,,186.02899375,,,,2.522,2.996,5189.92862807,4368.82510013
2018-01-12,13908,16432800,1338.15,17.2555,,,69.64,,,10.39345365,806.00388282,,,199.71280873,,,,2.522,2.996,5514.67089611,4642.18958611
2018-01-13,13876,16434600,1338.816667,17.287833,,,69.863333,,,10.3643765,802.6454212,,,198.61634715,,,,2.522,2.996,5501.98255353,4631.50867824
2018-01-14,13844,16436400,1339.483333,17.320167,,,70.086667,,,10.3353283,799.29945248,,,197.52687055,,,,2.522,2.996,5489.29421094,4620.82777036
2018-01-15,13812,16438200,1340.15,17.3525,,,70.31,,,10.306309,795.96599914,,,196.44431802,,,,2.557,3.028,5401.64254986,4561.42668428
2018-01-16,11062,16440000,1338.43,17.1955,,,69.4,,,8.26490739,643.30784217,,,159.39481268,,,,2.557,3.028,4326.16347282,3653.23645971
2018-01-17,11086,16441800,1326.98,17.0005,,,69.19,,,8.35430828,652.09846769,,,160.22546611,,,,2.557,3.028,4335.54947204,3661.16248349
2018-01-18,11287,16443600,1327.05,16.9505,,,69.48,,,8.50533137,665.88006254,,,162.44962579,,,,2.557,3.028,4414.15721549,3727.54293263
2018-01-19,11390,16445400,1332.28,17.0285,,,68.56,,,8.54925391,668.87864463,,,166.13185531,,,,2.557,3.028,4454.43879546,3761.55878468
2018-01-20,11147,16447200,1332.833333,17.024833,,,68.813333,,,8.36338627,654.74944747,,,161.98895641,,,,2.557,3.028,4359.40555338,3681.30779392
2018-01-21,10904,16449000,1333.386667,17.021167,,,69.066667,,,8.17767289,640.61412475,,,157.87644711,,,,2.557,3.028,4264.3723113,3601.05680317
2018-01-22,10661,16450800,1333.94,17.0175,,,69.32,,,7.99211359,626.47274864,,,153.79399885,,,,2.567,3.025,4153.09700039,3524.29752066
2018-01-23,11050,16452600,1341.29,17.0525,,,69.81,,,8.23833772,647.99882715,,,158.2867784,,,,2.567,3.025,4304.63576159,3652.89256198
2018-01-24,11099,16454400,1358.52,17.5605,,,69.91,,,8.16992021,632.04350673,,,158.76126448,,,,2.567,3.025,4323.72419166,3669.09090909
2018-01-25,11161,16456200,1348.06,17.3075,,,71.08,,,8.27930508,644.86494294,,,157.02025886,,,,2.567,3.025,4347.8768991,3689.58677686
2018-01-26,10965,16458000,1349.64,17.4105,,,70.08,,,8.12438873,629.79236668,,,156.4640411,,,,2.567,3.025,4271.52317881,3624.79338843
2018-01-27,10993.333333,16459800,1346.56,17.328833,,,69.523333,,,8.16401299,634.39548024,,,158.12437147,,,,2.567,3.025,4282.56070627,3634.1597795
2018-01-28,11021.666667,16461600,1343.48,17.247167,,,68.966667,,,8.20381894,639.04214918,,,159.81150237,,,,2.567,3.025,4293.59823413,3643.52617091
2018-01-29,11050,16463400,1340.4,17.1655,,,68.41,,,8.24380782,643.73306924,,,161.52609268,,,,2.607,3.07,4238.5884158,3599.3485342
2018-01-30,10194,16465200,1338.67,17.1325,,,67.78,,,7.61502088,595.0094849,,,150.3983476,,,,2.607,3.07,3910.24165708,3320.52117264
2018-01-31,10081,16467000,1345.13,17.3425,,,67.78,,,7.49444292,581.28874153,,,148.73118914,,,,2.607,3.07,3866.89681626,3283.71335505
2018-02-01,8992.81,16468800,1348.69,17.2305,,,68.6,,,6.66781099,521.91230667,,,131.09052478,,,,2.607,3.07,3449.48599923,2929.25407166
2018-02-02,8576.33,16470600,1331.97,16.5915,,,67.45,,,6.4388312,516.91106892,,,127.15092661,,,,2.607,3.07,3289.73149214,2793.59283388
2018-02-03,7999.096667,16472400,1334.503333,16.639167,,,67.53,,,5.99406271,480.73900977,,,118.45249026,,,,2.607,3.07,3068.31479363,2605.56894691
2018-02-04,7421.863333,16474200,1337.036667,16.686833,,,67.61,,,5.55097965,444.77363278,,,109.77463886,,,,2.607,3.07,2846.89809474,2417.54505961
2018-02-05,6844.63,16476000,1339.57,16.7345,,,67.69,,,5.10957247,409.01311662,,,101.11729945,,,,2.637,3.086,2595.61243838,2217.9617628
2018-02-06,7645.26,16477800,1324.25,16.6395,,,66.75,,,5.77327544,459.46452718,,,114.53573034,,,,2.637,3.086,2899.22639363,2477.40116656
2018-02-07,7867.82,16479600,1318.47,16.3775,,,65.74,,,5.96738644,480.4042131,,,119.68086401,,,,2.637,3.086,2983.62533182,2549.52041478
2018-02-08,8223.68,16481400,1318.75,16.4155,,,64.26,,,6.23596588,500.97042429,,,127.97510115,,,,2.637,3.086,3118.57413728,2664.83473752
2018-02-09,8561.64,16483200,1314.84,16.3215,,,63.04,,,6.51154513,524.56208069,,,135.81281726,,,,2.637,3.086,3246.73492605,2774.34867142
2018-02-10,8668.09,16485000,1317.463333,16.3975,,,62.76,,,6.57937855,528.62265589,,,138.11488209,,,,2.637,3.086,3287.1027683,2808.84316267
2018-02-11,8774.54,16486800,1320.086667,16.4735,,,62.48,,,6.64694237,532.64576441,,,140.43758003,,,,2.637,3.086,3327.47061054,2843.33765392
2018-02-12,8880.99,16488600,1322.71,16.5495,,,62.2,,,6.71423819,536.63192241,,,142.78118971,,,,2.607,3.063,3406.59378596,2899.4417238
2018-02-13,8539.71,16490400,1329.57,16.5775,,,61.94,,,6.42291117,515.13859146,,,137.8706813,,,,2.607,3.063,3275.68469505,2788.0215475
2018-02-14,9433.96,16492200,1350.61,16.8605,,,62.29,,,6.98496235,559.53026304,,,151.45223952,,,,2.607,3.063,3618.7034906,3079.97388182
2018-02-15,10070,16494000,1353.58,16.863,,,62.86,,,7.43953073,597.16539169,,,160.19726376,,,,2.607,3.063,3862.67740698,3287.62650996
2018-02-16,10010,16495800,1348.76,16.6925,,,64.3,,,7.42163172,599.67051071,,,155.67651633,,,,2.607,3.063,3839.66244726,3268.03787137
2018-02-17,10368.666667,16497600,1348.086667,16.684167,,,64.516667,,,7.69139472,621.46744677,,,160.71299323,,,,2.607,3.063,3977.24076218,3385.13439993
2018-02-18,10727.333333,16499400,1347.413333,16.675833,,,64.733333,,,7.96142733,643.28620543,,,165.7157578,,,,2.607,3.063,4114.81907672,3502.23092817
2018-02-19,11086,16501200,1346.74,16.6675,,,64.95,,,8.23172996,665.12674366,,,170.68514242,,,,2.557,3.027,4335.54947204,3662.37198546
2018-02-20,11429,16503000,1329.2,16.4535,,,64.68,,,8.59840506,694.62424408,,,176.70068027,,,,2.557,3.027,4469.69104419,3775.68549719
2018-02-21,10449,16504800,1324.62,16.5055,,,64.81,,,7.88830004,633.0617067,,,161.22511958,,,,2.557,3.027,4086.42940946,3451.93260654
2018-02-22,9960.16,16506600,1331.56,16.62,,,66.12,,,7.48006849,599.28760529,,,150.63762855,,,,2.557,3.027,3895.25224873,3290.43937892
2018-02-23,9980.04,16508400,1329.32,16.53,,,67.04,,,7.50762796,603.75317604,,,148.86694511,,,,2.557,3.027,3903.02698475,3297.00693756
2018-02-24,10104.026667,16510200,1330.66,16.575,,,67.346667,,,7.59324446,609.59436905,,,150.03009231,,,,2.557,3.027,3951.51609973,3337.96718434
2018-02-25,10228.013333,16512000,1332,16.62,,,67.653333,,,7.67868869,615.40393099,,,151.18269684,,,,2.557,3.027,4000.00521431,3378.92743079
2018-02-26,10352,16513800,1333.34,16.665,,,67.96,,,7.76396118,621.18211821,,,152.324897,,,,2.548,3.007,4062.79434851,3442.63385434
2018-02-27,10741,16515600,1318.37,16.4275,,,67.59,,,8.14718175,653.84264191,,,158.91404054,,,,2.548,3.007,4215.46310832,3571.99866977
2018-02-28,10428,16517400,1318.23,16.414,,,66.08,,,7.91060741,635.31131961,,,157.80871671,,,,2.548,3.007,4092.62166405,3467.90821417
2018-03-01,10965,16519200,1317.1,16.4745,,,64.23,,,8.32510819,665.57406902,,,170.71461934,,,,2.548,3.007,4303.37519623,3646.49151979
2018-03-02,11050,16521000,1321.95,16.5185,,,64.26,,,8.3588638,668.94693828,,,171.95767196,,,,2.548,3.007,4336.73469388,3674.75889591
2018-03-03,11220.333333,16522800,1321.44,16.491333,,,64.766667,,,8.49098963,680.37758579,,,173.24240775,,,,2.548,3.007,4403.5845106,3731.4045005
2018-03-04,11390.666667,16524600,1320.93,16.464167,,,65.273333,,,8.62321748,691.84591404,,,174.50720139,,,,2.548,3.007,4470.43432771,3788.05010542
2018-03-05,11561,16526400,1320.42,16.437,,,65.78,,,8.75554748,703.35219322,,,175.75250836,,,,2.56,2.992,4516.015625,3863.97058824
2018-03-06,10764,16528200,1334.58,16.759,,,65.67,,,8.0654588,642.28175905,,,163.9104614,,,,2.56,2.992,4204.6875,3597.59358289
2018-03-07,9930.49,16530000,1325.62,16.495,,,65.09,,,7.49120412,602.03031222,,,152.56552466,,,,2.56,2.992,3879.09765625,3319.01403743
2018-03-08,9276.44,16531800,1322.05,16.5,,,63.87,,,7.0167089,562.20848485,,,145.23939252,,,,2.56,2.992,3623.609375,3100.4144385
2018-03-09,8992.81,16533600,1323.45,16.59,,,65.19,,,6.79497525,542.06208559,,,137.94769136,,,,2.56,2.992,3512.81640625,3005.61831551
2018-03-10,9011.796667,16535400,1323.3,16.5745,,,64.97,,,6.81009345,543.71454143,,,138.70704428,,,,2.56,2.992,3520.23307305,3011.96412667
2018-03-11,9030.783333,16537200,1323.15,16.559,,,64.75,,,6.82521508,545.37009077,,,139.47155727,,,,2.56,2.992,3527.64973945,3018.3099375
2018-03-12,9049.77,16539000,1323,16.5435,,,64.53,,,6.84034014,547.02874241,,,140.24128312,,,,2.559,2.976,3536.44783118,3040.91733871
2018-03-13,9157.51,16540800,1324.97,16.6,,,64.2,,,6.91148479,551.65722892,,,142.64034268,,,,2.559,2.976,3578.55021493,3077.1202957
2018-03-14,8169.93,16542600,1325.5,16.55,,,63.61,,,6.163659,493.65135952,,,128.43782424,,,,2.559,2.976,3192.62602579,2745.27217742
2018-03-15,8326.39,16544400,1317.35,16.41,,,63.67,,,6.32056022,507.39731871,,,130.77414795,,,,2.559,2.976,3253.76709652,2797.84610215
2018-03-16,8525.15,16546200,1313.77,16.33,,,64.68,,,6.48907343,522.05450092,,,131.8050402,,,,2.559,2.976,3331.43806174,2864.63373656
2018-03-17,8515.493333,16548000,1314.893333,16.328833,,,64.726667,,,6.47618565,521.500424,,,131.56081918,,,,2.559,2.976,3327.66445213,2861.38888878
2018-03-18,8505.836667,16549800,1316.016667,16.327667,,,64.773333,,,6.46331987,520.94623604,,,131.3169521,,,,2.559,2.976,3323.89084291,2858.14404133
2018-03-19,8496.18,16551600,1317.14,16.3265,,,64.82,,,6.45047603,520.39200074,,,131.07343413,,,,2.598,2.972,3270.27713626,2858.74158816
2018-03-20,8952.55,16553400,1311.2,16.2,,,66,,,6.8277532,552.62654321,,,135.64469697,,,,2.598,2.972,3445.93918399,3012.29811575
2018-03-21,8849.56,16555200,1332.97,16.575,,,68.15,,,6.63897912,533.91010558,,,129.85414527,,,,2.598,2.972,3406.29715166,2977.64468371
2018-03-22,8695.65,16557000,1330.22,16.39,,,68.98,,,6.5370014,530.54606467,,,126.06045231,,,,2.598,2.972,3347.05542725,2925.85800808
2018-03-23,8620.69,16558800,1347.4,16.56,,,69.03,,,6.39801841,520.57306763,,,124.88323917,,,,2.598,2.972,3318.20246343,2900.6359354
2018-03-24,8375.94,16560600,1349.44,16.608333,,,68.956667,,,6.20697475,504.32153546,,,121.46671764,,,,2.598,2.972,3223.99538106,2818.28398385
2018-03-25,8131.19,16562400,1351.48,16.656667,,,68.883333,,,6.01650783,488.16428881,,,118.04292339,,,,2.598,2.972,3129.78829869,2735.9320323
2018-03-26,7886.44,16562400,1353.52,16.705,,,68.81,,,5.82661505,472.10056869,,,114.61182968,,,,2.648,3.01,2978.26283988,2620.07973422
2018-03-27,8000,16564200,1344.65,16.532,,,68.63,,,5.94950359,483.90999274,,,116.56709894,,,,2.648,3.01,3021.14803625,2657.80730897
2018-03-28,7874.02,16566000,1325.04,16.295,,,68.13,,,5.94247721,483.21693771,,,115.5734625,,,,2.648,3.01,2973.57250755,2615.95348837
2018-03-29,7052.19,16567800,1325.43,16.36,,,69.02,,,5.32068084,431.06295844,,,102.17603593,,,,2.648,3.01,2663.21374622,2342.92026578
2018-03-30,6816.63,16569600,1329.4,16.41975,,,69.02,,,5.12759892,415.14822089,,,98.76311214,,,,2.648,3.01,2574.2560423,2264.66112957
2018-03-31,6872.166667,16571400,1333.37,16.4795,,,69.02,,,5.15398327,417.01305665,,,99.56775814,,,,2.648,3.01,2595.22910385,2283.1118495
2018-04-01,6927.703333,16573200,1337.34,16.53925,,,69.02,,,5.18021097,418.86441846,,,100.37240413,,,,2.648,3.01,2616.20216503,2301.5625691
2018-04-02,6983.24,16575000,1341.31,16.599,,,69.02,,,5.20628341,420.70245195,,,101.17705013,,,,2.7,3.042,2586.38518519,2295.60815253
2018-04-03,7429.42,16576800,1332.78,16.419,,,69.02,,,5.57437837,452.48918935,,,107.64155317,,,,2.7,3.042,2751.63703704,2442.28139382
2018-04-04,6830.6,16578600,1333.38,16.32,,,66.04,,,5.1227707,418.54166667,,,103.43125379,,,,2.7,3.042,2529.85185185,2245.43063774
2018-04-05,6724.95,16580400,1326.62,16.4,,,66.54,,,5.0692361,410.05792683,,,101.06627592,,,,2.7,3.042,2490.72222222,2210.70019724
2018-04-06,6622.52,16582200,1333.45,16.37,,,66.51,,,4.96645544,404.55222969,,,99.57179372,,,,2.7,3.042,2452.78518519,2177.02827087
2018-04-07,6653.653333,16584000,1334.393333,16.412,,,67.07,,,4.98627591,405.41392475,,,99.20461209,,,,2.7,3.042,2464.31604926,2187.26276561
2018-04-08,6684.786667,16585800,1335.336667,16.454,,,67.63,,,5.00606838,406.2712208,,,98.84351127,,,,2.7,3.042,2475.8469137,2197.49726068
2018-04-09,6715.92,16587600,1336.28,16.496,,,68.19,,,5.02583291,407.12415131,,,98.4883414,,,,2.694,3.043,2492.91759465,2207.00624384
2018-04-10,6854.01,16589400,1339.48,16.573,,,70.67,,,5.11691851,413.56483437,,,96.98613273,,,,2.694,3.043,2544.17594655,2252.38580348
2018-04-11,6901.31,16591200,1353.34,16.674,,,72.74,,,5.09946503,413.89648555,,,94.87640913,,,,2.694,3.043,2561.73348181,2267.92967466
2018-04-12,7824.73,16593000,1335.15,16.47,,,71.44,,,5.86056248,475.08986035,,,109.52869541,,,,2.694,3.043,2904.50259837,2571.38678935
2018-04-13,8097.17,16594800,1344.4,16.64,,,73.18,,,6.02288753,486.60877404,,,110.64730801,,,,2.694,3.043,3005.63103192,2660.91685836
2018-04-14,8062.65,16596600,1344.826667,16.650667,,,72.803333,,,5.99530794,484.22384521,,,110.74561655,,,,2.694,3.043,2992.81737194,2649.57279001
2018-04-15,8028.13,16598400,1345.253333,16.661333,,,72.426667,,,5.96774585,481.84199908,,,110.8449461,,,,2.694,3.043,2980.00371195,2638.22872166
2018-04-16,7993.61,16600200,1345.68,16.672,,,72.05,,,5.94020124,479.46317179,,,110.94531575,,,,2.747,3.104,2909.94175464,2575.26095361
2018-04-17,7911.39,16602000,1347.29,16.781,,,71.71,,,5.87207654,471.44925809,,,110.32478037,,,,2.747,3.104,2880.010921,2548.77255155
2018-04-18,8190.01,16603800,1349.39,17.196,,,73.73,,,6.06941655,476.27413352,,,111.08110674,,,,2.747,3.104,2981.43793229,2638.53414948
2018-04-19,8271.3,16605600,1345.71,17.254,,,74.85,,,6.14642085,479.38449055,,,110.50501002,,,,2.747,3.104,3011.03021478,2664.72293814
2018-04-20,8517.89,16607400,1335.66,17.1345,,,74.62,,,6.37728913,497.11926231,,,114.15022782,,,,2.747,3.104,3100.79723335,2744.16559278
2018-04-21,8657.443333,16609200,1332.053333,16.963333,,,74.593333,,,6.49932185,510.36216367,,,116.06189166,,,,2.747,3.104,3151.59932035,2789.12478512
2018-04-22,8796.996667,16611000,1328.446667,16.792167,,,74.566667,,,6.62201719,523.87501071,,,117.97492125,,,,2.747,3.104,3202.40140772,2834.08397777
2018-04-23,8936.55,16612800,1324.84,16.621,,,74.54,,,6.74538057,537.6662054,,,119.88932117,,,,2.798,3.133,3193.90636169,2852.39387169
2018-04-24,9469.7,16614600,1330.35,16.7245,,,75.86,,,7.11820198,566.21722622,,,124.83126813,,,,2.798,3.133,3384.45318084,3022.56623045
2018-04-25,9165.9,16616400,1323.2,16.564,,,73.79,,,6.92707074,553.36271432,,,124.21601843,,,,2.798,3.133,3275.87562545,2925.59846792
2018-04-26,9090.91,16618200,1316.93,16.5145,,,75.39,,,6.90310799,550.48048684,,,120.58509086,,,,2.798,3.133,3249.07433881,2901.66294287
2018-04-27,9090.91,16620000,1323.61,16.53,,,75.33,,,6.86826935,549.96430732,,,120.68113633,,,,2.798,3.133,3249.07433881,2901.66294287
2018-04-28,9132.803333,16621800,1321.05,16.463333,,,75.526667,,,6.91329119,554.73599015,,,120.92157242,,,,2.798,3.133,3264.04693817,2915.03457804
2018-04-29,9174.696667,16623600,1318.49,16.396667,,,75.723333,,,6.95848787,559.54644118,,,121.1607612,,,,2.798,3.133,3279.01953788,2928.40621353
2018-04-30,9216.59,16625400,1315.93,16.33,,,75.92,,,7.00386039,564.39620331,,,121.39870917,,,,2.846,3.157,3238.43640197,2919.41400063
2018-05-01,9074.41,16627200,1304.21,16.16,,,74.85,,,6.95778287,561.53527228,,,121.23460254,,,,2.846,3.157,3188.47856641,2874.37757365
2018-05-02,9233.61,16629000,1305.72,16.39,,,73.14,,,7.07166161,563.36851739,,,126.24569319,,,,2.846,3.157,3244.41672523,2924.80519481
2018-05-03,9652.51,16630800,1312.75,16.44,,,73.45,,,7.35289278,587.13564477,,,131.41606535,,,,2.846,3.157,3391.60576247,3057.49445676
2018-05-04,9652.51,16632600,1314.34,16.52,,,74.75,,,7.34399775,584.29237288,,,129.13056856,,,,2.846,3.157,3391.60576247,3057.49445676
2018-05-05,9564.896667,16634400,1314.486667,16.506667,,,74.6025,,,7.2765262,579.45657152,,,128.21147638,,,,2.846,3.157,3360.82103549,3029.74237156
2018-05-06,9477.283333,16636200,1314.633333,16.493333,,,74.455,,,7.2090697,574.61298653,,,127.28874264,,,,2.846,3.157,3330.03630815,3001.99028603
2018-05-07,9389.67,16638000,1314.78,16.48,,,74.3075,,,7.14162826,569.76152913,,,126.36234566,,,,2.845,3.171,3300.4112478,2961.10690634
2018-05-08,9182.74,16639800,1313.25,16.47,,,74.16,,,6.99237769,557.54341226,,,123.82335491,,,,2.845,3.171,3227.67662566,2895.84988962
2018-05-09,9242.14,16641600,1313.17,16.51,,,77.6,,,7.03803773,559.79043004,,,119.09974227,,,,2.845,3.171,3248.55536028,2914.58215074
2018-05-10,9099.18,16643400,1320.67,16.72,,,77.59,,,6.88982108,544.20933014,,,117.27258667,,,,2.845,3.171,3198.30579965,2869.49858089
2018-05-11,8605.85,16645200,1319.28,16.68,,,77.37,,,6.52314141,515.9382494,,,111.22980483,,,,2.845,3.171,3024.90333919,2713.92305266
2018-05-12,8645.9,16647000,1317.556667,16.626667,,,77.636667,,,6.5620707,520.00199439,,,111.36361637,,,,2.845,3.171,3038.98066784,2726.55313781
2018-05-13,8685.95,16648800,1315.833333,16.573333,,,77.903333,,,6.60110196,524.09192526,,,111.49651325,,,,2.845,3.171,3053.05799649,2739.18322296
2018-05-14,8726,16650600,1314.11,16.52,,,78.17,,,6.6402356,528.20823245,,,111.62850198,,,,2.873,3.239,3037.24329969,2694.04137079
2018-05-15,8496.18,16652400,1291.41,16.27,,,78.94,,,6.57899505,522.19913952,,,107.62832531,,,,2.873,3.239,2957.25026105,2623.08737265
2018-05-16,8285,16654200,1290.38,16.37,,,78.19,,,6.42058928,506.10873549,,,105.95984141,,,,2.873,3.239,2883.74521406,2557.88823711
2018-05-17,8149.96,16656000,1290.74,16.43,,,80.09,,,6.31417636,496.04138771,,,101.76001998,,,,2.873,3.239,2836.74208145,2516.1963569
2018-05-18,8230.45,16657800,1291.89,16.43,,,78.38,,,6.37085975,500.94035301,,,105.0070171,,,,2.873,3.239,2864.75809259,2541.04661933
2018-05-19,8281.043333,16659600,1292.106667,16.458833,,,78.366667,,,6.40894714,503.136725,,,105.67048019,,,,2.873,3.239,2882.36802402,2556.66666656
2018-05-20,8331.636667,16661400,1292.323333,16.487667,,,78.353333,,,6.44702177,505.32538454,,,106.33417046,,,,2.873,3.239,2899.9779558,2572.28671411
2018-05-21,8382.23,16663200,1292.54,16.5165,,,78.34,,,6.48508363,507.50643296,,,106.99808527,,,,2.923,3.277,2867.68046528,2557.8974672
2018-05-22,8071.03,16665000,1291.62,16.53,,,80.42,,,6.24876512,488.26557774,,,100.36097986,,,,2.923,3.277,2761.21450564,2462.93256027
2018-05-23,7639.42,16666800,1294.17,16.46,,,78.69,,,5.90294938,464.12029162,,,97.08247554,,,,2.923,3.277,2613.55456723,2331.2236802
2018-05-24,7530.12,16668600,1304.48,16.65,,,78.9,,,5.77250705,452.25945946,,,95.43878327,,,,2.923,3.277,2576.16147793,2297.87000305
2018-05-25,7423.9,16670400,1300.11,16.49,,,76.6,,,5.71020914,450.20618557,,,96.91775457,,,,2.923,3.277,2539.82210058,2265.45620995
2018-05-26,7337.04,16672200,1299.306667,16.484,,,76.0775,,,5.6468886,445.10070371,,,96.44165489,,,,2.923,3.277,2510.10605542,2238.95025938
2018-05-27,7250.18,16674000,1298.503333,16.478,,,75.555,,,5.58348971,439.99150382,,,95.95897029,,,,2.923,3.277,2480.39001026,2212.44430882
2018-05-28,7163.32,16675800,1297.7,16.472,,,75.0325,,,5.52001233,434.87858184,,,95.46956319,,,,2.962,3.288,2418.40648211,2178.62530414
2018-05-29,7490.64,16677600,1299.14,16.36,,,74.51,,,5.7658451,457.86308068,,,100.53200913,,,,2.962,3.288,2528.91289669,2278.17518248
2018-05-30,7336.76,16679400,1300.43,16.51,,,75.89,,,5.64179541,444.3827983,,,96.67624193,,,,2.962,3.288,2476.96151249,2231.37469586
2018-05-31,7547.17,16681200,1298.46,16.4225,,,76.45,,,5.81240084,459.56279495,,,98.72034009,,,,2.962,3.288,2547.99797434,2295.36800487
2018-06-01,7434.94,16683000,1293.65,16.4,,,74.54,,,5.74725776,453.35,,,99.74429836,,,,2.962,3.288,2510.10803511,2261.23479319
2018-06-02,7468.56,16684800,1293.466667,16.41,,,74.163333,,,5.77406453,455.12248629,,,100.70421188,,,,2.962,3.288,2521.458474,2271.45985401
2018-06-03,7502.18,16686600,1293.283333,16.42,,,73.786667,,,5.8008789,456.89281364,,,101.67392437,,,,2.962,3.288,2532.8089129,2281.68491484
2018-06-04,7535.8,16688400,1293.1,16.43,,,73.41,,,5.82770087,458.660986,,,102.65358943,,,,2.94,3.285,2563.19727891,2294.00304414
2018-06-05,7587.25,16690200,1295.02,16.49,,,72.91,,,5.85878983,460.11218921,,,104.06322864,,,,2.94,3.285,2580.69727891,2309.6651446
2018-06-06,7662.84,16692000,1296.78,16.66,,,73.23,,,5.90912877,459.95438175,,,104.64072102,,,,2.94,3.285,2606.40816327,2332.67579909
2018-06-07,7662.84,16693800,1294.43,16.7,,,75.23,,,5.91985662,458.85269461,,,101.85883291,,,,2.94,3.285,2606.40816327,2332.67579909
2018-06-08,7639.42,16695600,1298.53,16.771,,,75.11,,,5.88312938,455.51368434,,,101.70975902,,,,2.94,3.285,2598.44217687,2325.54642314
2018-06-09,7349.773333,16697400,1299.15,16.8225,,,74.933333,,,5.65737084,436.90137215,,,98.08416413,,,,2.94,3.285,2499.92290238,2237.37392177
2018-06-10,7060.126667,16699200,1299.77,16.874,,,74.756667,,,5.43182768,418.4026708,,,94.44143179,,,,2.94,3.285,2401.40362823,2149.2014207
2018-06-11,6770.48,16701000,1300.39,16.9255,,,74.58,,,5.20649959,400.01654309,,,90.78144275,,,,2.911,3.266,2325.82617657,2073.01898347
2018-06-12,6548.79,16702800,1297.72,16.86,,,74.86,,,5.04638135,388.42170819,,,87.48049693,,,,2.911,3.266,2249.67021642,2005.14084507
2018-06-13,6277.46,16704600,1299.5,17.04,,,75.07,,,4.83067334,368.39553991,,,83.62142001,,,,2.911,3.266,2156.46169701,1922.06368647
2018-06-14,6648.94,16706400,1303.06,17.14,,,74.77,,,5.10255859,387.91948658,,,88.92523739,,,,2.911,3.266,2284.07420131,2035.80526638
2018-06-15,6548.79,16708200,1279.97,16.56,,,72.02,,,5.1163621,395.45833333,,,90.93015829,,,,2.911,3.266,2249.67021642,2005.14084507
2018-06-16,6604.5,16710000,1279.193333,16.53,,,72.97,,,5.1630194,399.54627949,,,90.50979855,,,,2.911,3.266,2268.80796977,2022.19840784
2018-06-17,6660.21,16711800,1278.416667,16.5,,,73.92,,,5.20973339,403.64909091,,,90.10024351,,,,2.911,3.266,2287.94572312,2039.25597061
2018-06-18,6715.92,16713600,1277.64,16.47,,,74.87,,,5.25650418,407.76684882,,,89.70108188,,,,2.879,3.244,2332.72664119,2070.25893958
2018-06-19,6720.43,16715400,1275.37,16.29,,,74.92,,,5.26939633,412.54941682,,,89.70141484,,,,2.879,3.244,2334.29315735,2071.64919852
2018-06-20,6720.43,16717200,1268.94,16.28,,,74.25,,,5.29609753,412.80282555,,,90.51084175,,,,2.879,3.244,2334.29315735,2071.64919852
2018-06-21,6706.91,16719000,1266.47,16.33,,,72.87,,,5.29575118,410.71096142,,,92.03938521,,,,2.879,3.244,2329.59708232,2067.48150432
2018-06-22,6195.79,16720800,1270.23,16.46,,,73.67,,,4.87769144,376.41494532,,,84.10194109,,,,2.879,3.244,2152.06321639,1909.92293465
2018-06-23,6217.773333,16722600,1268.663333,16.416167,,,73.386667,,,4.90104283,378.75914231,,,84.72619874,,,,2.879,3.244,2159.69896943,1916.69954778
2018-06-24,6239.756667,16724400,1267.096667,16.372333,,,73.103333,,,4.92445196,381.1159147,,,85.35529655,,,,2.879,3.244,2167.33472282,1923.47616122
2018-06-25,6261.74,16726200,1265.53,16.3285,,,72.82,,,4.94791905,383.48531708,,,85.98928866,,,,2.833,3.216,2210.28591599,1947.05845771
2018-06-26,6222.78,16728000,1259.75,16.29,,,73.58,,,4.93969438,382,,,84.57162272,,,,2.833,3.216,2196.53370985,1934.94402985
2018-06-27,6119.95,16729800,1252.93,16.05,,,76.09,,,4.88451071,381.30529595,,,80.43041135,,,,2.833,3.216,2160.23649841,1902.96952736
2018-06-28,5917.16,16731600,1249.32,16.01,,,76.26,,,4.73630455,369.59150531,,,77.59192237,,,,2.833,3.216,2088.6551359,1839.91293532
2018-06-29,5882.35,16733400,1252.55,16.0925,,,77.44,,,4.69629955,365.53363368,,,75.96009814,,,,2.833,3.216,2076.36780798,1829.08893035
2018-06-30,6136.406667,16735200,1249.203333,16.011667,,,77.196667,,,4.91225608,383.24595853,,,79.49056488,,,,2.833,3.216,2166.04541723,1908.08665019
2018-07-01,6390.463333,16737000,1245.856667,15.930833,,,76.953333,,,5.12937283,401.13805304,,,83.04335997,,,,2.833,3.216,2255.72302612,1987.08436971
2018-07-02,6644.52,16738800,1242.51,15.85,,,76.71,,,5.34765917,419.2126183,,,86.61869378,,,,2.844,3.236,2336.32911392,2053.31273177
2018-07-03,6609.39,16740600,1252.12,16.03,,,75.87,,,5.27855956,412.31378665,,,87.11466983,,,,2.844,3.236,2323.97679325,2042.45673671
2018-07-04,6688.96,16742400,1256.98,16.09,,,76.99,,,5.32145301,415.72156619,,,86.88089362,,,,2.844,3.236,2351.95499297,2067.04573548
2018-07-05,6493.51,16744200,1257.41,16.06,,,77.09,,,5.16419465,404.32814446,,,84.23284473,,,,2.844,3.236,2283.23136428,2006.64709518
2018-07-06,6570.3,16746000,1254.99,16.03,,,74.98,,,5.23534052,409.87523394,,,87.6273673,,,,2.844,3.236,2310.23206751,2030.37700865
2018-07-07,6617.336667,16747800,1256.07,16.05,,,75.68,,,5.26828653,412.29511944,,,87.43838091,,,,2.844,3.236,2326.77097996,2044.91244345
2018-07-08,6664.373333,16749600,1257.15,16.07,,,76.38,,,5.30117594,414.70898152,,,87.25285851,,,,2.844,3.236,2343.30989205,2059.44787794
2018-07-09,6711.41,16751400,1258.23,16.09,,,77.08,,,5.33400889,417.11684276,,,87.07070576,,,,2.857,3.243,2349.11095555,2069.50662966
2018-07-10,6373.49,16753200,1256.27,16.06,,,77.8,,,5.07334411,396.85491905,,,81.9214653,,,,2.857,3.243,2230.83304165,1965.30681468
2018-07-11,6361.32,16755000,1242.39,15.8055,,,75.35,,,5.12022795,402.47508779,,,84.42362309,,,,2.857,3.243,2226.57332867,1961.55411656
2018-07-12,6169.03,16756800,1247.21,15.9475,,,72.11,,,4.94626406,386.83367299,,,85.55027042,,,,2.857,3.243,2159.26846342,1902.26025285
2018-07-13,6176.65,16758600,1241.67,15.81,,,74.11,,,4.97446987,390.6799494,,,83.34435299,,,,2.857,3.243,2161.93559678,1904.60992908
2018-07-14,6338.51,16760400,1241.35,15.81,,,73.083333,,,5.10614251,400.91777356,,,86.72989777,,,,2.857,3.243,2218.58942947,1954.5205057
2018-07-15,6500.37,16762200,1241.03,15.81,,,72.056667,,,5.23788305,411.15559772,,,90.21191613,,,,2.857,3.243,2275.24326216,2004.43108233
2018-07-16,6662.23,16764000,1240.71,15.81,,,71.03,,,5.36969155,421.39342188,,,93.79459383,,,,2.865,3.239,2325.38568935,2056.87866626
2018-07-17,7358.35,16765800,1228.16,15.57,,,70.87,,,5.99136106,472.59794477,,,103.82884154,,,,2.865,3.239,2568.35951134,2271.79685088
2018-07-18,7331.38,16767600,1226.78,15.56,,,70.52,,,5.97611634,471.16838046,,,103.96171299,,,,2.865,3.239,2558.94589878,2263.47020685
2018-07-19,7434.94,16769400,1222.92,15.3125,,,71.94,,,6.07966179,485.54710204,,,103.34917987,,,,2.865,3.239,2595.09249564,2295.44303797
2018-07-20,7342.14,16771200,1230.99,15.52,,,71.99,,,5.96441888,473.07603093,,,101.98833171,,,,2.865,3.239,2562.70157068,2266.79221982
2018-07-21,7478.74,16773000,1229.3,15.48,,,72.476667,,,6.08373871,483.12273902,,,103.18824402,,,,2.865,3.239,2610.38045375,2308.96573016
2018-07-22,7615.34,16774800,1227.61,15.44,,,72.963333,,,6.20338707,493.22150259,,,104.37215087,,,,2.865,3.239,2658.05933682,2351.13924051
2018-07-23,7751.94,16776600,1225.92,15.4,,,73.45,,,6.32336531,503.37272727,,,105.5403676,,,,2.831,3.22,2738.23383963,2407.43478261
2018-07-24,8257.64,16778400,1224.36,15.45,,,73.53,,,6.74445425,534.47508091,,,112.30300558,,,,2.831,3.22,2916.86329919,2564.48447205
2018-07-25,8278.15,16780200,1232.77,15.61,,,73.67,,,6.71508067,530.31069827,,,112.3679924,,,,2.831,3.22,2924.10808901,2570.85403727
2018-07-26,7949.13,16782000,1223.76,15.38,,,74.51,,,6.49566091,516.84850455,,,106.68541135,,,,2.831,3.22,2807.8876722,2468.67391304
2018-07-27,8223.68,16783800,1223.56,15.5,,,74.84,,,6.7211089,530.56,,,109.88348477,,,,2.831,3.22,2904.86753797,2553.9378882
2018-07-28,8190.28,16785600,1223.226667,15.503333,,,74.89,,,6.69563558,528.29156156,,,109.36413406,,,,2.831,3.22,2893.06958672,2543.56521739
2018-07-29,8156.88,16787400,1222.893333,15.506667,,,74.94,,,6.67014839,526.02406436,,,108.84547638,,,,2.831,3.22,2881.27163546,2533.19254658
2018-07-30,8123.48,16789200,1222.56,15.51,,,74.99,,,6.6446473,523.75757576,,,108.32751033,,,,2.846,3.226,2854.34996486,2518.12771234
2018-07-31,7710.1,16791000,1222.92,15.51,,,74.16,,,6.30466425,497.10509349,,,103.96574973,,,,2.846,3.226,2709.10049192,2389.98760074
2018-08-01,7479.43,16792800,1215.39,15.39,,,72.28,,,6.15393413,485.9928525,,,103.47855562,,,,2.846,3.226,2628.04989459,2318.48419095
2018-08-02,7530.12,16794600,1208.59,15.32,,,72.95,,,6.2305,491.52219321,,,103.22302947,,,,2.846,3.226,2645.86085734,2334.19714817
2018-08-03,7374.63,16796400,1213.69,15.42,,,72.48,,,6.07620562,478.25097276,,,101.74710265,,,,2.846,3.226,2591.2262825,2285.99814011
2018-08-04,7204.226667,16798200,1211.183333,15.383333,,,72.49,,,5.94808934,468.31376965,,,99.38235159,,,,2.846,3.226,2531.35160471,2233.17627619
2018-08-05,7033.823333,16800000,1208.676667,15.346667,,,72.5,,,5.81944165,458.32905171,,,97.01825287,,,,2.846,3.226,2471.47692656,2180.35441197
2018-08-06,6863.42,16801800,1206.17,15.31,,,72.51,,,5.69025925,448.29653821,,,94.65480623,,,,2.852,3.223,2406.52875175,2129.5128762
2018-08-07,6738.54,16803600,1212.58,15.38,,,72.31,,,5.5571921,438.13654096,,,93.18960033,,,,2.852,3.223,2362.74193548,2090.76636674
2018-08-08,6293.27,16805400,1211.75,15.41,,,70.71,,,5.19353827,408.38870863,,,89.00113138,,,,2.852,3.223,2206.61640954,1952.61247285
2018-08-09,6587.62,16807200,1212.48,15.45,,,70.55,,,5.43317828,426.38317152,,,93.3751949,,,,2.852,3.223,2309.82468443,2043.94042817
2018-08-10,6397.95,16809000,1211.51,15.33,,,71,,,5.28097168,417.34833659,,,90.11197183,,,,2.852,3.223,2243.32047686,1985.09152963
2018-08-11,6346.033333,16810800,1205.766667,15.216667,,,70.873333,,,5.26306914,417.04489774,,,89.5404952,,,,2.852,3.223,2225.11687693,1968.98334874
2018-08-12,6294.116667,16812600,1200.023333,15.103333,,,70.746667,,,5.24499524,416.73693264,,,88.96697094,,,,2.852,3.223,2206.91327735,1952.87516817
2018-08-13,6242.2,16814400,1194.28,14.99,,,70.62,,,5.2267475,416.42428286,,,88.39139054,,,,2.843,3.217,2195.63841013,1940.37923531
2018-08-14,6116.21,16816200,1193.88,15.05,,,70.77,,,5.12296881,406.39269103,,,86.42376713,,,,2.843,3.217,2151.32254661,1901.21541809
2018-08-15,6418.49,16818000,1175.49,14.44,,,68.38,,,5.46026763,444.49376731,,,93.86501901,,,,2.843,3.217,2257.64685192,1995.17873795
2018-08-16,6277.46,16819800,1176.6,14.66,,,69.21,,,5.33525412,428.20327422,,,90.70163271,,,,2.843,3.217,2208.04080197,1951.33975754
2018-08-17,6497.73,16821600,1184.35,14.8155,,,70.14,,,5.48632583,438.57649084,,,92.63943541,,,,2.843,3.217,2285.51881815,2019.81038234
2018-08-18,6472.69,16823400,1186.386667,14.797,,,70.463333,,,5.45580137,437.43258769,,,91.85898146,,,,2.843,3.217,2276.71122054,2012.02673298
2018-08-19,6447.65,16825200,1188.423333,14.7785,,,70.786667,,,5.42538153,436.28582062,,,91.085656,,,,2.843,3.217,2267.90362293,2004.24308362
2018-08-20,6422.61,16827000,1190.46,14.76,,,71.11,,,5.39506577,435.13617886,,,90.31936437,,,,2.821,3.207,2276.71393123,2002.6847521
2018-08-21,6464.12,16828800,1196.03,14.79,,,71.65,,,5.40464704,437.06017579,,,90.21800419,,,,2.821,3.207,2291.42857143,2015.62831307
2018-08-22,6369.43,16830600,1196.67,14.76,,,72.96,,,5.32262863,431.53319783,,,87.30030154,,,,2.821,3.207,2257.86246012,1986.10227627
2018-08-23,6476.68,16832400,1184.82,14.49,,,73.73,,,5.46638308,446.97584541,,,87.84321172,,,,2.821,3.207,2295.8808933,2019.54474587
2018-08-24,6622.52,16834200,1205.76,14.8155,,,74.41,,,5.49240313,446.99942628,,,89.00040317,,,,2.821,3.207,2347.57887274,2065.02026816
2018-08-25,6658.173333,16836000,1207.493333,14.840333,,,74.41,,,5.51404563,448.65390372,,,89.47955024,,,,2.821,3.207,2360.21741687,2076.13761553
2018-08-26,6693.826667,16837800,1209.226667,14.865167,,,74.41,,,5.53562607,450.30282317,,,89.95869731,,,,2.821,3.207,2372.85596136,2087.25496321
2018-08-27,6729.48,16839600,1210.96,14.89,,,74.41,,,5.55714474,451.94627267,,,90.43784438,,,,2.827,3.226,2380.43155288,2086.01363918
2018-08-28,7067.14,16841400,1201.89,14.71,,,75.91,,,5.8800223,480.43099932,,,93.09893295,,,,2.827,3.226,2499.87265653,2190.68195908
2018-08-29,7062.15,16843200,1206.41,14.76,,,76.07,,,5.85385565,478.46544715,,,92.83751808,,,,2.827,3.226,2498.10753449,2189.13515189
2018-08-30,6939.63,16845000,1200.33,14.55,,,77.05,,,5.78143511,476.95051546,,,90.06658014,,,,2.827,3.226,2454.76830562,2151.15623063
2018-08-31,7042.25,16846800,1199.52,14.51,,,76.94,,,5.87089002,485.33769814,,,91.5291136,,,,2.827,3.226,2491.06827025,2182.96652201
2018-09-01,7131.48,16848600,1200.14,14.506,,,77.23,,,5.94220674,491.62277678,,,92.34080021,,,,2.827,3.226,2522.63176512,2210.62616243
2018-09-02,7220.71,16850400,1200.76,14.502,,,77.52,,,6.01344982,497.91132258,,,93.14641383,,,,2.827,3.226,2554.19525999,2238.28580285
2018-09-03,7309.94,16852200,1201.38,14.498,,,77.81,,,6.08461935,504.20333839,,,93.94602236,,,,2.824,3.252,2588.50566572,2247.82902829
2018-09-04,7352.94,16854000,1190.86,14.18,,,77.51,,,6.17447895,518.54301834,,,94.86440459,,,,2.824,3.252,2603.73229462,2261.05166052
2018-09-05,6930.01,16855800,1196.69,14.1945,,,76.68,,,5.79098179,488.21797175,,,90.37571727,,,,2.824,3.252,2453.96954674,2130.99938499
2018-09-06,6435.01,16857600,1200.15,14.158,,,75.67,,,5.3618381,454.51405566,,,85.04043875,,,,2.824,3.252,2278.68626062,1978.78536285
2018-09-07,6418.49,16859400,1196.45,14.16,,,75.55,,,5.36461198,453.28319209,,,84.95684977,,,,2.824,3.252,2272.83640227,1973.70541205
2018-09-08,6376.75,16861200,1196,14.163333,,,75.956667,,,5.33173077,450.22947635,,,83.95247253,,,,2.824,3.252,2258.05594901,1960.8702337
2018-09-09,6335.01,16863000,1195.55,14.166667,,,76.363333,,,5.29882481,447.17716595,,,82.95879385,,,,2.824,3.252,2243.27549575,1948.03505535
2018-09-10,6293.27,16864800,1195.1,14.17,,,76.77,,,5.26589407,444.12632322,,,81.97564153,,,,2.833,3.258,2221.41546064,1931.63597299
2018-09-11,6309.15,16866600,1196.81,14.14,,,78.22,,,5.27163877,446.19165488,,,80.65903861,,,,2.833,3.258,2227.02082598,1936.51012891
2018-09-12,6301.2,16868400,1206.09,14.2525,,,80.02,,,5.22448573,442.11191019,,,78.74531367,,,,2.833,3.258,2224.21461348,1934.06998158
2018-09-13,6459.95,16870200,1201.95,14.15,,,77.66,,,5.37455801,456.5335689,,,83.18246201,,,,2.833,3.258,2280.25061772,1982.79619398
2018-09-14,6535.95,16872000,1194.11,14.0675,,,77.87,,,5.47349072,464.61347077,,,83.93412097,,,,2.833,3.258,2307.07730321,2006.12338858
2018-09-15,6439.333333,16873800,1196.52,14.1055,,,77.986667,,,5.38171809,456.51223516,,,82.56966967,,,,2.833,3.258,2272.97329086,1976.46818079
2018-09-16,6342.716667,16875600,1198.93,14.1435,,,78.103333,,,5.29031442,448.45453155,,,81.20929573,,,,2.833,3.258,2238.86927886,1946.8129733
2018-09-17,6246.1,16877400,1201.34,14.1815,,,78.22,,,5.19927747,440.44000987,,,79.85297878,,,,2.841,3.268,2198.55684618,1911.29130967
2018-09-18,6321.11,16879200,1198.36,14.1505,,,79.25,,,5.27480056,446.70577011,,,79.76164038,,,,2.841,3.268,2224.9595213,1934.24418605
2018-09-19,6381.62,16881000,1204.04,14.2445,,,79.43,,,5.30017275,448.00589701,,,80.34269168,,,,2.841,3.268,2246.25835973,1952.76009792
2018-09-20,6497.73,16882800,1207.2,14.3185,,,79.03,,,5.38248012,453.79962985,,,82.21852461,,,,2.841,3.268,2287.12777191,1988.28947368
2018-09-21,6752.19,16884600,1199.01,14.2995,,,78.9,,,5.63147096,472.19762929,,,85.57908745,,,,2.841,3.268,2376.69482577,2066.15361077
2018-09-22,6707.503333,16886400,1199.223333,14.289667,,,79.563333,,,5.59320616,469.39535631,,,84.30395108,,,,2.841,3.268,2360.96562232,2052.47960006
2018-09-23,6662.816667,16888200,1199.436667,14.279833,,,80.226667,,,5.55495496,466.58925682,,,83.04989994,,,,2.841,3.268,2345.23641922,2038.80558966
2018-09-24,6618.13,16890000,1199.65,14.27,,,80.89,,,5.51671738,463.77925718,,,81.81641736,,,,2.844,3.271,2327.04992968,2023.27422806
2018-09-25,6389.78,16891800,1200.04,14.45,,,82.21,,,5.32463918,442.19930796,,,77.72509427,,,,2.844,3.271,2246.7580872,1953.46377255
2018-09-26,6476.68,16893600,1194.4,14.3285,,,81.87,,,5.42253851,452.01381861,,,79.10931965,,,,2.844,3.271,2277.31364276,1980.03057169
2018-09-27,6711.41,16895400,1182.7,14.2455,,,81.54,,,5.67465122,471.12491664,,,82.3081923,,,,2.844,3.271,2359.8488045,2051.79150107
2018-09-28,6675.57,16897200,1191.96,14.63,,,82.72,,,5.60049834,456.29323308,,,80.70079787,,,,2.844,3.271,2347.24683544,2040.83460715
2018-09-29,6643.363333,16899000,1190.79,14.586667,,,83.46,,,5.57895459,455.4408031,,,79.59936896,,,,2.844,3.271,2335.92240963,2030.98848456
2018-09-30,6611.156667,16900800,1189.62,14.543333,,,84.2,,,5.55736846,454.58332468,,,78.51730008,,,,2.844,3.271,2324.59798418,2021.14236227
2018-10-01,6578.95,16902600,1188.45,14.5,,,84.94,,,5.53573983,453.72068966,,,77.45408524,,,,2.866,3.313,2295.51639916,1985.79837006
2018-10-02,6531.68,16904400,1202.3,14.69,,,85.63,,,5.43265408,444.6344452,,,76.27793997,,,,2.866,3.313,2279.02302861,1971.53033504
2018-10-03,6451.61,16906200,1198.21,14.65,,,85.45,,,5.38437336,440.38293515,,,75.50157987,,,,2.866,3.313,2251.08513608,1947.36190764
2018-10-04,6557.38,16908000,1200.81,14.59,,,86.07,,,5.4607973,449.44345442,,,76.18659231,,,,2.866,3.313,2287.99023029,1979.28765469
2018-10-05,6553.08,16909800,1202.97,14.64,,,85.12,,,5.44741764,447.6147541,,,76.98637218,,,,2.866,3.313,2286.48988137,1977.9897374
2018-10-06,6580.62,16911600,1197.96,14.549,,,84.82,,,5.49318842,452.30737508,,,77.58335298,,,,2.866,3.313,2296.09909281,1986.30244491
2018-10-07,6608.16,16913400,1192.95,14.458,,,84.52,,,5.53934364,457.05906764,,,78.1845717,,,,2.866,3.313,2305.70830426,1994.61515243
2018-10-08,6635.7,16915200,1187.94,14.367,,,84.22,,,5.58588818,461.87095427,,,78.79007362,,,,2.903,3.385,2285.80778505,1960.32496307
2018-10-09,6596.31,16917000,1189.75,14.3865,,,85.16,,,5.54428241,458.50693358,,,77.45784406,,,,2.903,3.385,2272.23906304,1948.68833087
2018-10-10,6535.95,16918800,1193.89,14.29,,,83.82,,,5.47449933,457.37928621,,,77.97602004,,,,2.903,3.385,2251.44677919,1930.85672083
2018-10-11,6222.78,16920600,1223.39,14.58,,,81.35,,,5.08650553,426.80246914,,,76.49391518,,,,2.903,3.385,2143.56872201,1838.33973412
2018-10-12,6238.3,16922400,1218.06,14.62,,,80.71,,,5.12150469,426.69630643,,,77.29277661,,,,2.903,3.385,2148.9149156,1842.92466765
2018-10-13,6312.183333,16924200,1220.766667,14.646667,,,80.776667,,,5.17067143,430.96380446,,,78.14364677,,,,2.903,3.385,2174.36559869,1864.75135391
2018-10-14,6386.066667,16926000,1223.473333,14.673333,,,80.843333,,,5.21962064,435.2158209,,,78.99311458,,,,2.903,3.385,2199.81628212,1886.57804047
2018-10-15,6459.95,16927800,1226.18,14.7,,,80.91,,,5.26835375,439.45238095,,,79.84118156,,,,2.879,3.394,2243.81729767,1903.34413671
2018-10-16,6523.16,16929600,1227.03,14.66,,,80.53,,,5.31621884,444.96316508,,,81.00285608,,,,2.879,3.394,2265.77283779,1921.96817914
2018-10-17,6514.66,16931400,1223.51,14.62,,,79.91,,,5.32456621,445.59917921,,,81.52496559,,,,2.879,3.394,2262.82042376,1919.46375958
2018-10-18,6430.87,16933200,1228.15,14.57,,,80.3,,,5.23622522,441.37748799,,,80.08555417,,,,2.879,3.394,2233.71656825,1894.77607543
2018-10-19,6426.74,16935000,1226.44,14.63,,,80.38,,,5.24015851,439.28503076,,,79.95446629,,,,2.879,3.394,2232.28204238,1893.55922216
2018-10-20,6433.643333,16936800,1224.993333,14.608167,,,80.403333,,,5.25198232,440.41414183,,,80.01712234,,,,2.879,3.394,2234.67986558,1895.59320359
2018-10-21,6440.546667,16938600,1223.546667,14.586333,,,80.426667,,,5.2638341,441.54666337,,,80.07974105,,,,2.879,3.394,2237.07768913,1897.62718533
2018-10-22,6447.45,16940400,1222.1,14.5645,,,80.45,,,5.27571394,442.68255004,,,80.14232443,,,,2.841,3.38,2269.42977825,1907.5295858
2018-10-23,6435.01,16942200,1231.62,14.74,,,78.67,,,5.22483396,436.56784261,,,81.79750858,,,,2.841,3.38,2265.05103837,1903.84911243
2018-10-24,6464.12,16944000,1233.9,14.6835,,,77.34,,,5.23877138,440.23019035,,,83.5805534,,,,2.841,3.38,2275.29743048,1912.46153846
2018-10-25,6435.01,16945800,1231.58,14.65,,,77.3,,,5.22500365,439.24982935,,,83.24721863,,,,2.841,3.38,2265.05103837,1903.84911243
2018-10-26,6435.01,16947600,1233.94,14.7,,,77.4,,,5.21501045,437.75578231,,,83.13966408,,,,2.841,3.38,2265.05103837,1903.84911243
2018-10-27,6385.126667,16949400,1232.706667,14.625,,,77.453333,,,5.17976161,436.58985757,,,82.43837185,,,,2.841,3.38,2247.49266702,1889.09072988
2018-10-28,6335.243333,16951200,1231.473333,14.55,,,77.506667,,,5.14444216,435.41191292,,,81.73804368,,,,2.841,3.38,2229.93429532,1874.33234704
2018-10-29,6285.36,16954800,1230.24,14.475,,,77.56,,,5.10905189,434.22176166,,,81.03867973,,,,2.811,3.355,2235.98719317,1873.43070045
2018-10-30,6285.36,16956600,1223.45,14.49,,,75.68,,,5.13740651,433.77225673,,,83.05179704,,,,2.811,3.355,2235.98719317,1873.43070045
2018-10-31,6325.11,16958400,1215.37,14.2655,,,74.84,,,5.20426701,443.3850899,,,84.51509888,,,,2.811,3.355,2250.1280683,1885.27868852
2018-11-01,6353.24,16960200,1232.93,14.74,,,71.25,,,5.15296083,431.02035278,,,89.1682807,,,,2.811,3.355,2260.13518321,1893.66318927
2018-11-02,6369.43,16962000,1233.04,14.74,,,71.11,,,5.16563129,432.11872456,,,89.57150893,,,,2.811,3.355,2265.8946994,1898.48882265
2018-11-03,6384.41,16963800,1232.66,14.71,,,71.633333,,,5.17937631,434.01835486,,,89.12624518,,,,2.811,3.355,2271.22376379,1902.9538003
2018-11-04,6399.39,16965600,1232.28,14.68,,,72.156667,,,5.19312981,435.92574932,,,88.68743896,,,,2.811,3.355,2276.55282818,1907.41877794
2018-11-05,6414.37,16967400,1231.9,14.65,,,72.68,,,5.20689179,437.84095563,,,88.25495322,,,,2.753,3.338,2329.95641119,1921.62073098
2018-11-06,6451.61,16969200,1227.46,14.54,,,70.64,,,5.25606537,443.71458047,,,91.33083239,,,,2.753,3.338,2343.48347258,1932.77711204
2018-11-07,6518.9,16971000,1227.13,14.58,,,70.1,,,5.3123141,447.11248285,,,92.99429387,,,,2.753,3.338,2367.92589902,1952.93588975
2018-11-08,6426.74,16972800,1223.63,14.4345,,,69.29,,,5.25219225,445.2346808,,,92.75133497,,,,2.753,3.338,2334.44969125,1925.32654284
2018-11-09,6361.32,16974600,1209.95,14.1735,,,69.01,,,5.25750651,448.81786432,,,92.1796841,,,,2.753,3.338,2310.68652379,1905.72798083
2018-11-10,6357.283333,16976400,1206.636667,14.113833,,,69.276667,,,5.26859784,450.42925852,,,91.76658763,,,,2.753,3.338,2309.22024446,1904.51867376
2018-11-11,6353.246667,16978200,1203.323333,14.054167,,,69.543333,,,5.27975025,452.05430297,,,91.35666056,,,,2.753,3.338,2307.75396549,1903.30936699
2018-11-12,6349.21,16980000,1200.01,13.9945,,,69.81,,,5.29096424,453.69323663,,,90.94986392,,,,2.686,3.317,2363.8160834,1914.14229726
2018-11-13,6329.11,16981800,1202.2,13.9915,,,65.45,,,5.26460655,452.35392917,,,96.70145149,,,,2.686,3.317,2356.33283693,1908.08260476
2018-11-14,5595.97,16983600,1211.69,14.13,,,64.88,,,4.61831822,396.03467799,,,86.25107891,,,,2.686,3.317,2083.38421445,1687.05758215
2018-11-15,5534.03,16985400,1214.22,14.28,,,65.61,,,4.55768312,387.53711485,,,84.34735559,,,,2.686,3.317,2060.32390171,1668.384082
2018-11-16,5540.17,16987200,1222.05,14.4205,,,65.29,,,4.53350518,384.18709476,,,84.85480165,,,,2.686,3.317,2062.60982874,1670.23515225
2018-11-17,5306.87,16989000,1222.73,14.422833,,,64.906667,,,4.3401814,367.94920942,,,81.76155463,,,,2.686,3.317,1975.75204765,1599.90051251
2018-11-18,5073.57,16990800,1223.41,14.425167,,,64.523333,,,4.14707253,351.71655205,,,78.63155488,,,,2.686,3.317,1888.89426657,1529.56587278
2018-11-19,4840.27,16992600,1224.09,14.4275,,,64.14,,,3.95417821,335.48916999,,,75.46414094,,,,2.611,3.282,1853.79931061,1474.79280926
2018-11-20,4310.34,16994400,1221.33,14.31,,,61.5,,,3.52921815,301.21174004,,,70.08682927,,,,2.611,3.282,1650.8387591,1313.32723949
2018-11-21,4504.5,16996200,1226.64,14.51,,,61.65,,,3.67222657,310.44107512,,,73.06569343,,,,2.611,3.282,1725.20107239,1372.48628885
2018-11-22,4442.47,16998000,1227.38,14.4885,,,61.11,,,3.619474,306.62042309,,,72.69628539,,,,2.611,3.282,1701.44389123,1353.58622791
2018-11-23,4248.09,16999800,1223.11,14.2805,,,57.69,,,3.4731872,297.47487833,,,73.63650546,,,,2.611,3.282,1626.99731903,1294.36014625
2018-11-24,4058.903333,17001600,1223.25,14.260333,,,58.36,,,3.31813066,284.62893068,,,69.54940598,,,,2.611,3.282,1554.53976752,1236.71643297
2018-11-25,3869.716667,17003400,1223.39,14.240167,,,59.03,,,3.16310961,271.74657903,,,65.55508499,,,,2.611,3.282,1482.08221639,1179.07271999
2018-11-26,3680.53,17005200,1223.53,14.22,,,59.7,,,3.00812403,258.82770745,,,61.65041876,,,,2.539,3.261,1449.59826703,1128.65072064
2018-11-27,3822.63,17007000,1215.72,14.16,,,59.58,,,3.14433422,269.95974576,,,64.15961732,,,,2.539,3.261,1505.56518314,1172.22631095
2018-11-28,4210.53,17008800,1221.14,14.32,,,57.97,,,3.44803217,294.03142458,,,72.63291358,,,,2.539,3.261,1658.34186688,1291.1775529
2018-11-29,4240.88,17010600,1224.75,14.32,,,58.29,,,3.46264952,296.15083799,,,72.75484646,,,,2.539,3.261,1670.29539189,1300.48451395
2018-11-30,3974.56,17012400,1222.13,14.18,,,57.71,,,3.25215812,280.29337094,,,68.87125282,,,,2.539,3.261,1565.40370224,1218.81631401
2018-12-01,3938.2,17014200,1225.266667,14.246667,,,58.53,,,3.21415746,276.4295677,,,67.28515291,,,,2.539,3.261,1551.08310358,1207.66636001
2018-12-02,3901.84,17016000,1228.403333,14.313333,,,59.35,,,3.17635087,272.60177626,,,65.74288121,,,,2.539,3.261,1536.76250492,1196.51640601
2018-12-03,3865.48,17017800,1231.54,14.38,,,60.17,,,3.13873687,268.80945758,,,64.24264584,,,,2.451,3.207,1577.10322317,1205.3258497
2018-12-04,3923.11,17019600,1239.03,14.54,,,61.22,,,3.16627523,269.81499312,,,64.08216269,,,,2.451,3.207,1600.61607507,1223.29591519
2018-12-05,3731.34,17021400,1237.31,14.5005,,,61.4,,,3.01568726,257.32491983,,,60.77100977,,,,2.451,3.207,1522.374541,1163.49859682
2018-12-06,3612.72,17023200,1238.42,14.47,,,57.83,,,2.91720095,249.66966137,,,62.47138164,,,,2.451,3.207,1473.97796818,1126.51075772
2018-12-07,3363.61,17025000,1248.53,14.631,,,61.71,,,2.69405621,229.896111,,,54.506725,,,,2.451,3.207,1372.34190126,1048.83380106
2018-12-08,3395.81,17026800,1247.17,14.598167,,,61.236667,,,2.72281245,232.61893086,,,55.45386721,,,,2.451,3.207,1385.47939616,1058.87433739
2018-12-09,3428.01,17028600,1245.81,14.565333,,,60.763333,,,2.75163147,235.35404237,,,56.4157664,,,,2.451,3.207,1398.61689106,1068.91487371
2018-12-10,3460.21,17030400,1244.45,14.5325,,,60.29,,,2.78051348,238.10149665,,,57.39276829,,,,2.421,3.161,1429.24824453,1094.65675419
2018-12-11,3393.28,17032200,1243.66,14.54,,,59.73,,,2.72846276,233.37551582,,,56.81031308,,,,2.421,3.161,1401.60264354,1073.48307498
2018-12-12,3445.9,17034000,1245.64,14.7405,,,59.94,,,2.7663691,233.77090329,,,57.48915582,,,,2.421,3.161,1423.33746386,1090.12970579
2018-12-13,3294.89,17035800,1242.66,14.76,,,59.03,,,2.6514815,223.23102981,,,55.81721159,,,,2.421,3.161,1360.96241223,1042.3568491
2018-12-14,3194.89,17037600,1238.43,14.59,,,58.56,,,2.57979054,218.97806717,,,54.55754781,,,,2.421,3.161,1319.65716646,1010.72129073
2018-12-15,3301.16,17039400,1241.186667,14.613333,,,58.236667,,,2.65968052,225.9005526,,,56.68524952,,,,2.421,3.161,1363.55225114,1044.34039861
2018-12-16,3407.43,17041200,1243.943333,14.636667,,,57.913333,,,2.73921642,232.8009512,,,58.83671037,,,,2.421,3.161,1407.44733581,1077.95950649
2018-12-17,3513.7,17043000,1246.7,14.66,,,57.59,,,2.81840058,239.67939973,,,61.01232853,,,,2.369,3.121,1483.1996623,1125.82505607
2018-12-18,3599.71,17044800,1248.35,14.65,,,55.26,,,2.88357432,245.71399317,,,65.14133189,,,,2.369,3.121,1519.50612073,1153.38353092
2018-12-19,3753.75,17046600,1243.07,14.5975,,,55.6,,,3.01974145,257.15019695,,,67.51348921,,,,2.369,3.121,1584.52933727,1202.73950657
2018-12-20,4105.09,17048400,1260.68,14.77,,,52.84,,,3.25625059,277.93432634,,,77.68906132,,,,2.369,3.121,1732.83663993,1315.31239987
2018-12-21,3838.77,17050200,1255.46,14.63,,,51.93,,,3.05766014,262.39029392,,,73.9220104,,,,2.369,3.121,1620.41789785,1229.98077539
2018-12-22,3924.18,17052000,1260.04,14.6785,,,51.93,,,3.1143297,267.34203086,,,75.56672444,,,,2.369,3.121,1656.47108485,1257.34700417
2018-12-23,4009.59,17053800,1264.62,14.727,,,51.93,,,3.17058879,272.26115298,,,77.21143847,,,,2.369,3.121,1692.52427184,1284.71323294
2018-12-24,4095,17055600,1269.2,14.7755,,,51.93,,,3.22644185,277.14798146,,,78.85615251,,,,2.321,3.077,1764.32572167,1330.84172896
2018-12-25,3972.8,17057400,1268.305,14.90775,,,51.93,,,3.13236958,266.49226074,,,76.50298479,,,,2.321,3.077,1711.67600172,1291.12772181
2018-12-26,3850.6,17059200,1267.41,15.04,,,51.93,,,3.03816445,256.02393617,,,74.14981706,,,,2.321,3.077,1659.02628178,1251.41371466
2018-12-27,3632.4,17061000,1275.59,15.23,,,51.49,,,2.84762345,238.50295469,,,70.54573704,,,,2.321,3.077,1565.01507971,1180.50048749
2018-12-28,3952.57,17062800,1280.04,15.37,,,50.57,,,3.08784882,257.16135329,,,78.16037176,,,,2.321,3.077,1702.95993106,1284.55313617
2018-12-29,3877.9,17064600,1280.88,15.411167,,,50.57,,,3.02752795,251.62922444,,,76.68380463,,,,2.321,3.077,1670.78845325,1260.28599285
2018-12-30,3803.23,17066400,1281.72,15.452333,,,50.57,,,2.96728615,246.12658813,,,75.20723749,,,,2.321,3.077,1638.61697544,1236.01884953
2018-12-31,3728.56,17068200,1282.56,15.4935,,,50.57,,,2.90712325,240.65317714,,,73.73067036,,,,2.266,3.048,1645.4368932,1223.2808399
2019-01-01,3837.445,17070000,1283.15,15.51175,,,50.57,,,2.99064412,247.38955953,,,75.8838244,,,,2.266,3.048,1693.48852604,1259.00426509
2019-01-02,3946.33,17071800,1283.74,15.53,,,54.06,,,3.07408821,254.11010947,,,72.9990751,,,,2.266,3.048,1741.54015887,1294.72769029
2019-01-03,3840.25,17073600,1293.53,15.73,,,53.23,,,2.96881402,244.13541004,,,72.14446741,,,,2.266,3.048,1694.72639011,1259.92454068
2019-01-04,3827.02,17075400,1285.03,15.69,,,55.64,,,2.97815615,243.91459528,,,68.78181165,,,,2.266,3.048,1688.88790821,1255.5839895
2019-01-05,3895.973333,17077200,1286.28,15.683333,,,56.126667,,,3.02886878,248.41488305,,,69.41394423,,,,2.266,3.048,1719.31744616,1278.20647408
2019-01-06,3964.926667,17079000,1287.53,15.676667,,,56.613333,,,3.07948294,252.91898252,,,70.03521003,,,,2.266,3.048,1749.74698455,1300.82895899
2019-01-07,4033.88,17080800,1288.78,15.67,,,57.1,,,3.12999891,257.42693044,,,70.64588441,,,,2.237,3.013,1803.25435852,1338.82509127
2019-01-08,4038.77,17082600,1284.67,15.66,,,56.91,,,3.14381904,257.90357599,,,70.96766825,,,,2.237,3.013,1805.44032186,1340.44805841
2019-01-09,4030.63,17084400,1292.77,15.75,,,59.46,,,3.11782452,255.91301587,,,67.78725193,,,,2.237,3.013,1801.80151989,1337.74643213
2019-01-10,3654.97,17086200,1287.72,15.57,,,60.47,,,2.83832665,234.74438022,,,60.44269886,,,,2.237,3.013,1633.87125615,1213.06671092
2019-01-11,3681.89,17088000,1288.25,15.6,,,59.24,,,2.8580555,236.01858974,,,62.15209318,,,,2.237,3.013,1645.90523022,1222.00132758
2019-01-12,3683.7,17089800,1289.35,15.617167,,,59.093333,,,2.85702098,235.87504699,,,62.3369814,,,,2.237,3.013,1646.71434958,1222.60205775
2019-01-13,3685.51,17091600,1290.45,15.634333,,,58.946667,,,2.85598822,235.73183455,,,62.52278861,,,,2.237,3.013,1647.52346893,1223.20278792
2019-01-14,3687.32,17093400,1291.55,15.6515,,,58.8,,,2.85495722,235.58892119,,,62.70952381,,,,2.247,2.976,1640.99688474,1239.0188172
2019-01-15,3599.71,17095200,1289.34,15.5815,,,58.65,,,2.79190128,231.02461252,,,61.37612958,,,,2.247,2.976,1602.00712061,1209.57997312
2019-01-16,3619.25,17097000,1294.33,15.6,,,59.81,,,2.79623435,232.00320513,,,60.51245611,,,,2.247,2.976,1610.70315977,1216.14583333
2019-01-17,3656.31,17098800,1291.85,15.53,,,59.85,,,2.83028989,235.43528654,,,61.09122807,,,,2.247,2.976,1627.19626168,1228.59879032
2019-01-18,3627.13,17100600,1280.96,15.34,,,62.04,,,2.83157163,236.44915254,,,58.46437782,,,,2.247,2.976,1614.21005785,1218.7936828
2019-01-19,3599.7,17102400,1280.733333,15.3165,,,62.086667,,,2.81065535,235.02105572,,,57.97863171,,,,2.247,2.976,1602.00267023,1209.5766129
2019-01-20,3572.27,17104200,1280.506667,15.293,,,62.133333,,,2.78973167,233.58856993,,,57.49361619,,,,2.247,2.976,1589.7952826,1200.35954301
2019-01-21,3544.84,17106000,1280.28,15.2695,,,62.18,,,2.76880057,232.15167491,,,57.00932776,,,,2.251,2.965,1574.7845402,1195.56155143
2019-01-22,3601.01,17107800,1283.53,15.34,,,60.9,,,2.80555188,234.7464146,,,59.12988506,,,,2.251,2.965,1599.73789427,1214.50590219
2019-01-23,3573.98,17109600,1283.15,15.37,,,61.05,,,2.78531738,232.52960312,,,58.54185094,,,,2.251,2.965,1587.72989782,1205.38954469
2019-01-24,3590.66,17111400,1281.05,15.3165,,,61.09,,,2.80290387,234.43084256,,,58.77655917,,,,2.251,2.965,1595.13993781,1211.01517707
2019-01-25,3575.26,17113200,1300.23,15.73,,,61.49,,,2.74971351,227.2892562,,,58.14376321,,,,2.251,2.965,1588.29853398,1205.82124789
2019-01-26,3534.916667,17115000,1301.103333,15.733333,,,60.896667,,,2.71686082,224.67691156,,,58.04778555,,,,2.251,2.965,1570.37612928,1192.21472749
2019-01-27,3494.573333,17116800,1301.976667,15.736667,,,60.303333,,,2.6840522,222.06565933,,,57.94992016,,,,2.251,2.965,1552.45372412,1178.60820675
2019-01-28,3454.23,17118600,1302.85,15.74,,,59.71,,,2.65128756,219.45552732,,,57.85010886,,,,2.256,2.965,1531.13031915,1165.00168634
2019-01-29,3424.66,17120400,1310.86,15.84,,,60.98,,,2.61252918,216.20328283,,,56.16038045,,,,2.256,2.965,1518.02304965,1155.02866779
2019-01-30,3471.02,17122200,1320.58,16.06,,,61.89,,,2.6284057,216.12826899,,,56.08369688,,,,2.256,2.965,1538.57269504,1170.66441821
2019-01-31,3450.66,17124000,1321.37,16.0685,,,62.46,,,2.61142602,214.74686498,,,55.24591739,,,,2.256,2.965,1529.54787234,1163.79763912
2019-02-01,3478.26,17125800,1317.93,15.9205,,,61.86,,,2.63918418,218.47680663,,,56.22793404,,,,2.256,2.965,1541.78191489,1173.10623946
2019-02-02,3464.316667,17127600,1315.72,15.900333,,,61.993333,,,2.63301969,217.8769883,,,55.8820844,,,,2.256,2.965,1535.60135949,1168.40359764
2019-02-03,3450.373333,17129400,1313.51,15.880167,,,62.126667,,,2.62683446,217.27563274,,,55.53771834,,,,2.256,2.965,1529.42080363,1163.70095548
2019-02-04,3436.43,17131200,1311.3,15.86,,,62.26,,,2.62062838,216.67276166,,,55.19482814,,,,2.254,2.966,1524.59183673,1158.60755226
2019-02-05,3450.66,17133000,1314.91,15.85,,,61.67,,,2.62425565,217.70725552,,,55.95362413,,,,2.254,2.966,1530.90505768,1163.40525961
2019-02-06,3395.59,17134800,1307.21,15.67,,,62.22,,,2.5975857,216.6936822,,,54.57393121,,,,2.254,2.966,1506.472937,1144.83816588
2019-02-07,3387.53,17136600,1310.94,15.73,,,61.01,,,2.58404656,215.35473617,,,55.52417636,,,,2.254,2.966,1502.89707187,1142.12070128
2019-02-08,3657.64,17138400,1314.45,15.8265,,,61.37,,,2.78263913,231.1085837,,,59.59980446,,,,2.254,2.966,1622.73291925,1233.18948078
2019-02-09,3647.033333,17140200,1312.32,15.787667,,,61.346667,,,2.77907319,231.00521014,,,59.44957585,,,,2.254,2.966,1618.02721074,1229.61339616
2019-02-10,3636.426667,17142000,1310.19,15.748833,,,61.323333,,,2.77549567,230.90134152,,,59.2992339,,,,2.254,2.966,1613.32150266,1226.03731187
2019-02-11,3625.82,17143800,1308.06,15.71,,,61.3,,,2.77190649,230.79694462,,,59.14877651,,,,2.276,2.966,1593.06678383,1222.46122724
2019-02-12,3616.64,17145600,1310.3,15.7,,,62.58,,,2.7601618,230.35923567,,,57.7922659,,,,2.276,2.966,1589.03339192,1219.3661497
2019-02-13,3601.01,17147400,1306.54,15.57,,,63.27,,,2.75614218,231.27874117,,,56.9149676,,,,2.276,2.966,1582.16608084,1214.09642616
2019-02-14,3594.54,17149200,1311.97,15.61,,,64,,,2.7398035,230.27162076,,,56.1646875,,,,2.276,2.966,1579.32337434,1211.91503709
2019-02-15,3598.42,17151000,1321.04,15.7915,,,65.65,,,2.72392963,227.87068993,,,54.81218583,,,,2.276,2.966,1581.02811951,1213.22319622
2019-02-16,3697.48,17152800,1322.87,15.7965,,,65.903333,,,2.79504411,234.06957237,,,56.10459793,,,,2.276,2.966,1624.55184534,1246.62171274
2019-02-17,3796.54,17154600,1324.7,15.8015,,,66.156667,,,2.8659621,240.26453185,,,57.38711111,,,,2.276,2.966,1668.07557118,1280.02022927
2019-02-18,3895.6,17156400,1326.53,15.8065,,,66.41,,,2.93668443,246.45557207,,,58.65984039,,,,2.317,3.006,1681.31204143,1295.94145043
2019-02-19,3941.66,17158200,1340.51,15.98,,,65.86,,,2.9404182,246.6620776,,,59.84907379,,,,2.317,3.006,1701.19119551,1311.26413839
2019-02-20,3961.97,17160000,1339.14,16.05,,,66.82,,,2.95859283,246.8517134,,,59.2931757,,,,2.317,3.006,1709.95684074,1318.02062542
2019-02-21,3923.11,17161800,1324.52,15.8,,,66.91,,,2.96191073,248.29810127,,,58.63264086,,,,2.317,3.006,1693.18515322,1305.09314704
2019-02-22,3969.83,17163600,1328.46,15.9245,,,66.91,,,2.98829472,249.29071556,,,59.33089224,,,,2.317,3.006,1713.34915839,1320.63539587
2019-02-23,3931.073333,17165400,1328.356667,15.909667,,,65.946667,,,2.95935078,247.0870907,,,59.60988647,,,,2.317,3.006,1696.62206862,1307.74229308
2019-02-24,3892.316667,17167200,1328.253333,15.894833,,,64.983333,,,2.93040233,244.87936847,,,59.89715343,,,,2.317,3.006,1679.89497928,1294.84919062
2019-02-25,3853.56,17169000,1328.15,15.88,,,64.02,,,2.90144938,242.6675063,,,60.19306467,,,,2.39,3.048,1612.36820084,1264.29133858
2019-02-26,3831.42,17170800,1328.52,15.92,,,64.51,,,2.88397615,240.66708543,,,59.3926523,,,,2.39,3.048,1603.10460251,1257.02755906
2019-02-27,3800.84,17172600,1321.01,15.76,,,65.55,,,2.87722273,241.17005076,,,57.98382914,,,,2.39,3.048,1590.30962343,1246.99475066
2019-02-28,3829.95,17174400,1312.45,15.63,,,65.03,,,2.91816831,245.03838772,,,58.89512533,,,,2.39,3.048,1602.48953975,1256.54527559
2019-03-01,3865.48,17176200,1291.39,15.16,,,63.71,,,2.99327082,254.97889182,,,60.67304976,,,,2.39,3.048,1617.35564854,1268.20209974
2019-03-02,3818.45,17178000,1290.053333,15.133333,,,63.953333,,,2.95991639,252.32049014,,,59.70681778,,,,2.39,3.048,1597.67782427,1252.77230971
2019-03-03,3771.42,17179800,1288.716667,15.106667,,,64.196667,,,2.92649276,249.65268646,,,58.74790976,,,,2.39,3.048,1578,1237.34251969
2019-03-04,3724.39,17181600,1287.38,15.08,,,64.44,,,2.89299974,246.97546419,,,57.79624457,,,,2.422,3.076,1537.73327828,1210.789987
2019-03-05,3869.97,17183400,1288.48,15.13,,,64.24,,,3.00351577,255.78122935,,,60.24237235,,,,2.422,3.076,1597.84062758,1258.11768531
2019-03-06,3886.51,17185200,1286.06,15.07,,,64.51,,,3.02202852,257.89714665,,,60.24662843,,,,2.422,3.076,1604.66969447,1263.49479844
2019-03-07,3897.12,17187000,1285.07,15.02,,,64.82,,,3.03261301,259.4620506,,,60.12218451,,,,2.422,3.076,1609.05037159,1266.94408322
2019-03-08,3933.91,17188800,1300.17,15.35,,,65.66,,,3.02568895,256.28078176,,,59.91334146,,,,2.422,3.076,1624.24029727,1278.90442133
2019-03-09,3918.11,17190600,1298.016667,15.340167,,,65.46,,,3.01853597,255.4150812,,,59.85502597,,,,2.422,3.076,1617.71676301,1273.76788036
2019-03-10,3902.31,17192400,1295.863333,15.330333,,,65.26,,,3.01135922,254.54828672,,,59.79635305,,,,2.422,3.076,1611.19322874,1268.6313394
2019-03-11,3886.51,17194200,1293.71,15.3205,,,65.06,,,3.00415858,253.68036291,,,59.7373194,,,,2.471,3.079,1572.84904897,1262.26372199
2019-03-12,3898.64,17196000,1301.22,15.4425,,,65.33,,,2.99614208,252.46171281,,,59.67610592,,,,2.471,3.079,1577.75799272,1266.20331276
2019-03-13,3881.99,17197800,1308.9,15.4525,,,65.89,,,2.96584155,251.22083805,,,58.91622401,,,,2.471,3.079,1571.01983003,1260.79571289
2019-03-14,3885,17199600,1296.48,15.1915,,,66.18,,,2.99657534,255.73511503,,,58.70353581,,,,2.471,3.079,1572.23796034,1261.77330302
2019-03-15,3933.91,17201400,1302.25,15.2935,,,66.11,,,3.02085621,257.22758034,,,59.5055211,,,,2.471,3.079,1592.03156617,1277.65833063
2019-03-16,3959.146667,17203200,1302.796667,15.313167,,,66.29,,,3.03895978,258.54525501,,,59.72464424,,,,2.471,3.079,1602.24470538,1285.85471484
2019-03-17,3984.383333,17205000,1303.343333,15.332833,,,66.47,,,3.05704816,259.85956627,,,59.94258061,,,,2.471,3.079,1612.45784419,1294.05109873
2019-03-18,4009.62,17206800,1303.89,15.3525,,,66.65,,,3.07512137,261.1704934,,,60.15933983,,,,2.548,3.07,1573.63422292,1306.06514658
2019-03-19,4029.01,17208600,1306.05,15.3615,,,67.13,,,3.0848819,262.27972529,,,60.01802473,,,,2.548,3.07,1581.24411303,1312.38110749
2019-03-20,4063.39,17210400,1313.69,15.5005,,,68.35,,,3.09311177,262.14573723,,,59.44974396,,,,2.548,3.07,1594.73704867,1323.57980456
2019-03-21,4000,17212200,1309.36,15.4715,,,68.3,,,3.0549276,258.53989594,,,58.56515373,,,,2.548,3.07,1569.85871272,1302.93159609
2019-03-22,4000,17214000,1313.31,15.44,,,66.29,,,3.04573939,259.06735751,,,60.34092623,,,,2.548,3.07,1569.85871272,1302.93159609
2019-03-23,3974.883333,17215800,1316.153333,15.4745,,,66.65,,,3.02007618,256.86667311,,,59.63815953,,,,2.548,3.07,1560.00130808,1294.75027134
2019-03-24,3949.766667,17217600,1318.996667,15.509,,,67.01,,,2.99452361,254.67577968,,,58.94294384,,,,2.548,3.07,1550.14390385,1286.56894691
2019-03-25,3924.65,17219400,1321.84,15.5435,,,67.37,,,2.96908098,252.4946119,,,58.25515808,,,,2.623,3.08,1496.24475791,1274.23701299
2019-03-26,3933.91,17221200,1316.08,15.4335,,,67.51,,,2.9891116,254.8942236,,,58.27151533,,,,2.623,3.08,1499.77506672,1277.24350649
2019-03-27,4037.14,17223000,1309.78,15.2985,,,67.35,,,3.0823039,263.89123117,,,59.94268745,,,,2.623,3.08,1539.1307663,1310.75974026
2019-03-28,4035.51,17224800,1290.6,15.0145,,,66.08,,,3.12684798,268.77418495,,,61.07006659,,,,2.623,3.08,1538.50934045,1310.23051948
2019-03-29,4101.72,17226600,1292.3,15.1395,,,67.93,,,3.17396889,270.92836619,,,60.38156926,,,,2.623,3.08,1563.75142966,1331.72727273
2019-03-30,4119.33,17228400,1290.766667,15.131333,,,68.313333,,,3.19138238,272.23840755,,,60.30052728,,,,2.623,3.08,1570.46511628,1337.44480519
2019-03-31,4136.94,17230200,1289.233333,15.123167,,,68.696667,,,3.20883729,273.54984574,,,60.22038886,,,,2.623,3.08,1577.1788029,1343.16233766
2019-04-01,4154.55,17230200,1287.7,15.115,,,69.08,,,3.22633377,274.86271915,,,60.14114071,,,,2.691,3.078,1543.86845039,1349.75633528
2019-04-02,4805.38,17232000,1292.5,15.1245,,,69.68,,,3.71789555,317.72157757,,,68.96354765,,,,2.691,3.078,1785.72277964,1561.20207927
2019-04-03,5219.21,17233800,1290.46,15.135,,,69.21,,,4.04445702,344.84373968,,,75.41121225,,,,2.691,3.078,1939.50575994,1695.64977258
2019-04-04,4943.15,17235600,1291.7,15.12,,,69.8,,,3.82685608,326.92791005,,,70.81876791,,,,2.691,3.078,1836.91936083,1605.96166342
2019-04-05,5030.18,17237400,1291.91,15.1085,,,69.93,,,3.8935994,332.93708839,,,71.93164593,,,,2.691,3.078,1869.26049796,1634.23651722
2019-04-06,5116.19,17239200,1294.013333,15.152333,,,70.326667,,,3.95373824,337.65031431,,,72.7489332,,,,2.691,3.078,1901.22259383,1662.179987
2019-04-07,5202.2,17241000,1296.116667,15.196167,,,70.723333,,,4.01368189,342.33632731,,,73.55705365,,,,2.691,3.078,1933.18468971,1690.12345679
2019-04-08,5288.21,17242800,1298.22,15.24,,,71.12,,,4.07343131,346.99540682,,,74.35615861,,,,2.745,3.093,1926.48816029,1709.73488522
2019-04-09,5230.13,17244600,1305.19,15.22,,,71.02,,,4.00717903,343.63534823,,,73.64305829,,,,2.745,3.093,1905.32969035,1690.95699968
2019-04-10,5296.61,17246400,1306.86,15.22,,,71.63,,,4.05292839,348.00328515,,,73.94401787,,,,2.745,3.093,1929.54826958,1712.45069512
2019-04-11,5030.18,17248200,1293.17,14.98,,,71.3,,,3.88980567,335.79305741,,,70.54950912,,,,2.745,3.093,1832.48816029,1626.31102489
2019-04-12,5068.42,17250000,1290.34,14.9925,,,71.57,,,3.92797247,338.06369852,,,70.81766103,,,,2.745,3.093,1846.41894353,1638.67442612
2019-04-13,5054.83,17251800,1289.893333,14.996,,,71.346667,,,3.9187969,337.07855428,,,70.8488597,,,,2.745,3.093,1841.46812386,1634.28063369
2019-04-14,5041.24,17253600,1289.446667,14.9995,,,71.123333,,,3.90961498,336.0938698,,,70.88025529,,,,2.745,3.093,1836.51730419,1629.88684125
2019-04-15,5027.65,17255400,1289,15.003,,,70.9,,,3.90042669,335.10964474,,,70.91184767,,,,2.828,3.118,1777.81117397,1612.4599102
2019-04-16,5216.48,17257200,1276.9,15.0075,,,70.74,,,4.08526901,347.59153756,,,73.74158892,,,,2.828,3.118,1844.58274399,1673.02116742
2019-04-17,5246.59,17259000,1274.54,15,,,71.14,,,4.1164577,349.77266667,,,73.75021085,,,,2.828,3.118,1855.22984441,1682.67799872
2019-04-18,5305.04,17260800,1275.77,15.02,,,70.71,,,4.1583044,353.19840213,,,75.02531467,,,,2.828,3.118,1875.89816124,1701.42398974
2019-04-19,5328.6725,17262600,1275.5425,15.018375,,,70.71,,,4.17757346,354.81019085,,,75.35953189,,,,2.828,3.118,1884.25477369,1709.00336754
2019-04-20,5352.305,17264400,1275.315,15.01675,,,70.71,,,4.19684941,356.4223284,,,75.69374912,,,,2.828,3.118,1892.61138614,1716.58274535
2019-04-21,5375.9375,17266200,1275.0875,15.015125,,,70.71,,,4.21613223,358.03481489,,,76.02796634,,,,2.828,3.118,1900.96799859,1724.16212316
2019-04-22,5399.57,17268000,1274.86,15.0135,,,70.71,,,4.23542193,359.64765045,,,76.36218357,,,,2.841,3.147,1900.58782119,1715.78328567
2019-04-23,5580.36,17269800,1271.78,14.84,,,74.39,,,4.38783437,376.03504043,,,75.01492136,,,,2.841,3.147,1964.22386484,1773.23164919
2019-04-24,5446.62,17271600,1275.62,14.94,,,73.59,,,4.26978254,364.56626506,,,74.01304525,,,,2.841,3.147,1917.14889124,1730.73403241
2019-04-25,5411.26,17273400,1276.71,14.95,,,74.94,,,4.23844099,361.95719064,,,72.20789965,,,,2.841,3.147,1904.70256952,1719.49793454
2019-04-26,5178.66,17275200,1285.53,15.0535,,,71.03,,,4.02842407,344.01700601,,,72.90806701,,,,2.841,3.147,1822.82998944,1645.58627264
2019-04-27,5198.553333,17277000,1283.95,15.005667,,,71.093333,,,4.04887522,346.43933742,,,73.12293732,,,,2.841,3.147,1829.83221859,1651.9076368
2019-04-28,5218.446667,17278800,1282.37,14.957833,,,71.156667,,,4.06937675,348.87718475,,,73.33742412,,,,2.841,3.147,1836.83444808,1658.22900127
2019-04-29,5238.34,17280600,1280.79,14.91,,,71.22,,,4.08992887,351.33065057,,,73.55153047,,,,2.887,3.169,1814.45791479,1652.99463553
2019-04-30,5370.57,17282400,1283.48,14.94,,,72.19,,,4.18438153,359.47590361,,,74.39493005,,,,2.887,3.169,1860.25978524,1694.72073209
2019-05-01,5405.41,17284200,1277.63,14.68,,,72.01,,,4.23081017,368.21594005,,,75.06471323,,,,2.887,3.169,1872.32767579,1705.71473651
2019-05-02,5512.68,17286000,1270.92,14.62,,,70.56,,,4.33755075,377.06429549,,,78.12755102,,,,2.887,3.169,1909.48389331,1739.5645314
2019-05-03,5793.74,17287800,1278.29,14.92,,,71.95,,,4.5324144,388.32037534,,,80.52453092,,,,2.887,3.169,2006.83754763,1828.25497002
2019-05-04,5797.103333,17289600,1279.026667,14.9135,,,71.95,,,4.53243352,388.71514621,,,80.57127634,,,,2.887,3.169,2008.00254001,1829.31629315
2019-05-05,5800.466667,17291400,1279.763333,14.907,,,71.95,,,4.53245262,389.11026142,,,80.61802178,,,,2.887,3.169,2009.16753273,1830.3776166
2019-05-06,5803.83,17293200,1280.5,14.9005,,,71.95,,,4.53247169,389.50572128,,,80.6647672,,,,2.897,3.171,2003.39316534,1830.28382214
2019-05-07,5995.2,17295000,1281.78,14.92,,,70.98,,,4.67724571,401.8230563,,,84.46322908,,,,2.897,3.171,2069.45115637,1890.63386944
2019-05-08,5988.02,17296800,1281.57,14.85,,,71.09,,,4.67240962,403.23367003,,,84.23153749,,,,2.897,3.171,2066.97273041,1888.3695995
2019-05-09,6153.85,17298600,1283.91,14.77,,,70.61,,,4.79305403,416.64522681,,,87.15266959,,,,2.897,3.171,2124.21470487,1940.66540523
2019-05-10,6397.95,17300400,1286.07,14.777,,,71.63,,,4.97480697,432.96677269,,,89.31941924,,,,2.897,3.171,2208.47428374,2017.64427625
2019-05-11,6955.643333,17302200,1290.456667,14.771333,,,71.87,,,5.39006346,470.88799183,,,96.7809007,,,,2.897,3.171,2400.98147497,2193.51729202
2019-05-12,7513.336667,17304000,1294.843333,14.765667,,,72.11,,,5.80250635,508.83828458,,,104.19271484,,,,2.897,3.171,2593.48866655,2369.3903081
2019-05-13,8071.03,17305800,1299.23,14.76,,,72.35,,,6.21216413,546.81775068,,,111.55535591,,,,2.866,3.16,2816.13049546,2554.12341772
2019-05-14,7776.05,17307600,1295.77,14.8,,,72.53,,,6.00110359,525.40878378,,,107.21149869,,,,2.866,3.16,2713.20655967,2460.77531646
2019-05-15,8136.7,17309400,1296.51,14.7985,,,73.09,,,6.27584824,549.83275332,,,111.32439458,,,,2.866,3.16,2839.04396371,2574.90506329
2019-05-16,7930.21,17311200,1288,14.56,,,74.7,,,6.15699534,544.65728022,,,106.16077644,,,,2.866,3.16,2766.99581298,2509.56012658
2019-05-17,7158.2,17313000,1278.08,14.43,,,73.94,,,5.60074487,496.06375606,,,96.81092778,,,,2.866,3.16,2497.6273552,2265.25316456
2019-05-18,7455.976667,17314800,1277.563333,14.44,,,73.696667,,,5.83609162,516.34187445,,,101.17115157,,,,2.866,3.16,2601.52709944,2359.48628703
2019-05-19,7753.753333,17316600,1277.046667,14.45,,,73.453333,,,6.07162881,536.59192616,,,105.5602655,,,,2.866,3.16,2705.42684334,2453.71940918
2019-05-20,8051.53,17318400,1276.53,14.46,,,73.21,,,6.30735666,556.81396957,,,109.97855484,,,,2.852,3.163,2823.1171108,2545.53588365
2019-05-21,7993.61,17320200,1274.68,14.46,,,72.94,,,6.27107196,552.80843707,,,109.59158212,,,,2.852,3.163,2802.8085554,2527.22415428
2019-05-22,7680.49,17322000,1274.07,14.44,,,71.94,,,6.02831085,531.8898892,,,106.76244092,,,,2.852,3.163,2693.01893408,2428.22952893
2019-05-23,7892.66,17323800,1284.02,14.59,,,68.37,,,6.14683572,540.96367375,,,115.44039784,,,,2.852,3.163,2767.41234222,2495.30825166
2019-05-24,8064.52,17325600,1284.79,14.57,,,67.98,,,6.27691685,553.50171585,,,118.63077376,,,,2.852,3.163,2827.67180926,2549.64274423
2019-05-25,8315.793333,17327400,1284.896667,14.576667,,,68.5325,,,6.47195494,570.48660939,,,121.34087233,,,,2.852,3.163,2915.77606346,2629.08420266
2019-05-26,8567.066667,17329200,1285.003333,14.583333,,,69.085,,,6.66696066,587.45601345,,,124.00762346,,,,2.852,3.163,3003.88031802,2708.5256614
2019-05-27,8818.34,17331000,1285.11,14.59,,,69.6375,,,6.861934,604.40986977,,,126.63205888,,,,2.822,3.151,3124.85471297,2798.58457632
2019-05-28,8710.8,17332800,1278.48,14.36,,,70.19,,,6.81340342,606.60167131,,,124.1031486,,,,2.822,3.151,3086.74698795,2764.45572834
2019-05-29,8665.51,17334600,1281.65,14.41,,,70.64,,,6.76121406,601.35392089,,,122.67143262,,,,2.822,3.151,3070.69808646,2750.08251349
2019-05-30,8210.18,17336400,1288.55,14.5255,,,69.55,,,6.37164254,565.22529345,,,118.04716032,,,,2.822,3.151,2909.34798016,2605.57918121
2019-05-31,8431.7,17338200,1305.87,14.58,,,66.78,,,6.45676828,578.30589849,,,126.26085654,,,,2.822,3.151,2987.84549965,2675.8806728
2019-06-01,8453.193333,17340000,1312.326667,14.65,,,65.573333,,,6.44137892,577.00978382,,,128.9120584,,,,2.822,3.151,2995.46184727,2682.70178769
2019-06-02,8474.686667,17341800,1318.783333,14.72,,,64.366667,,,6.42614026,575.7259964,,,131.66266116,,,,2.822,3.151,3003.07819525,2689.52290289
2019-06-03,8496.18,17343600,1325.24,14.79,,,63.16,,,6.41105007,574.45436105,,,134.51836605,,,,2.807,3.136,3026.78304239,2709.24107143
2019-06-04,7530.12,17345400,1325.53,14.8,,,63.56,,,5.6808371,508.79189189,,,118.47262429,,,,2.807,3.136,2682.62201639,2401.18622449
2019-06-05,7745.93,17347200,1330.27,14.81,,,62.14,,,5.82282544,523.02025658,,,124.65288059,,,,2.807,3.136,2759.50480941,2470.00318878
2019-06-06,7745.93,17349000,1335.32,14.89,,,62.77,,,5.8008043,520.21020819,,,123.40178429,,,,2.807,3.136,2759.50480941,2470.00318878
2019-06-07,7968.13,17350800,1341.35,15.02,,,64.1,,,5.94038096,530.50133156,,,124.30780031,,,,2.807,3.136,2838.66405415,2540.85778061
2019-06-08,7961.796667,17352600,1336.893333,14.913333,,,64.17,,,5.95544646,533.87104459,,,124.07350268,,,,2.807,3.136,2836.40779017,2538.8382229
2019-06-09,7955.463333,17354400,1332.436667,14.806667,,,64.24,,,5.97061274,537.28927199,,,123.83971564,,,,2.807,3.136,2834.15152583,2536.81866486
2019-06-10,7949.13,17356200,1327.98,14.7,,,64.31,,,5.98588081,540.75714286,,,123.60643757,,,,2.732,3.105,2909.63762811,2560.10628019
2019-06-11,7911.39,17358000,1326.85,14.75,,,63.56,,,5.96253533,536.36542373,,,124.47120831,,,,2.732,3.105,2895.82357247,2547.95169082
2019-06-12,8156.61,17359800,1333.54,14.7825,,,61.66,,,6.11650944,551.77473364,,,132.28365229,,,,2.732,3.105,2985.58199122,2626.92753623
2019-06-13,8326.39,17361600,1342.19,14.91,,,63.28,,,6.20358519,558.44332663,,,131.5801201,,,,2.732,3.105,3047.72693997,2681.60708535
2019-06-14,8410.43,17363400,1341.08,14.86,,,63.13,,,6.27138575,565.97779273,,,133.22398226,,,,2.732,3.105,3078.48828697,2708.67310789
2019-06-15,8701.97,17365200,1340.603333,14.853333,,,62.94,,,6.49108486,585.85975282,,,138.2581824,,,,2.732,3.105,3185.20131772,2802.5668277
2019-06-16,8993.51,17367000,1340.126667,14.846667,,,62.75,,,6.71094026,605.75952838,,,143.32286853,,,,2.732,3.105,3291.91434846,2896.4605475
2019-06-17,9285.05,17368800,1339.65,14.84,,,62.56,,,6.93095211,625.67722372,,,148.41831841,,,,2.67,3.07,3477.54681648,3024.44625407
2019-06-18,9009.01,17370600,1346.58,15.01,,,63.35,,,6.69028947,600.20053298,,,142.2101026,,,,2.67,3.07,3374.16104869,2934.53094463
2019-06-19,9233.61,17372400,1360.36,15.16,,,62.85,,,6.78762239,609.07717678,,,146.9150358,,,,2.67,3.07,3458.28089888,3007.69055375
2019-06-20,9523.81,17374200,1388.51,15.4245,,,65.44,,,6.85901434,617.44691886,,,145.53499389,,,,2.67,3.07,3566.97003745,3102.21824104
2019-06-21,9910.8,17376000,1399.03,15.3335,,,65.99,,,7.08405109,646.3494962,,,150.18639188,,,,2.67,3.07,3711.91011236,3228.27361564
2019-06-22,10258.2,17377800,1405.92,15.369833,,,65.713333,,,7.29643223,667.42429797,,,156.10530667,,,,2.67,3.07,3842.02247191,3341.43322476
2019-06-23,10605.6,17379600,1412.81,15.406167,,,65.436667,,,7.50674188,688.39965191,,,162.07426946,,,,2.67,3.07,3972.13483146,3454.59283388
2019-06-24,10953,17381400,1419.7,15.4425,,,65.16,,,7.71501021,709.27634774,,,168.09392265,,,,2.654,3.043,4126.97814619,3599.40847848
2019-06-25,11547,17383200,1423.44,15.37,,,66.24,,,8.11203844,751.26870527,,,174.32065217,,,,2.654,3.043,4350.79125848,3794.61058166
2019-06-26,12407,17385000,1408.98,15.27,,,66.85,,,8.80566083,812.50818599,,,185.59461481,,,,2.654,3.043,4674.83044461,4077.22642129
2019-06-27,10776,17386800,1409.76,15.26,,,66.78,,,7.64385427,706.15989515,,,161.36567835,,,,2.654,3.043,4060.28636021,3541.2421952
2019-06-28,12315,17388600,1411.07,15.31,,,67.52,,,8.72741962,804.37622469,,,182.39040284,,,,2.654,3.043,4640.16578749,4046.99309892
2019-06-29,11741,17390400,1402.113333,15.256667,,,66.713333,,,8.37378814,769.56520058,,,175.99180662,,,,2.654,3.043,4423.88847023,3858.36345711
2019-06-30,11167,17392200,1393.156667,15.203333,,,65.906667,,,8.01560963,734.50999199,,,169.43657612,,,,2.654,3.043,4207.61115298,3669.73381531
2019-07-01,10593,17394000,1384.2,15.15,,,65.1,,,7.65279584,699.20792079,,,162.71889401,,,,2.713,3.042,3904.5337265,3482.24852071
2019-07-02,10695,17395800,1418.62,15.32,,,62.72,,,7.53901679,698.10704961,,,170.51977041,,,,2.713,3.042,3942.13048286,3515.7790927
2019-07-03,11403,17397600,1418.41,15.3,,,63.53,,,8.03928342,745.29411765,,,179.49000472,,,,2.713,3.042,4203.09620346,3748.52071006
2019-07-04,11587,17399400,1415.19,15.2815,,,63.62,,,8.18759319,758.23708406,,,182.12826155,,,,2.713,3.042,4270.91780317,3809.00723208
2019-07-05,11136,17401200,1400.78,15.02,,,64.23,,,7.94985651,741.4114514,,,173.37692667,,,,2.713,3.042,4104.68116476,3660.7495069
2019-07-06,11534,17403000,1399.026667,15.023333,,,64.45,,,8.24430318,767.73908959,,,178.96043445,,,,2.713,3.042,4251.38223369,3791.58448389
2019-07-07,11932,17404800,1397.273333,15.026667,,,64.67,,,8.53948882,794.0549957,,,184.5059533,,,,2.713,3.042,4398.08330262,3922.41946088
2019-07-08,12330,17406600,1395.52,15.03,,,64.89,,,8.83541619,820.35928144,,,190.01386963,,,,2.743,3.055,4495.07838133,4036.00654664
2019-07-09,12563,17408400,1397.57,15.11,,,64.3,,,8.98917407,831.43613501,,,195.38102644,,,,2.743,3.055,4580.02187386,4112.27495908
2019-07-10,11947,17410200,1418.93,15.2365,,,66.41,,,8.41972472,784.10396088,,,179.89760578,,,,2.743,3.055,4355.45023697,3910.63829787
2019-07-11,11299,17412000,1403.83,15.115,,,67.64,,,8.04869535,747.5355607,,,167.04612655,,,,2.743,3.055,4119.21254101,3698.52700491
2019-07-12,11628,17413800,1414.63,15.23,,,66.65,,,8.2198172,763.49310571,,,174.4636159,,,,2.743,3.055,4239.15421072,3806.2193126
2019-07-13,11336.333333,17415600,1414.453333,15.283333,,,66.72,,,8.01463934,741.74483622,,,169.90907274,,,,2.743,3.055,4132.82294313,3710.74740851
2019-07-14,11044.666667,17417400,1414.276667,15.336667,,,66.79,,,7.80941023,720.14777833,,,165.36407646,,,,2.743,3.055,4026.4916759,3615.27550475
2019-07-15,10753,17419200,1414.1,15.39,,,66.86,,,7.60412984,698.70045484,,,160.82859707,,,,2.779,3.051,3869.37747391,3524.41822353
2019-07-16,9643.2,17421000,1406.08,15.5555,,,65.87,,,6.85821575,619.92221401,,,146.39744952,,,,2.779,3.051,3470.02518892,3160.66863324
2019-07-17,9842.52,17422800,1426.51,15.97,,,63.67,,,6.8997203,616.31308704,,,154.58646144,,,,2.779,3.051,3541.74883051,3225.99803343
2019-07-18,10593,17424600,1446.08,16.35,,,60.7,,,7.32532087,647.88990826,,,174.51400329,,,,2.779,3.051,3811.80280677,3471.97640118
2019-07-19,10406,17426400,1425.7,16.2,,,61.04,,,7.29887073,642.34567901,,,170.47837484,,,,2.779,3.051,3744.51241454,3410.6850213
2019-07-20,10359.666667,17428200,1425.43,16.253333,,,61.346667,,,7.26774845,637.38721572,,,168.87089672,,,,2.779,3.051,3727.83975063,3395.49874369
2019-07-21,10313.333333,17430000,1425.16,16.306667,,,61.653333,,,7.23661437,632.46114813,,,167.27941266,,,,2.779,3.051,3711.16708636,3380.31246575
2019-07-22,10267,17431800,1424.89,16.36,,,61.96,,,7.20546849,627.56723716,,,165.70367979,,,,2.75,3.044,3733.45454545,3372.86465177
2019-07-23,10121,17433600,1417.86,16.41,,,62.28,,,7.13822239,616.75807434,,,162.50802826,,,,2.75,3.044,3680.36363636,3324.90144547
2019-07-24,9784.74,17435400,1425.85,16.6,,,63.83,,,6.86239085,589.44216867,,,153.29374902,,,,2.75,3.044,3558.08727273,3214.43495401
2019-07-25,9891.2,17437200,1414.6,16.41,,,63.47,,,6.99222395,602.75441804,,,155.84055459,,,,2.75,3.044,3596.8,3249.4086728
2019-07-26,9861.93,17439000,1416.66,16.35,,,62.46,,,6.96139511,603.17614679,,,157.89193084,,,,2.75,3.044,3586.15636364,3239.79303548
2019-07-27,9743.186667,17440800,1420.053333,16.386667,,,62.403333,,,6.86114137,594.58013439,,,156.1324724,,,,2.75,3.044,3542.97696982,3200.78405618
2019-07-28,9624.443333,17442600,1423.446667,16.423333,,,62.346667,,,6.7613656,586.0225408,,,154.36981311,,,,2.75,3.044,3499.79757564,3161.77507654
2019-07-29,9505.7,17444400,1426.84,16.46,,,62.29,,,6.66206442,577.50303767,,,152.60394927,,,,2.715,3.034,3501.1786372,3133.05866842
2019-07-30,9578.54,17446200,1430.84,16.57,,,62.55,,,6.69434738,578.06517803,,,153.13413269,,,,2.715,3.034,3528.00736648,3157.06657877
2019-07-31,10050,17448000,1413.73,16.27,,,64.07,,,7.10885388,617.70129072,,,156.85968472,,,,2.715,3.034,3701.65745856,3312.45880026
2019-08-01,10417,17449800,1445.09,16.3255,,,62.9,,,7.20854756,638.0815289,,,165.61208267,,,,2.715,3.034,3836.83241252,3433.4212261
2019-08-02,10471,17451600,1440.97,16.22,,,61.12,,,7.26663289,645.56103576,,,171.31871728,,,,2.715,3.034,3856.72191529,3451.2195122
2019-08-03,10893,17453400,1448.646667,16.2785,,,60.52,,,7.51943193,669.16484934,,,179.99008592,,,,2.715,3.034,4012.15469613,3590.30982202
2019-08-04,11315,17455200,1456.323333,16.337,,,59.92,,,7.76956583,692.59962049,,,188.83511348,,,,2.715,3.034,4167.58747698,3729.40013184
2019-08-05,11737,17457000,1464,16.3955,,,59.32,,,8.0170765,715.86715867,,,197.85906945,,,,2.688,3.032,4366.44345238,3871.04221636
2019-08-06,11377,17458800,1474.35,16.45,,,58.63,,,7.71662088,691.61094225,,,194.047416,,,,2.688,3.032,4232.51488095,3752.30870712
2019-08-07,11947,17460600,1501.13,17.11,,,55.03,,,7.95867113,698.24663939,,,217.09976377,,,,2.688,3.032,4444.56845238,3940.30343008
2019-08-08,11723,17462400,1500.86,16.93,,,56.29,,,7.81085511,692.43945659,,,208.26079233,,,,2.688,3.032,4361.23511905,3866.42480211
2019-08-09,11820,17464200,1498.48,16.98,,,57.37,,,7.88799317,696.1130742,,,206.03102667,,,,2.688,3.032,4397.32142857,3898.41688654
2019-08-10,11681,17466000,1502.726667,17.01,,,57.29,,,7.77320338,686.71369782,,,203.89247687,,,,2.688,3.032,4345.61011905,3852.57255937
2019-08-11,11542,17467800,1506.973333,17.04,,,57.21,,,7.65906055,677.34741784,,,201.74794616,,,,2.688,3.032,4293.89880952,3806.72823219
2019-08-12,11403,17469600,1511.22,17.07,,,57.13,,,7.54555922,668.01405975,,,199.59740942,,,,2.624,3.011,4345.6554878,3787.11391564
2019-08-13,10870,17471400,1501.5,16.97,,,59.9,,,7.23942724,640.54213318,,,181.46911519,,,,2.624,3.011,4142.5304878,3610.09631352
2019-08-14,10194,17473200,1516.33,17.22,,,57.86,,,6.722811,591.98606272,,,176.18389215,,,,2.624,3.011,3884.90853659,3385.58618399
2019-08-15,10341,17475000,1523.31,17.27,,,57.37,,,6.78850661,598.78401853,,,180.25100227,,,,2.624,3.011,3940.92987805,3434.4071737
2019-08-16,10471,17476800,1514.49,17.12,,,59,,,6.9138786,611.62383178,,,177.47457627,,,,2.624,3.011,3990.47256098,3477.58219861
2019-08-17,10557.333333,17478600,1508.35,17.04,,,59.263333,,,6.99925968,619.56181532,,,178.14275368,,,,2.624,3.011,4023.37398361,3506.25484324
2019-08-18,10643.666667,17480400,1502.21,16.96,,,59.526667,,,7.08533871,627.57468555,,,178.80501636,,,,2.624,3.011,4056.27540663,3534.92748821
2019-08-19,10730,17482200,1496.07,16.88,,,59.79,,,7.1721243,635.66350711,,,179.4614484,,,,2.598,2.994,4130.10007698,3583.83433534
2019-08-20,10799,17484000,1507.19,17.16,,,59.03,,,7.16498915,629.31235431,,,182.94087752,,,,2.598,2.994,4156.65896844,3606.88042752
2019-08-21,10060,17485800,1502.58,17.12,,,60.6,,,6.69515101,587.61682243,,,166.00660066,,,,2.598,2.994,3872.20939184,3360.05344021
2019-08-22,10142,17487600,1498.12,17.0465,,,59.81,,,6.76981817,594.9608424,,,169.57030597,,,,2.598,2.994,3903.77213241,3387.44154977
2019-08-23,10428,17489400,1528.7,17.47,,,58.64,,,6.82148231,596.90898683,,,177.8308322,,,,2.598,2.994,4013.85681293,3482.96593186
2019-08-24,10377.666667,17491200,1528.266667,17.536667,,,58.64,,,6.79048159,591.76961432,,,176.9724875,,,,2.598,2.994,3994.48293572,3466.1545314
2019-08-25,10327.333333,17493000,1527.833333,17.603333,,,58.64,,,6.75946329,586.66920253,,,176.11414279,,,,2.598,2.994,3975.10905812,3449.34313059
2019-08-26,10277,17494800,1527.4,17.67,,,58.64,,,6.72842739,581.60724392,,,175.25579809,,,,2.574,2.983,3992.61849262,3445.18940664
2019-08-27,10142,17496600,1542.79,18.2,,,58.44,,,6.5738046,557.25274725,,,173.54551677,,,,2.574,2.983,3940.17094017,3399.9329534
2019-08-28,9727.63,17498400,1538.95,18.36,,,60.42,,,6.3209526,529.82734205,,,161.00016551,,,,2.574,2.983,3779.18803419,3261.02246061
2019-08-29,9514.75,17500200,1527.65,18.27,,,60.59,,,6.22835728,520.78544061,,,157.03498927,,,,2.574,2.983,3696.48407148,3189.65806235
2019-08-30,9578.54,17502000,1523.72,18.34,,,61.04,,,6.28628619,522.27589967,,,156.922346,,,,2.574,2.983,3721.26651127,3211.04257459
2019-08-31,9847.026667,17503800,1525.573333,18.382833,,,60.21,,,6.45464001,535.66426171,,,163.54470465,,,,2.574,2.983,3825.5736857,3301.04816192
2019-09-01,10115.513333,17505600,1527.426667,18.425667,,,59.38,,,6.62258526,548.9903477,,,170.3521949,,,,2.574,2.983,3929.88085975,3391.05374891
2019-09-02,10384,17507400,1529.28,18.4685,,,58.55,,,6.79012346,562.25464981,,,177.35269001,,,,2.563,2.976,4051.50214592,3489.24731183
2019-09-03,10695,17509200,1547.13,19.26,,,57.93,,,6.91279983,555.29595016,,,184.6193682,,,,2.563,2.976,4172.84432306,3593.75
2019-09-04,10672,17511000,1552.54,19.6,,,60.68,,,6.87389697,544.48979592,,,175.87343441,,,,2.563,2.976,4163.8704643,3586.02150538
2019-09-05,10560,17512800,1519.06,18.65,,,62.7,,,6.95166748,566.21983914,,,168.42105263,,,,2.563,2.976,4120.17167382,3548.38709677
2019-09-06,10384,17514600,1505.78,18.05,,,61.28,,,6.89609372,575.29085873,,,169.45169713,,,,2.563,2.976,4051.50214592,3489.24731183
2019-09-07,10352,17516400,1503.586667,18.036667,,,62.183333,,,6.88487084,573.94195945,,,166.47547664,,,,2.563,2.976,4039.01677721,3478.49462366
2019-09-08,10320,17518200,1501.393333,18.023333,,,63.086667,,,6.87361518,572.59109622,,,163.58448608,,,,2.563,2.976,4026.53140851,3467.74193548
2019-09-09,10288,17520000,1499.2,18.01,,,63.99,,,6.86232657,571.238201,,,160.77512111,,,,2.55,2.971,4034.50980392,3462.80713564
2019-09-10,10101,17521800,1485.8,18.01,,,64.67,,,6.79835779,560.85508051,,,156.19297974,,,,2.55,2.971,3961.17647059,3399.8653652
2019-09-11,10173,17523600,1497.04,18.12,,,63.02,,,6.79540961,561.42384106,,,161.42494446,,,,2.55,2.971,3989.41176471,3424.09962975
2019-09-12,10417,17525400,1499.27,18.1,,,60.76,,,6.94804805,575.52486188,,,171.44502962,,,,2.55,2.971,4085.09803922,3506.22685964
2019-09-13,10225,17527200,1486.81,17.44,,,61.25,,,6.87713965,586.29587156,,,166.93877551,,,,2.55,2.971,4009.80392157,3441.60215416
2019-09-14,10253,17529000,1490.406667,17.575,,,63.64,,,6.87933047,583.38549075,,,161.10936518,,,,2.55,2.971,4020.78431373,3451.02659037
2019-09-15,10281,17530800,1494.003333,17.71,,,66.03,,,6.88151075,580.51948052,,,155.70195366,,,,2.55,2.971,4031.76470588,3460.45102659
2019-09-16,10309,17532600,1497.6,17.845,,,68.42,,,6.88368056,577.69683385,,,150.67231804,,,,2.552,2.987,4039.57680251,3451.28891865
2019-09-17,10225,17534400,1501.37,18.02,,,65.59,,,6.81044646,567.42508324,,,155.89266657,,,,2.552,2.987,4006.66144201,3423.16705725
2019-09-18,10204,17536200,1493.96,17.76,,,64.29,,,6.83016948,574.54954955,,,158.71830767,,,,2.552,2.987,3998.43260188,3416.1365919
2019-09-19,10277,17538000,1499.03,17.79,,,64.25,,,6.85576673,577.68409219,,,159.95330739,,,,2.552,2.987,4027.03761755,3440.57582859
2019-09-20,10163,17539800,1516.36,17.95,,,65.23,,,6.7022343,566.18384401,,,155.80254484,,,,2.552,2.987,3982.36677116,3402.41044526
2019-09-21,10024.196667,17541600,1518.34,18.18,,,65.04,,,6.60207639,551.38595528,,,154.12356499,,,,2.552,2.987,3927.97675039,3355.94130131
2019-09-22,9885.393333,17543400,1520.32,18.41,,,64.85,,,6.50217937,536.95781276,,,152.43474685,,,,2.552,2.987,3873.58672923,3309.47215701
2019-09-23,9746.59,17545200,1522.3,18.64,,,64.66,,,6.40254221,522.88572961,,,150.73600371,,,,2.654,3.081,3672.41522231,3163.45017851
2019-09-24,8673.03,17547000,1531.77,18.61,,,64.13,,,5.66209679,466.0413756,,,135.24138469,,,,2.654,3.081,3267.90881688,2815.00486855
2019-09-25,8605.85,17548800,1503.95,17.91,,,62.41,,,5.72216497,480.5053043,,,137.89216472,,,,2.654,3.081,3242.59608139,2793.20025966
2019-09-26,8090.61,17550600,1504.83,17.82,,,62.08,,,5.3764279,454.01851852,,,130.32554768,,,,2.654,3.081,3048.45892992,2625.96884129
2019-09-27,8012.82,17552400,1496.62,17.49,,,62.48,,,5.35394422,458.13722127,,,128.24615877,,,,2.654,3.081,3019.14845516,2600.72054528
2019-09-28,8098.98,17554200,1488.653333,17.323333,,,61.983333,,,5.44047417,467.5185774,,,130.66383507,,,,2.654,3.081,3051.61266014,2628.68549172
2019-09-29,8185.14,17556000,1480.686667,17.156667,,,61.486667,,,5.52793524,477.08217453,,,133.12056742,,,,2.654,3.081,3084.07686511,2656.65043817
2019-09-30,8271.3,17557800,1472.72,16.99,,,60.99,,,5.61634255,486.83343143,,,135.61731431,,,,2.642,3.066,3130.69644209,2697.74951076
2019-10-01,8326.39,17559600,1479.13,17.24,,,60.06,,,5.62924827,482.96925754,,,138.63453213,,,,2.642,3.066,3151.54806964,2715.71754729
2019-10-02,8278.15,17561400,1499.43,17.56,,,57.92,,,5.5208646,471.42084282,,,142.9238605,,,,2.642,3.066,3133.28917487,2699.98369211
2019-10-03,8196.72,17563200,1505.19,17.5575,,,58.01,,,5.44563809,466.85006408,,,141.29839683,,,,2.642,3.066,3102.4678274,2673.42465753
2019-10-04,8210.18,17565000,1505.16,17.55,,,59.13,,,5.4546892,467.81652422,,,138.84965331,,,,2.642,3.066,3107.56245269,2677.81474234
2019-10-05,8212.43,17566800,1501.253333,17.511333,,,59.24,,,5.47038253,468.97800413,,,138.62981094,,,,2.642,3.066,3108.41408024,2678.54859752
2019-10-06,8214.68,17568600,1497.346667,17.472667,,,59.35,,,5.48615774,470.14459785,,,138.41078349,,,,2.642,3.066,3109.2657078,2679.28245271
2019-10-07,8216.93,17570400,1493.44,17.434,,,59.46,,,5.50201548,471.31639325,,,138.19256643,,,,2.645,3.047,3106.58979206,2696.72792911
2019-10-08,8169.93,17572200,1505.54,17.73,,,58.14,,,5.42657784,460.79695431,,,140.52167183,,,,2.645,3.047,3088.82041588,2681.30292091
2019-10-09,8568.98,17574000,1505.57,17.73,,,59.7,,,5.69151883,483.30400451,,,143.53400335,,,,2.645,3.047,3239.6899811,2812.2678044
2019-10-10,8568.98,17575800,1494.14,17.52,,,59.08,,,5.73505829,489.09703196,,,145.04028436,,,,2.645,3.047,3239.6899811,2812.2678044
2019-10-11,8354.22,17577600,1485.84,17.53,,,60.59,,,5.62255694,476.56702795,,,137.88116851,,,,2.645,3.047,3158.4952741,2741.78536265
2019-10-12,8344.943333,17579400,1488.31,17.573333,,,59.996667,,,5.60699272,474.86400747,,,139.09011534,,,,2.645,3.047,3154.9880276,2738.74083787
2019-10-13,8335.666667,17581200,1490.78,17.616667,,,59.403333,,,5.59148008,473.16933827,,,140.32321498,,,,2.645,3.047,3151.48078147,2735.69631342
2019-10-14,8326.39,17583000,1493.25,17.66,,,58.81,,,5.57601875,471.48301246,,,141.58119367,,,,2.629,3.051,3167.13198935,2729.06915765
2019-10-15,8163.27,17584800,1481.08,17.41,,,59.19,,,5.51170092,468.88397473,,,137.91637101,,,,2.629,3.051,3105.08558387,2675.60471976
2019-10-16,7987.22,17586600,1490.08,17.4,,,59.3,,,5.36026254,459.03563218,,,134.69173693,,,,2.629,3.051,3038.12095854,2617.90232711
2019-10-17,8071.03,17588400,1491.9,17.5485,,,59.35,,,5.40990013,459.92705929,,,135.99039596,,,,2.629,3.051,3070,2645.37200918
2019-10-18,7968.13,17590200,1490.63,17.5585,,,59.96,,,5.34547809,453.80470997,,,132.89076051,,,,2.629,3.051,3030.85964245,2611.64536218
2019-10-19,8055.57,17592000,1488.586667,17.559,,,59.623333,,,5.41155593,458.77157013,,,135.10767672,,,,2.629,3.051,3064.11943705,2640.30481809
2019-10-20,8143.01,17593800,1486.543333,17.5595,,,59.286667,,,5.47781543,463.73814744,,,137.34976871,,,,2.629,3.051,3097.37923165,2668.96427401
2019-10-21,8230.45,17595600,1484.5,17.56,,,58.95,,,5.54425733,468.70444191,,,139.61747243,,,,2.638,3.05,3119.95830174,2698.50819672
2019-10-22,8110.3,17597400,1487.64,17.52,,,60.5,,,5.45178941,462.91666667,,,134.05454545,,,,2.638,3.05,3074.41243366,2659.1147541
2019-10-23,7446.02,17599200,1492.13,17.5505,,,60.52,,,4.99019522,424.26255662,,,123.03403833,,,,2.638,3.05,2822.60045489,2441.31803279
2019-10-24,7457.12,17601000,1503.95,17.802,,,61.71,,,4.95835633,418.8922593,,,120.84135472,,,,2.638,3.05,2826.80818802,2444.95737705
2019-10-25,8650.52,17602800,1505.77,18.07,,,62.06,,,5.74491456,478.72274488,,,139.38962295,,,,2.638,3.05,3279.19636088,2836.23606557
2019-10-26,8920.593333,17604600,1501.376667,17.996833,,,61.503333,,,5.94160914,495.67572989,,,145.0424375,,,,2.638,3.05,3381.57442494,2924.78469934
2019-10-27,9190.666667,17606400,1496.983333,17.923667,,,60.946667,,,6.13945825,512.76709543,,,150.79851154,,,,2.638,3.05,3483.95248939,3013.33333344
2019-10-28,9460.74,17610000,1492.59,17.8505,,,60.39,,,6.33847205,529.99859948,,,156.66070541,,,,2.596,3.064,3644.35285054,3087.70887728
2019-10-29,9469.7,17611800,1488.35,17.83,,,61.05,,,6.36254913,531.11048794,,,155.11384111,,,,2.596,3.064,3647.80431433,3090.63315927
2019-10-30,9225.09,17613600,1496.54,17.88,,,60.22,,,6.16427894,515.94463087,,,153.18980405,,,,2.596,3.064,3553.57858243,3010.79960836
2019-10-31,9132.42,17615400,1513.17,18.12,,,59.3,,,6.03529015,503.99668874,,,154.00370995,,,,2.596,3.064,3517.88135593,2980.55483029
2019-11-01,9225.09,17617200,1514.34,18.117,,,60.17,,,6.09182218,509.195231,,,153.31710155,,,,2.596,3.064,3553.57858243,3010.79960836
2019-11-02,9282.893333,17619000,1512.836667,18.098,,,60.953333,,,6.13608431,512.92371163,,,152.29508997,,,,2.596,3.064,3575.84488945,3029.66492591
2019-11-03,9340.696667,17620800,1511.333333,18.079,,,61.736667,,,6.1804345,516.66002915,,,151.29901112,,,,2.596,3.064,3598.11119684,3048.5302438
2019-11-04,9398.5,17622600,1509.83,18.06,,,62.52,,,6.224873,520.40420819,,,150.32789507,,,,2.605,3.062,3607.86948177,3069.39908556
2019-11-05,9328.36,17624400,1483.61,17.58,,,62.72,,,6.28760928,530.62343572,,,148.73022959,,,,2.605,3.062,3580.94433781,3046.49248857
2019-11-06,9345.79,17626200,1490.58,17.64,,,62.11,,,6.26990165,529.80668934,,,150.47158268,,,,2.605,3.062,3587.6353167,3052.18484651
2019-11-07,9233.61,17628000,1468.51,17.11,,,62.6,,,6.28774064,539.6616014,,,147.50175719,,,,2.605,3.062,3544.57197697,3015.54866101
2019-11-08,8802.82,17629800,1458.8,16.81,,,62,,,6.03428846,523.66567519,,,141.98096774,,,,2.605,3.062,3379.20153551,2874.85956891
2019-11-09,8774.68,17631600,1457.806667,16.826667,,,62.193333,,,6.01909718,521.47463309,,,141.08714836,,,,2.605,3.062,3368.39923225,2865.66949706
2019-11-10,8746.54,17633400,1456.813333,16.843333,,,62.386667,,,6.00388519,519.28795803,,,140.19886653,,,,2.605,3.062,3357.59692898,2856.47942521
2019-11-11,8718.4,17635200,1455.82,16.86,,,62.58,,,5.98865244,517.10557533,,,139.31607542,,,,2.615,3.073,3333.99617591,2837.09729906
2019-11-12,8771.93,17637000,1456.3,16.7675,,,62.19,,,6.02343611,523.15073803,,,141.05049043,,,,2.615,3.073,3354.4665392,2854.51675887
2019-11-13,8756.57,17638800,1463.55,16.97,,,62.27,,,5.98310273,516.00294638,,,140.62261121,,,,2.615,3.073,3348.59273423,2849.51838594
2019-11-14,8658.01,17640600,1471.36,17.03,,,62.46,,,5.88435869,508.39753376,,,138.6168748,,,,2.615,3.073,3310.90248566,2817.445493
2019-11-15,8474.58,17642400,1466.91,16.96,,,63.32,,,5.77716424,499.68042453,,,133.83733418,,,,2.615,3.073,3240.75717017,2757.75463716
2019-11-16,8388.696667,17644200,1468.406667,16.985833,,,63.153333,,,5.71278846,493.86430839,,,132.83062458,,,,2.615,3.073,3207.91459541,2729.8069206
2019-11-17,8302.813333,17646000,1469.903333,17.011667,,,62.986667,,,5.64854378,488.06582759,,,131.81858524,,,,2.615,3.073,3175.07202027,2701.85920371
2019-11-18,8216.93,17647800,1471.4,17.0375,,,62.82,,,5.58442979,482.28495965,,,130.80117797,,,,2.592,3.074,3170.11188272,2673.04163956
2019-11-19,8143.32,17649600,1472.46,17.15,,,62.37,,,5.53041848,474.82915452,,,130.56469456,,,,2.592,3.074,3141.71296296,2649.09564086
2019-11-20,8090.61,17651400,1471.6,17.1485,,,63.8,,,5.49783229,471.79695017,,,126.81206897,,,,2.592,3.074,3121.37731481,2631.94860117
2019-11-21,7639.42,17653200,1464.46,17.1,,,64.99,,,5.21654398,446.7497076,,,117.54762271,,,,2.592,3.074,2947.30709877,2485.17241379
2019-11-22,7342.14,17655000,1462.16,17,,,64.83,,,5.02143404,431.89058824,,,113.25219806,,,,2.592,3.074,2832.61574074,2388.46454131
2019-11-23,7304.98,17656800,1459.866667,16.963333,,,64.776667,,,5.00386793,430.63353175,,,112.77177938,,,,2.592,3.074,2818.27932099,2376.37605725
2019-11-24,7267.82,17658600,1457.573333,16.926667,,,64.723333,,,4.98624655,429.37100375,,,112.2905707,,,,2.592,3.074,2803.94290123,2364.28757319
2019-11-25,7230.66,17660400,1455.28,16.89,,,64.67,,,4.96856962,428.10301954,,,111.80856657,,,,2.579,3.066,2803.66808841,2358.33659491
2019-11-26,7163.32,17662200,1461.36,17.08,,,64.82,,,4.90181749,419.39812646,,,110.51095341,,,,2.579,3.066,2777.55719271,2336.37312459
2019-11-27,7547.17,17664000,1454.44,16.96,,,65.03,,,5.18905558,444.99823113,,,116.05674304,,,,2.579,3.066,2926.39395114,2461.56881931
2019-11-28,7396.45,17665800,1455.86,16.9495,,,64.68,,,5.0804679,436.38160418,,,114.35451453,,,,2.579,3.066,2867.95269484,2412.41030659
2019-11-29,7757.95,17667600,1464.02,17.019,,,64.5,,,5.29907378,455.84053117,,,120.27829457,,,,2.579,3.066,3008.12330361,2530.31637312
2019-11-30,7622.946667,17669400,1463.476667,16.982667,,,64.066667,,,5.20879276,448.86628626,,,118.98459876,,,,2.579,3.066,2955.77614075,2486.28397489
2019-12-01,7487.943333,17671200,1462.933333,16.946333,,,63.633333,,,5.11844468,441.86216174,,,117.67328505,,,,2.579,3.066,2903.42897751,2442.25157632
2019-12-02,7352.94,17673000,1462.39,16.91,,,63.2,,,5.02802946,434.82791248,,,116.34398734,,,,2.575,3.07,2855.51067961,2395.09446254
2019-12-03,7331.38,17674800,1477.49,17.17,,,62.95,,,4.9620505,426.98776937,,,116.46354249,,,,2.575,3.07,2847.13786408,2388.07166124
2019-12-04,7225.43,17676600,1474.62,16.86,,,65.25,,,4.89985895,428.55456702,,,110.73455939,,,,2.575,3.07,2805.99223301,2353.56026059
2019-12-05,7423.9,17678400,1476.07,16.96,,,65.67,,,5.02950402,437.72995283,,,113.04857621,,,,2.575,3.07,2883.06796117,2418.20846906
2019-12-06,7457.12,17680200,1460.61,16.57,,,66.5,,,5.10548333,450.03741702,,,112.13714286,,,,2.575,3.07,2895.96893204,2429.02931596
2019-12-07,7420.593333,17682000,1460.946667,16.583333,,,66.48,,,5.07930474,447.4729738,,,111.62144003,,,,2.575,3.07,2881.78381864,2417.13137883
2019-12-08,7384.066667,17683800,1461.283333,16.596667,,,66.46,,,5.05313822,444.91262414,,,111.10542683,,,,2.575,3.07,2867.59870563,2405.23344202
2019-12-09,7347.54,17685600,1461.62,16.61,,,66.44,,,5.02698376,442.3564118,,,110.58910295,,,,2.561,3.049,2869.01210465,2409.81961299
2019-12-10,7251.63,17687400,1464.35,16.67,,,66.57,,,4.95211527,435.01079784,,,108.93240198,,,,2.561,3.049,2831.56188989,2378.36339784
2019-12-11,7204.61,17689200,1474.72,16.86,,,65.37,,,4.88540876,427.31969158,,,110.21278874,,,,2.561,3.049,2813.20187427,2362.94194818
2019-12-12,7199.42,17691000,1469.84,16.93,,,66.67,,,4.89809775,425.24630833,,,107.9859007,,,,2.561,3.049,2811.17532214,2361.23975074
2019-12-13,7267.44,17692800,1476.61,16.9475,,,67.44,,,4.9217058,428.82077003,,,107.76156584,,,,2.561,3.049,2837.73525966,2383.54870449
2019-12-14,7145.396667,17694600,1476.47,16.978333,,,67.64,,,4.83951361,420.8538416,,,105.63862606,,,,2.561,3.049,2790.08069777,2343.52137324
2019-12-15,7023.353333,17696400,1476.33,17.009167,,,67.84,,,4.75730584,412.91577259,,,103.52820361,,,,2.561,3.049,2742.42613549,2303.49404165
2019-12-16,6901.31,17698200,1476.19,17.04,,,68.04,,,4.67508248,405.0064554,,,101.43018812,,,,2.536,3.046,2721.33675079,2265.69599475
2019-12-17,6600.66,17700000,1476.16,17.014,,,68.99,,,4.47150715,387.9546256,,,95.67560516,,,,2.536,3.046,2602.78391167,2166.99277741
2019-12-18,7363.77,17701800,1475.48,17.015,,,69.12,,,4.99076233,432.78107552,,,106.53602431,,,,2.536,3.046,2903.69479495,2417.52133946
2019-12-19,7168.46,17703600,1478.75,17.06,,,69.7,,,4.84764835,420.19109027,,,102.84734577,,,,2.536,3.046,2826.67981073,2353.40118188
2019-12-20,7220.22,17705400,1477.58,17.18,,,68.66,,,4.88651714,420.26891735,,,105.15904457,,,,2.536,3.046,2847.08990536,2370.39395929
2019-12-21,7246.57,17707200,1480.31,17.27,,,68.27,,,4.89530571,419.6045165,,,106.14574484,,,,2.536,3.046,2857.48028391,2379.04464872
2019-12-22,7272.92,17709000,1483.04,17.36,,,67.88,,,4.90406193,418.94700461,,,107.14378315,,,,2.536,3.046,2867.87066246,2387.69533815
2019-12-23,7299.27,17710800,1485.77,17.45,,,67.49,,,4.91278596,418.29627507,,,108.15335605,,,,2.532,3.041,2882.80805687,2400.2860901
2019-12-24,7189.07,17712600,1499.56,17.7825,,,69.26,,,4.79411961,404.27780121,,,103.79829627,,,,2.532,3.041,2839.28515008,2364.04801052
2019-12-25,7199.44,17714400,1505.425,17.84125,,,69.26,,,4.78233057,403.52777972,,,103.94802195,,,,2.532,3.041,2843.3807267,2367.458073
2019-12-26,7209.81,17716200,1511.29,17.9,,,69.26,,,4.77063304,402.78268156,,,104.09774762,,,,2.532,3.041,2847.47630332,2370.86813548
2019-12-27,7230.66,17718000,1510.86,17.75,,,68.91,,,4.78579087,407.36112676,,,104.92903788,,,,2.532,3.041,2855.71090047,2377.72443275
2019-12-28,7242.92,17719800,1512.28,17.81,,,68.706667,,,4.78940408,406.67714767,,,105.41800842,,,,2.532,3.041,2860.55292259,2381.75600132
2019-12-29,7255.18,17721600,1513.7,17.87,,,68.503333,,,4.7930105,405.99776161,,,105.90988325,,,,2.532,3.041,2865.39494471,2385.78756988
2019-12-30,7267.44,17723400,1515.12,17.93,,,68.3,,,4.79661017,405.32292248,,,106.40468521,,,,2.571,3.069,2826.69778296,2368.01564027
2019-12-31,7194.24,17725200,1517.305,17.853,,,67.77,,,4.74145936,402.97092926,,,106.15670651,,,,2.571,3.069,2798.22637106,2344.16422287
2020-01-01,7081.44,17727000,1523.2225,17.9365,,,67.41,,,4.64898595,394.8061216,,,105.05028927,,,,2.571,3.069,2754.35239207,2307.40957967
2020-01-02,6968.64,17728800,1529.14,18.02,,,67.05,,,4.55722825,386.71698113,,,103.93199105,,,,2.571,3.069,2710.47841307,2270.65493646
2020-01-03,7326.01,17730600,1549.02,18.02,,,69.08,,,4.7294483,406.54883463,,,106.05110017,,,,2.571,3.069,2849.47880202,2387.10003258
2020-01-04,7458.01,17732400,1554.593333,18.063333,,,69.47,,,4.79740254,412.8811665,,,107.35583705,,,,2.571,3.069,2900.82069234,2430.11078527
2020-01-05,7590.01,17734200,1560.166667,18.106667,,,69.86,,,4.86487127,419.18316607,,,108.6460063,,,,2.571,3.069,2952.16258265,2473.12153796
2020-01-06,7722.01,17736000,1565.74,18.15,,,70.25,,,4.9318597,425.45509642,,,109.92185053,,,,2.578,3.079,2995.34910784,2507.96037675
2020-01-07,8032.13,17737800,1574.26,18.4055,,,68.74,,,5.10216229,436.39835919,,,116.84797789,,,,2.578,3.079,3115.64391001,2608.68139006
2020-01-08,8071.03,17739600,1556.42,18.1,,,67.31,,,5.18563755,445.91325967,,,119.90833457,,,,2.578,3.079,3130.73312645,2621.31536213
2020-01-09,7806.4,17741400,1552.39,17.9,,,66.58,,,5.02863327,436.11173184,,,117.24842295,,,,2.578,3.079,3028.08378588,2535.36862618
2020-01-10,8071.03,17743200,1560.3,18.0795,,,66.77,,,5.17274242,446.4188722,,,120.87808896,,,,2.578,3.079,3130.73312645,2621.31536213
2020-01-11,8086.313333,17745000,1556.163333,18.039667,,,65.893333,,,5.19631401,448.25180714,,,122.7182321,,,,2.578,3.079,3136.66149457,2626.27909484
2020-01-12,8101.596667,17746800,1552.026667,17.999833,,,65.016667,,,5.22001125,450.09287958,,,124.60799732,,,,2.578,3.079,3142.58986307,2631.24282787
2020-01-13,8116.88,17748600,1547.89,17.96,,,64.14,,,5.24383516,451.94209354,,,126.54942314,,,,2.57,3.064,3158.31906615,2649.11227154
2020-01-14,8748.91,17750400,1546.44,17.8,,,64.45,,,5.65745195,491.51179775,,,135.74724593,,,,2.57,3.064,3404.24513619,2855.3883812
2020-01-15,8849.56,17752200,1556.29,18.0055,,,63.29,,,5.6863181,491.4920441,,,139.82556486,,,,2.57,3.064,3443.40856031,2888.23759791
2020-01-16,8718.4,17754000,1552.48,17.94,,,64.63,,,5.61578893,485.9754738,,,134.89710661,,,,2.57,3.064,3392.37354086,2845.4308094
2020-01-17,8865.25,17755800,1557.07,18.02,,,64.05,,,5.69354621,491.9672586,,,138.41139735,,,,2.57,3.064,3449.51361868,2893.35835509
2020-01-18,8798.67,17757600,1558.253333,18.0355,,,64.243333,,,5.64649522,487.85284578,,,136.95849186,,,,2.57,3.064,3423.60700389,2871.62859008
2020-01-19,8732.09,17759400,1559.436667,18.051,,,64.436667,,,5.59951564,483.74549886,,,135.51430275,,,,2.57,3.064,3397.70038911,2849.89882507
2020-01-20,8665.51,17761200,1560.62,18.0665,,,64.63,,,5.5526073,479.64519968,,,134.078756,,,,2.537,3.037,3415.65234529,2853.31247942
2020-01-21,8710.8,17763000,1558.21,17.79,,,63.66,,,5.59026062,489.64586847,,,136.83317625,,,,2.537,3.037,3433.50413875,2868.22522226
2020-01-22,8643.04,17764800,1558.9,17.8375,,,62.11,,,5.54431971,484.54323756,,,139.15697955,,,,2.537,3.037,3406.79542767,2845.91373066
2020-01-23,8396.31,17766600,1562.91,17.8,,,61.26,,,5.37222873,471.70280899,,,137.06023506,,,,2.537,3.037,3309.54276705,2764.67237405
2020-01-24,8481.76,17768400,1571.66,18.12,,,59.34,,,5.39668885,468.08830022,,,142.93495113,,,,2.537,3.037,3343.22428065,2792.80869279
2020-01-25,8622.746667,17770200,1575.12,18.113333,,,59.073333,,,5.4743427,476.04417514,,,145.96682173,,,,2.537,3.037,3398.79647891,2839.23169806
2020-01-26,8763.733333,17772000,1578.58,18.106667,,,58.806667,,,5.55165613,484.00588209,,,149.02618666,,,,2.537,3.037,3454.36867678,2885.654703
2020-01-27,8904.72,17773800,1582.04,18.1,,,58.54,,,5.62863139,491.97348066,,,152.11342672,,,,2.506,3.01,3553.35993615,2958.37873754
2020-01-28,9149.13,17775600,1567.29,17.47,,,59.37,,,5.83754761,523.70520893,,,154.10358767,,,,2.506,3.01,3650.88986433,3039.57807309
2020-01-29,9337.07,17777400,1576.82,17.56,,,59.46,,,5.92145584,531.7238041,,,157.03111335,,,,2.506,3.01,3725.8858739,3102.0166113
2020-01-30,9560.23,17779200,1574.47,17.837,,,57.72,,,6.07203059,535.97746258,,,165.63115038,,,,2.506,3.01,3814.93615323,3176.15614618
2020-01-31,9310.99,17781000,1586.88,18.0315,,,57.77,,,5.8674821,516.37356848,,,161.17344643,,,,2.506,3.01,3715.47885076,3093.35215947
2020-02-01,9299.473333,17782800,1583.5,17.914333,,,56.513333,,,5.8727334,519.10798649,,,164.55361663,,,,2.506,3.01,3710.88321349,3089.52602425
2020-02-02,9287.956667,17784600,1580.12,17.797167,,,55.256667,,,5.87800716,521.87837913,,,168.08752991,,,,2.506,3.01,3706.28757662,3085.69988937
2020-02-03,9276.44,17786400,1576.74,17.68,,,54,,,5.88330352,524.68552036,,,171.78592593,,,,2.455,2.956,3778.59063136,3138.17320704
2020-02-04,9182.74,17788200,1552.91,17.59,,,53.9,,,5.91324674,522.04320637,,,170.36623377,,,,2.455,2.956,3740.42362525,3106.47496617
2020-02-05,9624.64,17790000,1555.99,17.61,,,55.36,,,6.18554104,546.54400909,,,173.85549133,,,,2.455,2.956,3920.42362525,3255.96752368
2020-02-06,9671.18,17791800,1566.73,17.82,,,55.18,,,6.17284408,542.71492705,,,175.26603842,,,,2.455,2.956,3939.3808554,3271.71177267
2020-02-07,9727.63,17793600,1570.19,17.71,,,54.53,,,6.19519294,549.27329193,,,178.39042729,,,,2.455,2.956,3962.37474542,3290.80852503
2020-02-08,9765.926667,17795400,1570.843333,17.73,,,54.15,,,6.21699597,550.8136868,,,180.34952294,,,,2.455,2.956,3977.97420244,3303.76409574
2020-02-09,9804.223333,17797200,1571.496667,17.75,,,53.77,,,6.23878086,552.35061031,,,182.33630896,,,,2.455,2.956,3993.57365906,3316.7196661
2020-02-10,9842.52,17799000,1572.15,17.77,,,53.39,,,6.26054766,553.88407428,,,184.35137666,,,,2.419,2.91,4068.83836296,3382.30927835
2020-02-11,10225,17800800,1567.93,17.65,,,54,,,6.52133705,579.32011331,,,189.35185185,,,,2.419,2.91,4226.95328648,3513.74570447
2020-02-12,10352,17802600,1566.09,17.49,,,55.54,,,6.61009265,591.8810749,,,186.38818869,,,,2.419,2.91,4279.45431997,3557.38831615
2020-02-13,10215,17804400,1576.01,17.65,,,56.34,,,6.48155786,578.75354108,,,181.30990415,,,,2.419,2.91,4222.81934684,3510.30927835
2020-02-14,10363,17806200,1582.65,17.7295,,,57.37,,,6.54787856,584.50604924,,,180.63447795,,,,2.419,2.91,4284.00165358,3561.16838488
2020-02-15,10119.97,17808000,1582.2,17.748167,,,57.523333,,,6.39613829,570.19803792,,,175.92808817,,,,2.419,2.91,4183.5345184,3477.65292096
2020-02-16,9876.94,17809800,1581.75,17.766833,,,57.676667,,,6.24431168,555.92012375,,,171.24671923,,,,2.419,2.91,4083.06738322,3394.13745704
2020-02-17,9633.91,17811600,1581.3,17.7855,,,57.83,,,6.09239866,541.67214866,,,166.59017811,,,,2.428,2.89,3967.83772652,3333.53287197
2020-02-18,10183,17813400,1601.62,18.17,,,57.35,,,6.35793759,560.42927903,,,177.55884917,,,,2.428,2.89,4193.98682043,3523.52941176
2020-02-19,9680.54,17815200,1611.76,18.435,,,59.72,,,6.00619199,525.11743965,,,162.09879437,,,,2.428,2.89,3987.04283361,3349.66782007
2020-02-20,9624.64,17817000,1619.63,18.367,,,59.57,,,5.94249304,524.0180759,,,161.56857479,,,,2.428,2.89,3964.01976936,3330.32525952
2020-02-21,9718.17,17818800,1643.37,18.5,,,58.6,,,5.91356177,525.30648649,,,165.8390785,,,,2.428,2.89,4002.54118616,3362.68858131
2020-02-22,9693.18,17820600,1648.716667,18.546667,,,57.97,,,5.87922728,522.63730189,,,167.21028118,,,,2.428,2.89,3992.24876442,3354.04152249
2020-02-23,9668.19,17822400,1654.063333,18.593333,,,57.34,,,5.84511476,519.98154392,,,168.61161493,,,,2.428,2.89,3981.95634267,3345.39446367
2020-02-24,9643.2,17824200,1659.41,18.64,,,56.71,,,5.81122206,517.33905579,,,170.04408394,,,,2.466,2.882,3910.4622871,3346.00971548
2020-02-25,9389.67,17826000,1635.21,18,,,55.29,,,5.7421799,521.64833333,,,169.82582746,,,,2.466,2.882,3807.65206813,3258.03955586
2020-02-26,8795.07,17827800,1640.98,17.92,,,54.96,,,5.35964485,490.79631696,,,160.02674672,,,,2.466,2.882,3566.53284672,3051.72449688
2020-02-27,8795.07,17829600,1645,17.7775,,,52.19,,,5.34654711,494.73041766,,,168.5202146,,,,2.466,2.882,3566.53284672,3051.72449688
2020-02-28,8620.69,17831400,1577.4,16.62,,,51.31,,,5.46512616,518.69374248,,,168.01188852,,,,2.466,2.882,3495.81914031,2991.21790423
2020-02-29,8725.976667,17833200,1581.39,16.656667,,,51.713333,,,5.51791567,523.87291329,,,168.73746403,,,,2.466,2.882,3538.5144635,3027.75040493
2020-03-01,8831.263333,17835000,1585.38,16.693333,,,52.116667,,,5.57043947,529.02936358,,,169.45180575,,,,2.466,2.882,3581.20978629,3064.28290527
2020-03-02,8936.55,17836800,1589.37,16.73,,,52.52,,,5.62269956,534.16317992,,,170.15517898,,,,2.423,2.851,3688.21708626,3134.53174325
2020-03-03,8787.35,17838600,1640.92,17.22,,,52.24,,,5.35513614,510.29907085,,,168.21114089,,,,2.423,2.851,3626.64052827,3082.19922834
2020-03-04,8756.57,17840400,1636.97,17.22,,,51.86,,,5.34925503,508.5116144,,,168.85017354,,,,2.423,2.851,3613.93726785,3071.40301649
2020-03-05,9082.65,17842200,1672.21,17.44,,,51.29,,,5.43152475,520.79415138,,,177.08422694,,,,2.423,2.851,3748.51423855,3185.77692038
2020-03-06,9132.42,17844000,1673.21,17.33,,,45.6,,,5.4580238,526.97172533,,,200.27236842,,,,2.423,2.851,3769.05489063,3203.233953
2020-03-07,8717.093333,17845800,1675.073333,17.228333,,,42.176667,,,5.20400699,505.97427697,,,206.68046939,,,,2.423,2.851,3597.64479282,3057.55641284
2020-03-08,8301.766667,17847600,1676.936667,17.126667,,,38.753333,,,4.95055468,484.72751102,,,214.22071405,,,,2.423,2.851,3426.23469542,2911.87887303
2020-03-09,7886.44,17849400,1678.8,17.025,,,35.33,,,4.697665,463.22701909,,,223.22219077,,,,2.375,2.814,3320.60631579,2802.57285004
2020-03-10,7968.13,17851200,1650.35,16.8925,,,35.57,,,4.82814554,471.69631493,,,224.01265111,,,,2.375,2.814,3355.00210526,2831.60270078
2020-03-11,7993.61,17853000,1637.57,16.7705,,,34.45,,,4.88138522,476.64708864,,,232.03512337,,,,2.375,2.814,3365.73052632,2840.65742715
2020-03-12,5783.69,17854800,1577.89,15.8485,,,31.02,,,3.6654583,364.93611383,,,186.45035461,,,,2.375,2.814,2435.23789474,2055.32693674
2020-03-13,5437.74,17856600,1529.75,14.7,,,32.25,,,3.55465926,369.91428571,,,168.61209302,,,,2.375,2.814,2289.57473684,1932.3880597
2020-03-14,5272.063333,17858400,1520.161667,14.071833,,,30.826667,,,3.46809385,374.65363134,,,171.02281388,,,,2.375,2.814,2219.81614021,1873.51220078
2020-03-15,5106.386667,17860200,1510.573333,13.443667,,,29.403333,,,3.38042951,379.83584888,,,173.66693317,,,,2.375,2.814,2150.057544,1814.63634222
2020-03-16,4940.71,17862000,1500.985,12.8155,,,27.98,,,3.29164515,385.52612071,,,176.58005718,,,,2.248,2.733,2197.8247331,1807.79729235
2020-03-17,5461.5,17863800,1530.37,12.6545,,,27.97,,,3.56874481,431.58560196,,,195.26278155,,,,2.248,2.733,2429.49288256,1998.35345774
2020-03-18,5353.32,17865600,1476.99,11.9545,,,22.79,,,3.62447952,447.80793843,,,234.89776218,,,,2.248,2.733,2381.37010676,1958.77058178
2020-03-19,6297.23,17867400,1471.175,12.1165,,,23.98,,,4.28040852,519.72351752,,,262.60341952,,,,2.248,2.733,2801.2588968,2304.14562752
2020-03-20,5963.03,17869200,1497.36,12.6,,,25.55,,,3.98236229,473.25634921,,,233.38669276,,,,2.248,2.733,2652.59341637,2181.86242225
2020-03-21,6131.456667,17871000,1517.138333,12.8245,,,24.95,,,4.04146183,478.10492939,,,245.74976621,,,,2.248,2.733,2727.51631094,2243.48945005
2020-03-22,6299.883333,17872800,1536.916667,13.049,,,24.35,,,4.09904029,482.78667584,,,258.72210813,,,,2.248,2.733,2802.43920507,2305.1164775
2020-03-23,6468.31,17874600,1556.695,13.2735,,,23.75,,,4.15515563,487.31005387,,,272.34989474,,,,2.12,2.659,3051.08962264,2432.61000376
2020-03-24,6784.26,17876400,1630.05,14.414,,,24.5,,,4.16199503,470.67156931,,,276.90857143,,,,2.12,2.659,3200.12264151,2551.4328695
2020-03-25,6706.91,17878200,1613.095,14.5135,,,25.62,,,4.15778984,462.11527199,,,261.78415301,,,,2.12,2.659,3163.63679245,2522.34298608
2020-03-26,6724.95,17880000,1627.46,14.3965,,,23.55,,,4.13217529,467.12395374,,,285.56050955,,,,2.12,2.659,3172.14622642,2529.12749154
2020-03-27,6693.44,17881800,1620.75,14.5025,,,22.39,,,4.12984112,461.53697638,,,298.94774453,,,,2.12,2.659,3157.28301887,2517.27717187
2020-03-28,6643.793333,17883600,1621.366667,14.351667,,,21.323333,,,4.09765013,462.92833669,,,311.5738676,,,,2.12,2.659,3133.86477972,2498.6059921
2020-03-29,6594.146667,17885400,1621.983333,14.200833,,,20.256667,,,4.06548362,464.3492862,,,325.52969682,,,,2.12,2.659,3110.44654104,2479.93481271
2020-03-30,6544.5,17885400,1622.6,14.05,,,19.19,,,4.03334155,465.80071174,,,341.03699844,,,,2.005,2.586,3264.08977556,2530.7424594
2020-03-31,6459.95,17887200,1575.15,13.978,,,14.85,,,4.10116497,462.15123766,,,435.01346801,,,,2.005,2.586,3221.9201995,2498.04717711
2020-04-01,6377.55,17889000,1591.81,13.96,,,14.97,,,4.0064769,456.84455587,,,426.02204409,,,,2.005,2.586,3180.82294264,2466.18329466
2020-04-02,6844.63,17890800,1613.65,14.49,,,20.24,,,4.24170669,472.36922015,,,338.17341897,,,,2.005,2.586,3413.78054863,2646.80201083
2020-04-03,6788.87,17892600,1622.39,14.4,,,24.33,,,4.18448708,471.44930556,,,279.03288122,,,,2.005,2.586,3385.97007481,2625.23975251
2020-04-04,6959.003333,17894400,1635.626667,14.606667,,,23.746667,,,4.25464042,476.42650668,,,293.05179262,,,,2.005,2.586,3470.82460499,2691.02990449
2020-04-05,7129.136667,17896200,1648.863333,14.813333,,,23.163333,,,4.32366742,481.26486234,,,307.77680686,,,,2.005,2.586,3555.67913566,2756.82005684
2020-04-06,7299.27,17898000,1662.1,15.02,,,22.58,,,4.39159497,485.97003995,,,323.26262179,,,,1.924,2.548,3793.7993763,2864.70565149
2020-04-07,7183.91,17899800,1648.9,15.0175,,,22.1,,,4.35678937,478.36923589,,,325.0638009,,,,1.924,2.548,3733.84095634,2819.43092622
2020-04-08,7336.76,17901600,1646,14.97,,,25.22,,,4.45732685,490.09752839,,,290.91038858,,,,1.924,2.548,3813.28482328,2879.41915228
2020-04-09,7315.29,17903400,1683.25,15.44,,,20.23,,,4.34593198,473.78821244,,,361.60603065,,,,1.924,2.548,3802.12577963,2870.99293564
2020-04-10,7196.455,17905200,1691.205,15.435,,,20.23,,,4.25522335,466.24263039,,,355.73183391,,,,1.924,2.548,3740.36122661,2824.3543956
2020-04-11,7077.62,17907000,1699.16,15.43,,,20.23,,,4.16536406,458.69215813,,,349.85763717,,,,1.924,2.548,3678.5966736,2777.71585557
2020-04-12,6958.785,17908800,1707.115,15.425,,,20.23,,,4.07634225,451.13679092,,,343.98344043,,,,1.924,2.548,3616.83212058,2731.07731554
2020-04-13,6839.95,17910600,1715.07,15.42,,,20.23,,,3.98814626,443.57652399,,,338.1092437,,,,1.853,2.507,3691.28440367,2728.34064619
2020-04-14,6858.71,17912400,1727.15,15.75,,,21.74,,,3.97111426,435.47365079,,,315.48804048,,,,1.853,2.507,3701.40852671,2735.82369366
2020-04-15,6738.54,17914200,1717.13,15.45,,,19.8,,,3.92430393,436.15145631,,,340.33030303,,,,1.853,2.507,3636.5569347,2687.88990826
2020-04-16,7082.15,17916000,1717.7,15.49,,,18.69,,,4.12304244,457.20787605,,,378.92723381,,,,1.853,2.507,3821.99136535,2824.95013961
2020-04-17,7077.14,17917800,1684.1,15.17,,,19.75,,,4.20232765,466.52208306,,,358.33620253,,,,1.853,2.507,3819.28764166,2822.95173514
2020-04-18,7007.47,17919600,1688.083333,15.217333,,,18.953333,,,4.15113985,460.49265006,,,369.72230689,,,,1.853,2.507,3781.68915273,2795.16154767
2020-04-19,6937.8,17921400,1692.066667,15.264667,,,18.156667,,,4.10019306,454.50057967,,,382.10757514,,,,1.853,2.507,3744.09066379,2767.37136019
2020-04-20,6868.13,17923200,1696.05,15.312,,,17.36,,,4.04948557,448.54558516,,,395.62960829,,,,1.812,2.48,3790.35871965,2769.40725806
2020-04-21,6901.31,17925000,1686.1,14.89,,,9.12,,,4.09306091,463.48623237,,,756.72258772,,,,1.812,2.48,3808.66997792,2782.78629032
2020-04-22,7102.27,17926800,1714.12,15.09,,,13.77,,,4.14339136,470.66070245,,,515.77850399,,,,1.812,2.48,3919.57505519,2863.81854839
2020-04-23,7598.78,17928600,1730.33,15.24,,,15.06,,,4.39152069,498.60761155,,,504.56706507,,,,1.812,2.48,4193.58719647,3064.02419355
2020-04-24,7530.12,17930400,1728.03,15.24,,,15.87,,,4.35763268,494.1023622,,,474.48771267,,,,1.812,2.48,4155.69536424,3036.33870968
2020-04-25,7600.06,17932200,1723.398333,15.2315,,,15.636667,,,4.40992651,498.96989791,,,486.04091908,,,,1.812,2.48,4194.29359823,3064.54032258
2020-04-26,7670,17934000,1718.766667,15.223,,,15.403333,,,4.46250218,503.84286934,,,497.9441787,,,,1.812,2.48,4232.89183223,3092.74193548
2020-04-27,7739.94,17935800,1714.135,15.2145,,,15.17,,,4.51536198,508.72128562,,,510.21357943,,,,1.773,2.437,4365.44839255,3176.01148954
2020-04-28,7739.94,17937600,1708.08,15.17,,,15.6,,,4.53136855,510.21357943,,,496.15,,,,1.773,2.437,4365.44839255,3176.01148954
2020-04-29,8865.25,17939400,1713.32,15.29,,,17.86,,,5.1743107,579.80706344,,,496.37458007,,,,1.773,2.437,5000.14100395,3637.77185064
2020-04-30,8764.24,17941200,1686.855,14.961,,,18.11,,,5.19560958,585.80576165,,,483.94478189,,,,1.773,2.437,4943.16976875,3596.32334838
2020-05-01,8733.62,17943000,1699.23,14.95,,,18.49,,,5.13975153,584.18862876,,,472.34288805,,,,1.773,2.437,4925.89960519,3583.75871974
2020-05-02,8806.596667,17944800,1700.066667,14.896667,,,19.126667,,,5.18014784,591.17899776,,,460.4355096,,,,1.773,2.437,4967.05959786,3613.7040078
2020-05-03,8879.573333,17946600,1700.903333,14.843333,,,19.763333,,,5.2205044,598.21964063,,,449.29533561,,,,1.773,2.437,5008.21958996,3643.64929545
2020-05-04,8952.55,17948400,1701.74,14.79,,,20.4,,,5.26082128,605.31102096,,,438.8504902,,,,1.789,2.399,5004.22023477,3731.7840767
2020-05-05,8968.61,17950200,1705.93,14.96,,,25.46,,,5.25731419,599.50601604,,,352.26276512,,,,1.789,2.399,5013.19731694,3738.47853272
2020-05-06,9293.68,17952000,1685.78,14.85,,,24.2,,,5.51298509,625.83703704,,,384.03636364,,,,1.789,2.399,5194.90217999,3873.98082534
2020-05-07,9881.42,17953800,1715.94,15.34,,,24.23,,,5.75860461,644.16036506,,,407.81758151,,,,1.789,2.399,5523.43208496,4118.97457274
2020-05-08,9960.16,17955600,1707.15,15.51,,,24.555,,,5.83437894,642.17666022,,,405.62655264,,,,1.789,2.399,5567.44550028,4151.79658191
2020-05-09,9501.336667,17957400,1704.1,15.503333,,,24.88,,,5.57557459,612.85767822,,,381.88652199,,,,1.789,2.399,5310.97633706,3960.54050313
2020-05-10,9042.513333,17959200,1701.05,15.496667,,,25.205,,,5.31584218,583.51343118,,,358.75871188,,,,1.789,2.399,5054.50717328,3769.28442393
2020-05-11,8583.69,17961000,1698,15.49,,,25.53,,,5.05517668,554.14396385,,,336.21974148,,,,1.851,2.394,4637.32576985,3585.50125313
2020-05-12,8764.24,17962800,1702.82,15.45,,,26.67,,,5.1468975,567.26472492,,,328.61792276,,,,1.851,2.394,4734.86763911,3660.91896408
2020-05-13,9354.54,17964600,1715.08,15.57,,,27.89,,,5.45428785,600.80539499,,,335.4083901,,,,1.851,2.394,5053.77633712,3907.49373434
2020-05-14,9765.63,17966400,1730.22,15.87,,,29.87,,,5.64415508,615.35160681,,,326.93773016,,,,1.851,2.394,5275.86709887,4079.21052632
2020-05-15,9337.07,17968200,1742.98,16.62,,,30.95,,,5.35695762,561.79723225,,,301.68239095,,,,1.851,2.394,5044.33819557,3900.19632414
2020-05-16,9454.686667,17970000,1739.411667,16.739667,,,31.733333,,,5.43556586,564.80733261,,,297.94180986,,,,1.851,2.394,5107.88042518,3949.32609315
2020-05-17,9572.303333,17971800,1735.843333,16.859333,,,32.516667,,,5.51449728,567.77473539,,,294.38144238,,,,1.851,2.394,5171.42265424,3998.45586174
2020-05-18,9689.92,17973600,1732.275,16.979,,,33.3,,,5.59375388,570.70027681,,,290.98858859,,,,1.878,2.386,5159.70181044,4061.15674769
2020-05-19,9680.54,17975400,1745.07,17.347,,,33.06,,,5.54736486,558.05268923,,,292.81730188,,,,1.878,2.386,5154.70713525,4057.22548198
2020-05-20,9551.1,17977200,1748.32,17.55,,,34.76,,,5.46301592,544.22222222,,,274.77272727,,,,1.878,2.386,5085.7827476,4002.97569153
2020-05-21,9099.18,17979000,1727.38,17.11,,,34.78,,,5.26761917,531.80479252,,,261.62104658,,,,1.878,2.386,4845.14376997,3813.57082984
2020-05-22,9174.31,17980800,1735.38,17.18,,,33.8,,,5.28662887,534.01105937,,,271.42928994,,,,1.878,2.386,4885.14909478,3845.05867561
2020-05-23,9084.446667,17982600,1733.813333,17.181667,,,33.8375,,,5.23957596,528.72906145,,,268.47274967,,,,1.878,2.386,4837.29854473,3807.39592079
2020-05-24,8994.583333,17984400,1732.246667,17.183333,,,33.875,,,5.19243795,523.44811877,,,265.52275522,,,,1.878,2.386,4789.44799414,3769.73316555
2020-05-25,8904.72,17986200,1730.68,17.185,,,33.9125,,,5.1452146,518.16816992,,,262.57928492,,,,1.96,2.39,4543.2244898,3725.82426778
2020-05-26,8849.56,17988000,1711.13,17.131,,,33.95,,,5.17176369,516.58163563,,,260.66450663,,,,1.96,2.39,4515.08163265,3702.74476987
2020-05-27,9074.41,17989800,1709.4,17.24,,,32.73,,,5.30853516,526.35788863,,,277.25053468,,,,1.96,2.39,4629.80102041,3796.82426778
2020-05-28,9442.87,17991600,1718.64,17.37,,,33.98,,,5.4943851,543.63097294,,,277.8949382,,,,1.96,2.39,4817.79081633,3950.9916318
2020-05-29,9398.5,17993400,1731.5,17.86,,,34.15,,,5.42795264,526.23180291,,,275.21229868,,,,1.96,2.39,4795.15306122,3932.42677824
2020-05-30,9483.17,17995200,1734.193333,18.01,,,35.013333,,,5.46834648,526.55024986,,,270.84453799,,,,1.96,2.39,4838.35204082,3967.85355649
2020-05-31,9567.84,17997000,1736.886667,18.16,,,35.876667,,,5.50861503,526.86343612,,,266.68698071,,,,1.96,2.39,4881.55102041,4003.28033473
2020-06-01,9652.51,17998800,1739.58,18.31,,,36.74,,,5.5487589,527.17149099,,,262.72482308,,,,1.974,2.386,4889.82269504,4045.47778709
2020-06-02,9523.81,18000600,1727.76,18.07,,,37.72,,,5.51222971,527.05091312,,,252.48700954,,,,1.974,2.386,4824.62512665,3991.53813915
2020-06-03,9587.73,18002400,1699.75,17.65,,,37.98,,,5.64067069,543.21416431,,,252.44154818,,,,1.974,2.386,4857.00607903,4018.32774518
2020-06-04,9775.17,18004200,1714.09,17.71,,,38.41,,,5.70283357,551.95765104,,,254.49544389,,,,1.974,2.386,4951.96048632,4096.88600168
2020-06-05,9727.63,18006000,1681.82,17.4,,,41,,,5.78398996,559.0591954,,,237.25926829,,,,1.974,2.386,4927.87740628,4076.96144174
2020-06-06,9724.476667,18007800,1687.37,17.523333,,,40.553333,,,5.76309681,554.94446559,,,239.79475786,,,,1.974,2.386,4926.27997315,4075.63984367
2020-06-07,9721.323333,18009600,1692.92,17.646667,,,40.106667,,,5.74234065,550.8872204,,,242.38671673,,,,1.974,2.386,4924.68253951,4074.31824518
2020-06-08,9718.17,18011400,1698.47,17.77,,,39.66,,,5.72172014,546.88632527,,,245.03706505,,,,2.036,2.396,4773.16797642,4055.99749583
2020-06-09,9823.18,18013200,1715.28,17.52,,,40.45,,,5.72686675,560.68378995,,,242.84746601,,,,2.036,2.396,4824.74459725,4099.82470785
2020-06-10,9852.22,18015000,1737.76,18.11,,,41.18,,,5.66949406,544.02098288,,,239.24769305,,,,2.036,2.396,4839.00785855,4111.94490818
2020-06-11,9345.79,18016800,1727.12,17.635,,,37.76,,,5.41119899,529.95690388,,,247.50503178,,,,2.036,2.396,4590.27013752,3900.58013356
2020-06-12,9425.07,18018600,1731.37,17.5,,,38.54,,,5.44370643,538.57542857,,,244.55293202,,,,2.036,2.396,4629.20923379,3933.66861436
2020-06-13,9431.003333,18020400,1729.283333,17.46,,,38.84,,,5.45370626,540.14910269,,,242.81676964,,,,2.036,2.396,4632.1234445,3936.14496369
2020-06-14,9436.936667,18022200,1727.196667,17.42,,,39.14,,,5.46373024,541.73000385,,,241.10722195,,,,2.036,2.396,4635.0376557,3938.62131344
2020-06-15,9442.87,18024000,1725.11,17.38,,,39.44,,,5.47377848,543.31818182,,,239.42368154,,,,2.098,2.403,4500.89132507,3929.61714524
2020-06-16,9505.7,18025800,1726.72,17.46,,,40.75,,,5.50506162,544.42726231,,,233.26871166,,,,2.098,2.403,4530.83889418,3955.7636288
2020-06-17,9407.34,18027600,1726.82,17.5,,,40.47,,,5.44778263,537.56228571,,,232.45218681,,,,2.098,2.403,4483.95614871,3914.83146067
2020-06-18,9363.3,18029400,1722.82,17.39,,,41.75,,,5.43486841,538.43013226,,,224.27065868,,,,2.098,2.403,4462.96472831,3896.50436954
2020-06-19,9302.33,18031200,1742.52,17.66,,,42.33,,,5.33843514,526.74575311,,,219.75738247,,,,2.098,2.403,4433.90371783,3871.13191844
2020-06-20,9431.526667,18033000,1746.493333,17.676667,,,42.62,,,5.40026491,533.557976,,,221.29344596,,,,2.098,2.403,4495.48458866,3924.8966571
2020-06-21,9560.723333,18034800,1750.466667,17.693333,,,42.91,,,5.46181399,540.35739524,,,222.80874698,,,,2.098,2.403,4557.06545901,3978.66139534
2020-06-22,9689.92,18036600,1754.44,17.71,,,43.2,,,5.52308429,547.14398645,,,224.3037037,,,,2.129,2.425,4551.39502114,3995.84329897
2020-06-23,9652.51,18038400,1768.38,17.95,,,42.72,,,5.4583913,537.74428969,,,225.94826779,,,,2.129,2.425,4533.82339126,3980.41649485
2020-06-24,9267.84,18040200,1760.92,17.5,,,40.4,,,5.26306703,529.59085714,,,229.4019802,,,,2.129,2.425,4353.14232034,3821.78969072
2020-06-25,9302.33,18042000,1763.72,17.8,,,41.18,,,5.27426689,522.60280899,,,225.8943662,,,,2.129,2.425,4369.34241428,3836.01237113
2020-06-26,9165.9,18043800,1770.97,17.83,,,40.97,,,5.17563821,514.07178912,,,223.72223578,,,,2.129,2.425,4305.26068577,3779.75257732
2020-06-27,9179.966667,18045600,1771.62,17.84,,,41.173333,,,5.18167929,514.57212259,,,222.95903679,,,,2.129,2.425,4311.86785674,3785.55326474
2020-06-28,9194.033333,18047400,1772.27,17.85,,,41.376667,,,5.18771594,515.07189541,,,222.20333341,,,,2.129,2.425,4318.47502724,3791.35395175
2020-06-29,9208.1,18049200,1772.92,17.86,,,41.58,,,5.19374817,515.57110862,,,221.45502646,,,,2.174,2.43,4235.55657774,3789.34156379
2020-06-30,9165.9,18051000,1780.96,18.2,,,41.64,,,5.14660632,503.62087912,,,220.12247839,,,,2.174,2.43,4216.14535419,3771.97530864
2020-07-01,9242.14,18052800,1770.15,18.01,,,42.18,,,5.22110556,513.16712937,,,219.11190138,,,,2.174,2.43,4251.21435143,3803.34979424
2020-07-02,9140.77,18054600,1775.33,17.96,,,43.19,,,5.14877234,508.95155902,,,211.64088909,,,,2.174,2.43,4204.58601656,3761.63374486
2020-07-03,9082.65,18056400,1775.725,18.0485,,,42.92,,,5.11489673,503.23572596,,,211.61812675,,,,2.174,2.43,4177.85188592,3737.71604938
2020-07-04,9150.116667,18058200,1778.666667,18.122333,,,42.856667,,,5.14436844,504.90831765,,,213.50509285,,,,2.174,2.43,4208.88531141,3765.48010988
2020-07-05,9217.583333,18060000,1781.608333,18.196167,,,42.793333,,,5.17374283,506.56730799,,,215.39764928,,,,2.174,2.43,4239.91873643,3793.24416996
2020-07-06,9285.05,18061800,1784.55,18.27,,,42.73,,,5.20302037,508.21291735,,,217.29581091,,,,2.177,2.437,4265.06660542,3810.03282725
2020-07-07,9250.69,18063600,1794.85,18.27,,,43.28,,,5.15401844,506.33223864,,,213.7405268,,,,2.177,2.437,4249.28341755,3795.93352483
2020-07-08,9433.96,18065400,1808.87,18.71,,,43.67,,,5.21538861,504.2202031,,,216.02839478,,,,2.177,2.437,4333.46807533,3871.13664341
2020-07-09,9250.69,18067200,1803.56,18.64,,,42.35,,,5.12912795,496.28165236,,,218.43423849,,,,2.177,2.437,4249.28341755,3795.93352483
2020-07-10,9233.61,18069000,1799.54,18.72,,,43.27,,,5.13109461,493.24839744,,,213.39519297,,,,2.177,2.437,4241.43775838,3788.92490767
2020-07-11,9239.303333,18070800,1800.59,18.84,,,43.13,,,5.13126438,490.40888179,,,214.21987788,,,,2.177,2.437,4244.05297795,3791.26111325
2020-07-12,9244.996667,18072600,1801.64,18.96,,,42.99,,,5.13143395,487.60530944,,,215.0499341,,,,2.177,2.437,4246.66819798,3793.59731924
2020-07-13,9250.69,18074400,1802.69,19.08,,,42.85,,,5.13160333,484.8370021,,,215.88541424,,,,2.195,2.438,4214.43735763,3794.37653815
2020-07-14,9242.14,18076200,1809.33,19.21,,,42.97,,,5.10804552,481.11087975,,,215.08354666,,,,2.195,2.438,4210.54214123,3790.86956522
2020-07-15,9225.09,18078000,1810.26,19.41,,,43.96,,,5.09600278,475.27511592,,,209.85191083,,,,2.195,2.438,4202.77448747,3783.87612797
2020-07-16,9124.09,18079800,1797.22,19.17,,,43.71,,,5.07677969,475.95670318,,,208.74147792,,,,2.195,2.438,4156.76082005,3742.44872847
2020-07-17,9165.9,18081600,1810.12,19.33,,,43.53,,,5.06369743,474.18003104,,,210.5651275,,,,2.195,2.438,4175.80865604,3759.59803117
2020-07-18,9168.703333,18083400,1812.69,19.52,,,43.453333,,,5.05806472,469.70816255,,,211.00115227,,,,2.195,2.438,4177.08580091,3760.74788064
2020-07-19,9171.506667,18085200,1815.26,19.71,,,43.376667,,,5.05244795,465.32250974,,,211.43871351,,,,2.195,2.438,4178.36294624,3761.89773052
2020-07-20,9174.31,18087000,1817.83,19.9,,,43.3,,,5.04684706,461.02060302,,,211.8778291,,,,2.186,2.433,4196.84812443,3770.78092889
2020-07-21,9380.86,18088800,1841.77,21.3,,,44.31,,,5.09339385,440.41596244,,,211.70977206,,,,2.186,2.433,4291.3357731,3855.67612002
2020-07-22,9379.98,18090600,1872.97,23,,,43.98,,,5.00807808,407.82521739,,,213.27830832,,,,2.186,2.433,4290.93321134,3855.31442663
2020-07-23,9618.53,18092400,1887.175,22.598,,,42.96,,,5.09678753,425.6363395,,,223.89501862,,,,2.186,2.433,4400.05946935,3953.3621044
2020-07-24,9594.72,18094200,1902.59,22.7525,,,43.29,,,5.04297826,421.69959345,,,221.63825364,,,,2.186,2.433,4389.16742909,3943.57583231
2020-07-25,10106.813333,18096000,1915.12,23.368333,,,43.323333,,,5.27737861,432.50039842,,,233.28799132,,,,2.186,2.433,4623.4278742,4154.05397986
2020-07-26,10618.906667,18097800,1927.65,23.984167,,,43.356667,,,5.5087317,442.74652803,,,244.91981053,,,,2.186,2.433,4857.68831976,4364.53212783
2020-07-27,11131,18099600,1940.18,24.6,,,43.39,,,5.73709656,452.4796748,,,256.53376354,,,,2.175,2.427,5117.70114943,4586.32056036
2020-07-28,11027,18101400,1960.38,24.42,,,43.11,,,5.62492986,451.55610156,,,255.7875203,,,,2.175,2.427,5069.88505747,4543.46930367
2020-07-29,11286,18103200,1969.48,24.31,,,43.51,,,5.73044662,464.25339367,,,259.38864629,,,,2.175,2.427,5188.96551724,4650.18541409
2020-07-30,11094,18105000,1951.13,23.5,,,42.98,,,5.68593584,472.08510638,,,258.12005584,,,,2.175,2.427,5100.68965517,4571.07540173
2020-07-31,11328,18106800,1974.2,24.32,,,43.13,,,5.73802046,465.78947368,,,262.64780895,,,,2.175,2.427,5208.27586207,4667.4907293
2020-08-01,11305.333333,18108600,1975.083333,24.323333,,,43.34,,,5.72397789,464.79375721,,,260.85217658,,,,2.175,2.427,5197.85440598,4658.1513527
2020-08-02,11282.666667,18110400,1975.966667,24.326667,,,43.55,,,5.70994787,463.79829456,,,259.07386147,,,,2.175,2.427,5187.43295034,4648.81197651
2020-08-03,11260,18112200,1976.85,24.33,,,43.76,,,5.69593039,462.80312372,,,257.31261426,,,,2.176,2.424,5174.63235294,4645.21452145
2020-08-04,11246,18114000,2016.51,26.01,,,43.99,,,5.57696218,432.37216455,,,255.64901114,,,,2.176,2.424,5168.19852941,4639.43894389
2020-08-05,11777,18115800,2038.635,26.959,,,44.92,,,5.77690464,436.84854779,,,262.17720392,,,,2.176,2.424,5412.22426471,4858.49834983
2020-08-06,11742,18117600,2065.35,28.92,,,45.04,,,5.68523495,406.01659751,,,260.70159858,,,,2.176,2.424,5396.13970588,4844.05940594
2020-08-07,11508,18119400,2031.69,28.09,,,44.07,,,5.66424996,409.68316127,,,261.13002042,,,,2.176,2.424,5288.60294118,4747.52475248
2020-08-08,11618.333333,18121200,2030.326667,28.436667,,,44.11,,,5.72239607,408.56874447,,,263.39454394,,,,2.176,2.424,5339.30759789,4793.04180404
2020-08-09,11728.666667,18123000,2028.963333,28.783333,,,44.15,,,5.78062032,407.48118597,,,265.65496414,,,,2.176,2.424,5390.01225506,4838.55885602
2020-08-10,11839,18124800,2027.6,29.13,,,44.19,,,5.83892286,406.4194988,,,267.91129215,,,,2.166,2.428,5465.83564174,4876.02965404
2020-08-11,11311,18126600,1912.05,24.803,,,43.68,,,5.91564028,456.03354433,,,258.9514652,,,,2.166,2.428,5222.06832872,4658.56672158
2020-08-12,11516,18128400,1916.125,25.513,,,45.09,,,6.01004632,451.377729,,,255.40031049,,,,2.166,2.428,5316.71283472,4742.99835255
2020-08-13,11698,18130200,1954.13,27.6,,,44.87,,,5.98629569,423.84057971,,,260.70871406,,,,2.166,2.428,5400.73868883,4817.95716639
2020-08-14,11810,18132000,1943.52,26.4,,,44.86,,,6.07660328,447.34848485,,,263.2634864,,,,2.166,2.428,5452.44690674,4864.08566722
2020-08-15,11984.666667,18133800,1956.03,26.73,,,44.876667,,,6.12703622,448.36014467,,,267.05786031,,,,2.166,2.428,5533.08710388,4936.02416269
2020-08-16,12159.333333,18135600,1968.54,27.06,,,44.893333,,,6.17682817,449.34712982,,,270.84942285,,,,2.166,2.428,5613.72730055,5007.96265774
2020-08-17,12334,18137400,1981.05,27.39,,,44.91,,,6.22599127,450.31033224,,,274.63816522,,,,2.166,2.427,5694.36749769,5081.99423156
2020-08-18,12074,18139200,1997.75,27.67,,,45.34,,,6.04379927,436.35706541,,,266.29907367,,,,2.166,2.427,5574.33056325,4974.86608982
2020-08-19,11712,18141000,1935.93,26.7,,,45.21,,,6.04980552,438.65168539,,,259.05773059,,,,2.166,2.427,5407.20221607,4825.71075402
2020-08-20,11831,18142800,1947.87,27.24,,,44.56,,,6.07381396,434.32452276,,,265.50718133,,,,2.166,2.427,5462.1421976,4874.74248043
2020-08-21,11678,18144600,1938.02,26.72,,,43.94,,,6.02573761,437.0508982,,,265.7715066,,,,2.166,2.427,5391.50507849,4811.70168933
2020-08-22,11706,18146400,1934.961667,26.683,,,44.103333,,,6.04973225,438.7062924,,,265.42211674,,,,2.166,2.427,5404.43213296,4823.23856613
2020-08-23,11734,18148200,1931.903333,26.646,,,44.266667,,,6.07380287,440.36628387,,,265.07529921,,,,2.166,2.427,5417.35918744,4834.77544293
2020-08-24,11762,18150000,1928.845,26.609,,,44.43,,,6.09794981,442.0308918,,,264.73103759,,,,2.182,2.426,5390.46746104,4848.30997527
2020-08-25,11314,18151800,1928.46,26.54,,,46.01,,,5.86685749,426.29992464,,,245.90306455,,,,2.182,2.426,5185.1512374,4663.6438582
2020-08-26,11478,18153600,1954.2,27.51,,,45.79,,,5.87350322,417.23009815,,,250.6660843,,,,2.182,2.426,5260.3116407,4731.24484749
2020-08-27,11284,18155400,1925.41,27.02,,,44.84,,,5.86056996,417.61658031,,,251.65031222,,,,2.182,2.426,5171.40238313,4651.27782358
2020-08-28,11513,18157200,1963.49,27.51,,,45.22,,,5.8635389,418.50236278,,,254.59973463,,,,2.182,2.426,5276.35197067,4745.67188788
2020-08-29,11555.333333,18159000,1964.933333,27.72,,,45.345,,,5.88077628,416.85906685,,,254.83147719,,,,2.182,2.426,5295.75313153,4763.1217366
2020-08-30,11597.666667,18160800,1966.376667,27.93,,,45.47,,,5.89798835,415.24048217,,,255.06194561,,,,2.182,2.426,5315.15429285,4780.57158574
2020-08-31,11640,18162600,1967.82,28.14,,,45.595,,,5.91517517,413.64605544,,,255.29115035,,,,2.222,2.441,5238.52385239,4768.53748464
2020-09-01,12028,18164400,1970.42,28.11,,,45.72,,,6.10428234,427.89043045,,,263.07961505,,,,2.222,2.441,5413.14131413,4927.48873413
2020-09-02,11386,18166200,1943.06,27.447,,,42.7,,,5.85982934,414.83586549,,,266.65105386,,,,2.222,2.441,5124.21242124,4664.48176977
2020-09-03,10736,18168000,1930.675,26.572,,,42.72,,,5.56074948,404.03432184,,,251.31086142,,,,2.222,2.441,4831.68316832,4398.19746006
2020-09-04,10588,18169800,1934.81,26.91,,,41.1,,,5.47237196,393.45968042,,,257.61557178,,,,2.222,2.441,4765.07650765,4337.56657108
2020-09-05,10445.666667,18171600,1932.668333,26.891667,,,40.956667,,,5.4047901,388.43507422,,,255.04191215,,,,2.222,2.441,4701.02010216,4279.25713519
2020-09-06,10303.333333,18173400,1930.526667,26.873333,,,40.813333,,,5.33705828,383.40362667,,,252.45018173,,,,2.222,2.441,4636.96369622,4220.94769889
2020-09-07,10161,18175200,1928.385,26.855,,,40.67,,,5.26917602,378.3652951,,,249.84017703,,,,2.211,2.435,4595.65807327,4172.89527721
2020-09-08,10032,18177000,1931.68,26.66,,,38.53,,,5.19340678,376.29407352,,,260.36854399,,,,2.211,2.435,4537.31343284,4119.91786448
2020-09-09,10245,18178800,1946.79,26.98,,,39.98,,,5.26250905,379.72572276,,,256.25312656,,,,2.211,2.435,4633.64993216,4207.39219713
2020-09-10,10349,18180600,1946.06,26.88,,,39.27,,,5.31792442,385.00744048,,,263.53450471,,,,2.211,2.435,4680.68747173,4250.1026694
2020-09-11,10338,18182400,1942.445,26.7755,,,38.8,,,5.32215841,386.09923251,,,266.44329897,,,,2.211,2.435,4675.71234735,4245.58521561
2020-09-12,10464.333333,18184200,1947.093333,26.887,,,38.723333,,,5.37433576,389.19676174,,,270.23328113,,,,2.211,2.435,4732.85089688,4297.46748789
2020-09-13,10590.666667,18186000,1951.741667,26.9985,,,38.646667,,,5.42626457,392.2687063,,,274.03829332,,,,2.211,2.435,4789.98944686,4349.34976057
2020-09-14,10717,18187800,1956.39,27.11,,,38.57,,,5.47794663,395.31538178,,,277.8584392,,,,2.183,2.422,4909.29912964,4424.85549133
2020-09-15,10856,18189600,1954.05,27.14,,,39.54,,,5.55564085,400,,,274.55741022,,,,2.183,2.422,4972.97297297,4482.24607762
2020-09-16,11020,18191400,1959.84,27.165,,,41.23,,,5.62290799,405.66905945,,,267.28110599,,,,2.183,2.422,5048.0989464,4549.95871181
2020-09-17,10962,18193200,1944,27.02,,,42.35,,,5.63888889,405.69948187,,,258.84297521,,,,2.183,2.422,5021.53000458,4526.01156069
2020-09-18,10878,18195000,1950.94,26.81,,,42.16,,,5.57577373,405.74412533,,,258.0170778,,,,2.183,2.422,4983.05084746,4491.32947977
2020-09-19,10755,18196800,1938.153333,26.116667,,,41.563333,,,5.54909656,411.80599347,,,258.76173116,,,,2.183,2.422,4926.70636738,4440.54500413
2020-09-20,10632,18198600,1925.366667,25.423333,,,40.966667,,,5.52206506,418.19851079,,,259.52806949,,,,2.183,2.422,4870.36188731,4389.76052849
2020-09-21,10509,18200400,1912.58,24.73,,,40.37,,,5.49467212,424.9494541,,,260.31706713,,,,2.168,2.404,4847.32472325,4371.46422629
2020-09-22,10551,18202200,1900.05,24.38,,,40.84,,,5.55301176,432.77276456,,,258.3496572,,,,2.168,2.404,4866.69741697,4388.93510815
2020-09-23,10258,18204000,1863.6,22.775,,,41.09,,,5.50440009,450.40614709,,,249.64711609,,,,2.168,2.404,4731.5498155,4267.05490849
2020-09-24,10653,18205800,1867.83,23.14,,,41.24,,,5.70340984,460.37165082,,,258.3171678,,,,2.168,2.404,4913.74538745,4431.36439268
2020-09-25,10732,18207600,1862.66,22.9,,,40.91,,,5.76165269,468.64628821,,,262.33194818,,,,2.168,2.404,4950.18450185,4464.22628952
2020-09-26,10784.666667,18209400,1868.96,23.162667,,,41.136667,,,5.77041064,465.6055655,,,262.16675909,,,,2.168,2.404,4974.47724493,4486.13422088
2020-09-27,10837.333333,18211200,1875.26,23.425333,,,41.363333,,,5.77910974,462.63305341,,,262.00338674,,,,2.168,2.404,4998.76998755,4508.04215183
2020-09-28,10890,18213000,1881.56,23.688,,,41.59,,,5.78775059,459.72644377,,,261.84178889,,,,2.169,2.394,5020.74688797,4548.87218045
2020-09-29,10770,18214800,1896.56,24.1815,,,40.33,,,5.67870249,445.38180014,,,267.04686338,,,,2.169,2.394,4965.42185339,4498.74686717
2020-09-30,10709,18216600,1885.8,23.23,,,40.3,,,5.67875703,460.99870857,,,265.73200993,,,,2.169,2.394,4937.29829414,4473.26649958
2020-10-01,10605,18218400,1906.05,23.79,,,39.75,,,5.56386244,445.77553594,,,266.79245283,,,,2.169,2.394,4889.34993084,4429.8245614
2020-10-02,10524,18220200,1901.81,23.7635,,,38,,,5.53367581,442.86405622,,,276.94736842,,,,2.169,2.394,4852.0055325,4395.98997494
2020-10-03,10597,18222000,1905.726667,23.962833,,,38.593333,,,5.56060855,442.2265097,,,274.58110446,,,,2.169,2.394,4885.66159521,4426.48287385
2020-10-04,10670,18223800,1909.643333,24.162167,,,39.186667,,,5.58743081,441.59946415,,,272.28648969,,,,2.169,2.394,4919.31765791,4456.97577277
2020-10-05,10743,18225600,1913.56,24.3615,,,39.78,,,5.61414327,440.98269811,,,270.06033183,,,,2.172,2.387,4946.13259669,4500.62840385
2020-10-06,10575,18227400,1878.07,23.07,,,41.27,,,5.63078054,458.38751625,,,256.23939908,,,,2.172,2.387,4868.78453039,4430.24717218
2020-10-07,10664,18229200,1887.4,23.81,,,40.62,,,5.65010067,447.87904242,,,262.53077302,,,,2.172,2.387,4909.76058932,4467.53246753
2020-10-08,10885,18231000,1893.77,23.84,,,42,,,5.74779408,456.58557047,,,259.16666667,,,,2.172,2.387,5011.51012891,4560.11730205
2020-10-09,11046,18232800,1928.47,25.15,,,41.63,,,5.7278568,439.20477137,,,265.337497,,,,2.172,2.387,5085.63535912,4627.5659824
2020-10-10,11260.333333,18234600,1926.526667,25.133333,,,41.253333,,,5.84488838,448.02387861,,,272.95572295,,,,2.172,2.387,5184.31553085,4717.35791077
2020-10-11,11474.666667,18236400,1924.583333,25.116667,,,40.876667,,,5.96215631,456.85467212,,,280.71434168,,,,2.172,2.387,5282.99570304,4807.14983955
2020-10-12,11689,18238200,1922.64,25.1,,,40.5,,,6.0796613,465.69721116,,,288.61728395,,,,2.167,2.395,5394.09321643,4880.58455115
2020-10-13,11453,18240000,1891.11,24.13,,,41.34,,,6.05623153,474.63738085,,,277.04402516,,,,2.167,2.395,5285.18689432,4782.04592902
2020-10-14,11383,18241800,1901.83,24.2625,,,41.81,,,5.98528785,469.16022669,,,272.25544128,,,,2.167,2.395,5252.88417167,4752.81837161
2020-10-15,11507,18243600,1908.16,24.2795,,,41.61,,,6.03041674,473.93891966,,,276.54409998,,,,2.167,2.395,5310.10613752,4804.59290188
2020-10-16,11325,18245400,1899.34,24.14,,,41.34,,,5.96259753,469.13835957,,,273.94775036,,,,2.167,2.395,5226.11905861,4728.60125261
2020-10-17,11469,18247200,1901.013333,24.223333,,,41.323333,,,6.03309814,473.46911344,,,277.54295618,,,,2.167,2.395,5292.57037379,4788.72651357
2020-10-18,11613,18249000,1902.686667,24.306667,,,41.306667,,,6.10347473,477.77015253,,,281.14105648,,,,2.167,2.395,5359.02168897,4848.85177453
2020-10-19,11757,18250800,1904.36,24.39,,,41.29,,,6.17372766,482.04182042,,,284.7420683,,,,2.15,2.388,5468.37209302,4923.36683417
2020-10-20,11927,18252600,1906.44,24.62,,,41.62,,,6.25616332,484.44354184,,,286.56895723,,,,2.15,2.388,5547.44186047,4994.5561139
2020-10-21,12942,18254400,1924.685,25.0425,,,40.09,,,6.72421721,516.80143756,,,322.82364679,,,,2.15,2.388,6019.53488372,5419.59798995
2020-10-22,13153,18256200,1904.07,24.71,,,41.28,,,6.90783427,532.29461756,,,318.62887597,,,,2.15,2.388,6117.6744186,5507.95644891
2020-10-23,12929,18258000,1903.55,24.62,,,40.71,,,6.79204644,525.14216084,,,317.58781626,,,,2.15,2.388,6013.48837209,5414.15410385
2020-10-24,12970.666667,18259800,1903.161667,24.5105,,,40.16,,,6.81532572,529.18817107,,,322.9747676,,,,2.15,2.388,6032.86821721,5431.60245687
2020-10-25,13012.333333,18261600,1902.773333,24.401,,,39.61,,,6.83861451,533.27049436,,,328.51131868,,,,2.15,2.388,6052.24806186,5449.05080946
2020-10-26,13054,18265200,1902.385,24.2915,,,39.06,,,6.86191281,537.38962188,,,334.20378904,,,,2.143,2.385,6091.4605693,5473.37526205
2020-10-27,13737,18267000,1907.77,24.3715,,,39.72,,,7.20055353,563.65016515,,,345.84592145,,,,2.143,2.385,6410.17265516,5759.74842767
2020-10-28,13268,18268800,1876.675,23.3995,,,37.86,,,7.06995084,567.02066283,,,350.44902272,,,,2.143,2.385,6191.32057863,5563.10272537
2020-10-29,13418,18270600,1868.57,23.2805,,,36.56,,,7.18089234,576.36219153,,,367.0131291,,,,2.143,2.385,6261.31591227,5625.99580713
2020-10-30,13637,18272400,1878.38,23.65,,,36.33,,,7.25997934,576.61733615,,,375.36471236,,,,2.143,2.385,6363.50909939,5717.8197065
2020-10-31,13618,18274200,1884.186667,23.8,,,36.813333,,,7.22752169,572.18487395,,,369.92032207,,,,2.143,2.385,6354.6430238,5709.85324948
2020-11-01,13599,18276000,1889.993333,23.95,,,37.296667,,,7.19526348,567.80793319,,,364.61703133,,,,2.143,2.385,6345.7769482,5701.88679245
2020-11-02,13580,18277800,1895.8,24.1,,,37.78,,,7.16320287,563.48547718,,,359.44944415,,,,2.112,2.372,6429.92424242,5725.12647555
2020-11-03,13832,18279600,1909.73,24.23,,,38.17,,,7.24290868,570.86256707,,,362.37883154,,,,2.112,2.372,6549.24242424,5831.36593592
2020-11-04,14123,18281400,1902.99,23.9,,,39.68,,,7.42147883,590.92050209,,,355.92237903,,,,2.112,2.372,6687.02651515,5954.04721754
2020-11-05,15555,18283200,1949.74,25.37,,,39.47,,,7.97798681,613.12573906,,,394.09678237,,,,2.112,2.372,7365.05681818,6557.75716695
2020-11-06,15486,18285000,1951.76,25.58,,,38.08,,,7.93437718,605.39483972,,,406.67016807,,,,2.112,2.372,7332.38636364,6528.66779089
2020-11-07,15407,18286800,1922.126667,25.086667,,,39.03,,,8.01560077,614.15093524,,,394.74763003,,,,2.112,2.372,7294.98106061,6495.36256324
2020-11-08,15328,18288600,1892.493333,24.593333,,,39.98,,,8.09936803,623.25834404,,,383.39169585,,,,2.112,2.372,7257.57575758,6462.05733558
2020-11-09,15249,18290400,1862.86,24.1,,,40.93,,,8.18580033,632.73858921,,,372.56291229,,,,2.096,2.383,7275.28625954,6399.07679396
2020-11-10,15385,18292200,1877.26,24.24,,,42.25,,,8.19545508,634.69471947,,,364.14201183,,,,2.096,2.383,7340.17175573,6456.14771297
2020-11-11,15813,18294000,1865.64,24.28,,,42.5,,,8.47591175,651.276771,,,372.07058824,,,,2.096,2.383,7544.37022901,6635.7532522
2020-11-12,16220,18295800,1877.01,24.29,,,42.16,,,8.64140308,667.76451214,,,384.72485769,,,,2.096,2.383,7738.54961832,6806.54637012
2020-11-13,16210,18297600,1887.84,24.63,,,41.51,,,8.58653276,658.14047909,,,390.50831125,,,,2.096,2.383,7733.77862595,6802.34997902
2020-11-14,16384.666667,18299400,1888.223333,24.676667,,,41.91,,,8.67729277,663.97405561,,,390.94885867,,,,2.096,2.383,7817.11195945,6875.64694377
2020-11-15,16559.333333,18301200,1888.606667,24.723333,,,42.31,,,8.76801593,669.78563663,,,391.38107618,,,,2.096,2.383,7900.44529246,6948.9439081
2020-11-16,16734,18303000,1888.99,24.77,,,42.71,,,8.85870227,675.57529269,,,391.80519785,,,,2.111,2.441,7927.04879204,6855.38713642
2020-11-17,17597,18304800,1880.55,24.49,,,42.54,,,9.35736885,718.53817885,,,413.6577339,,,,2.111,2.441,8335.85978209,7208.93076608
2020-11-18,17838,18306600,1872.48,24.34,,,42.91,,,9.52640349,732.86770748,,,415.70729434,,,,2.111,2.441,8450.02368546,7307.66079476
2020-11-19,17889,18308400,1866.59,24.049,,,43.09,,,9.58378648,743.8562934,,,415.15432815,,,,2.111,2.441,8474.18285173,7328.55387136
2020-11-20,18640,18310200,1873.16,24.2,,,43.79,,,9.95109868,770.24793388,,,425.66796072,,,,2.111,2.441,8829.93841781,7636.21466612
2020-11-21,18567,18312000,1861.393333,24,,,44.193333,,,9.97478591,773.625,,,420.13124468,,,,2.111,2.441,8795.3576504,7606.3088898
2020-11-22,18494,18313800,1849.626667,23.8,,,44.596667,,,9.99877453,777.05882353,,,414.69466765,,,,2.111,2.441,8760.77688299,7576.40311348
2020-11-23,18421,18315600,1837.86,23.6,,,45,,,10.02307031,780.55084746,,,409.35555556,,,,2.102,2.462,8763.5585157,7482.12835093
2020-11-24,19122,18317400,1807.53,23.27,,,46.63,,,10.57907753,821.74473571,,,410.07934806,,,,2.102,2.462,9097.05042816,7766.85621446
2020-11-25,18756,18319200,1807.625,23.3365,,,47.3,,,10.37604592,803.71949521,,,396.53276956,,,,2.102,2.462,8922.93054234,7618.19658814
2020-11-26,17196,18321000,1810.31,23.3295,,,46.32,,,9.4989256,737.09252234,,,371.24352332,,,,2.102,2.462,8180.78020932,6984.56539399
2020-11-27,17079,18322800,1787.215,22.6915,,,46.88,,,9.55620896,752.66068792,,,364.31313993,,,,2.102,2.462,8125.11893435,6937.04305443
2020-11-28,17880.666667,18324600,1783.733333,22.671,,,46.866667,,,10.02429362,788.7021599,,,381.52204566,,,,2.102,2.462,8506.50174453,7262.65908489
2020-11-29,18682.333333,18326400,1780.251667,22.6505,,,46.853333,,,10.49420915,824.80887102,,,398.74075411,,,,2.102,2.462,8887.88455423,7588.27511495
2020-11-30,19484,18328200,1776.77,22.63,,,46.84,,,10.96596633,860.98099867,,,415.96925705,,,,2.12,2.502,9190.56603774,7787.37010392
2020-12-01,18939,18330000,1815.21,24.0045,,,47.03,,,10.43350356,788.9770668,,,402.700404,,,,2.12,2.502,8933.49056604,7569.54436451
2020-12-02,19118,18331800,1830.61,24.09,,,47.8,,,10.44351336,793.60730594,,,399.958159,,,,2.12,2.502,9017.9245283,7641.0871303
2020-12-03,19479,18333600,1841.04,24.06,,,48.37,,,10.5804328,809.60099751,,,402.70829026,,,,2.12,2.502,9188.20754717,7785.37170264
2020-12-04,18979,18335400,1836.52,24.17,,,49.1,,,10.33421907,785.2296235,,,386.53767821,,,,2.12,2.502,8952.35849057,7585.53157474
2020-12-05,19027.333333,18337200,1845.116667,24.276667,,,48.943333,,,10.31226571,783.7704135,,,388.76251711,,,,2.12,2.502,8975.15723255,7604.84945364
2020-12-06,19075.666667,18339000,1853.713333,24.383333,,,48.786667,,,10.29051598,782.32400251,,,391.00163713,,,,2.12,2.502,8997.955975,7624.16733293
2020-12-07,19124,18340800,1862.31,24.49,,,48.63,,,10.26896704,780.89015925,,,393.25519227,,,,2.156,2.526,8870.12987013,7570.86302454
2020-12-08,18550,18342600,1870.41,24.55,,,48.84,,,9.91761165,755.60081466,,,379.81162981,,,,2.156,2.526,8603.8961039,7343.62628662
2020-12-09,18561,18344400,1840.06,23.96,,,48.81,,,10.08717107,774.66611018,,,380.27043639,,,,2.156,2.526,8608.99814471,7347.98099762
2020-12-10,18336,18346200,1836.79,23.99,,,50.33,,,9.98263275,764.31846603,,,364.31551758,,,,2.156,2.526,8504.63821892,7258.90736342
2020-12-11,17990,18348000,1839.5,23.96,,,50.01,,,9.77983148,750.83472454,,,359.72805439,,,,2.156,2.526,8344.15584416,7121.93190816
2020-12-12,18420.666667,18349800,1835.373333,23.92,,,50.096667,,,10.03646851,770.09476033,,,367.70243951,,,,2.156,2.526,8543.90847263,7292.4254422
2020-12-13,18851.333333,18351600,1831.246667,23.88,,,50.183333,,,10.29426219,789.4193188,,,375.64928844,,,,2.156,2.526,8743.66110065,7462.91897585
2020-12-14,19282,18353400,1827.12,23.84,,,50.27,,,10.55322037,808.80872483,,,383.56872886,,,,2.158,2.559,8935.12511585,7534.97459945
2020-12-15,19472,18355200,1853.36,24.5,,,50.77,,,10.50632365,794.7755102,,,383.53358282,,,,2.158,2.559,9023.16960148,7609.22235248
2020-12-16,21377,18357000,1864.91,25.35,,,50.83,,,11.46275155,843.27416174,,,420.55872516,,,,2.158,2.559,9905.93141798,8353.653771
2020-12-17,23024,18358800,1885.595,26.0675,,,51.2,,,12.21046937,883.24542054,,,449.6875,,,,2.158,2.559,10669.13809082,8997.26455647
2020-12-18,22774,18360600,1881.27,25.7725,,,52.17,,,12.10565203,883.65505869,,,436.53440675,,,,2.158,2.559,10553.29008341,8899.57014459
2020-12-19,22907,18362400,1879.766667,25.905,,,51.65,,,12.18608692,884.26944605,,,443.50435624,,,,2.158,2.559,10614.92122335,8951.54357171
2020-12-20,23040,18364200,1878.263333,26.0375,,,51.13,,,12.26665058,884.87758041,,,450.61607667,,,,2.158,2.559,10676.5523633,9003.51699883
2020-12-21,23173,18366000,1876.76,26.17,,,50.61,,,12.34734329,885.47955674,,,457.87393796,,,,2.224,2.619,10419.51438849,8848.03360061
2020-12-22,23743,18367800,1860.32,25.19,,,49.88,,,12.762858,942.55657007,,,476.00240577,,,,2.224,2.619,10675.80935252,9065.67392134
2020-12-23,23281,18369600,1873.21,25.56,,,51.05,,,12.42839831,910.8372457,,,456.043095,,,,2.224,2.619,10468.07553957,8889.27071401
2020-12-24,23333,18371400,1879.82,25.7945,,,50.88,,,12.41235863,904.57268022,,,458.58883648,,,,2.224,2.619,10491.45683453,8909.12562047
2020-12-25,24205,18373200,1878.355,25.910875,,,50.88,,,12.88627549,934.16374399,,,475.72720126,,,,2.224,2.619,10883.54316547,9242.07712868
2020-12-26,25077,18375000,1876.89,26.02725,,,50.88,,,13.36093218,963.49018817,,,492.86556604,,,,2.224,2.619,11275.6294964,9575.02863688
2020-12-27,25949,18375900,1875.425,26.143625,,,50.88,,,13.83633043,992.55554652,,,510.00393082,,,,2.224,2.619,11667.71582734,9907.98014509
2020-12-28,26821,18376800,1873.96,26.26,,,50.88,,,14.31247198,1021.36329018,,,527.1422956,,,,2.243,2.635,11957.64600981,10178.74762808
2020-12-29,27043,18377700,1878.41,26.21,,,50.44,,,14.39675044,1031.78176269,,,536.14195083,,,,2.243,2.635,12056.62059741,10262.99810247
2020-12-30,28742,18378600,1894.58,26.68,,,50.74,,,15.17064468,1077.28635682,,,566.45644462,,,,2.243,2.635,12814.08827463,10907.77988615
2020-12-31,29170,18379500,1898.705,26.389,,,51.22,,,15.36310275,1105.38481943,,,569.50409996,,,,2.243,2.635,13004.90414623,11070.20872865
2021-01-01,29724.5,18380400,1909.72375,26.60175,,,51.0075,,,15.56481664,1117.38889359,,,582.74763515,,,,2.243,2.635,13252.11769951,11280.64516129
2021-01-02,30279,18381300,1920.7425,26.8145,,,50.795,,,15.76421618,1129.20248373,,,596.10197854,,,,2.243,2.635,13499.33125279,11491.08159393
2021-01-03,30833.5,18382200,1931.76125,27.02725,,,50.5825,,,15.96134098,1140.83008815,,,609.56852666,,,,2.243,2.635,13746.54480606,11701.51802657
2021-01-04,31388,18383100,1942.78,27.24,,,50.37,,,16.15622973,1152.27606461,,,623.14869962,,,,2.249,2.64,13956.42507781,11889.39393939
2021-01-05,34285,18384000,1950.18,27.58,,,53.16,,,17.58042847,1243.11094996,,,644.93980436,,,,2.249,2.64,15244.55313473,12986.74242424
2021-01-06,36074,18384900,1919.48,27.3,,,53.8,,,18.79363161,1321.39194139,,,670.5204461,,,,2.249,2.64,16040.01778568,13664.39393939
2021-01-07,39632,18385800,1913.25,27.13,,,53.7,,,20.71449105,1460.81828234,,,738.02607076,,,,2.249,2.64,17622.05424633,15012.12121212
2021-01-08,39037,18386700,1848.61,25.31,,,55.51,,,21.11694733,1542.35480047,,,703.24265898,,,,2.249,2.64,17357.49221876,14786.74242424
2021-01-09,37514,18387600,1846.983333,25.176667,,,55.286667,,,20.31095751,1490.03043175,,,678.5361107,,,,2.249,2.64,16680.3023566,14209.84848485
2021-01-10,35991,18388500,1845.356667,25.043333,,,55.063333,,,19.50354674,1437.14896096,,,653.62915826,,,,2.249,2.64,16003.11249444,13632.95454545
2021-01-11,34468,18389400,1843.73,24.91,,,54.84,,,18.69471126,1383.70132477,,,628.51932896,,,,2.317,2.67,14876.13293051,12909.36329588
2021-01-12,33683,18390300,1854.75,25.55,,,55.98,,,18.16039898,1318.31702544,,,601.69703466,,,,2.317,2.67,14537.33275788,12615.35580524
2021-01-13,37219,18391200,1845.12,25.21,,,55.52,,,20.17158776,1476.35858786,,,670.37103746,,,,2.317,2.67,16063.44410876,13939.70037453
2021-01-14,38941,18392100,1845.87,25.51,,,55.76,,,21.09628522,1526.499412,,,698.36800574,,,,2.317,2.67,16806.64652568,14584.64419476
2021-01-15,35585,18393000,1825.57,24.71,,,54.8,,,19.49254206,1440.10522056,,,649.36131387,,,,2.317,2.67,15358.22183858,13327.71535581
2021-01-16,35892,18393900,1829.575,24.797167,,,54.603333,,,19.61767077,1447.4234093,,,657.3225118,,,,2.317,2.67,15490.7207596,13442.69662921
2021-01-17,36199,18394800,1833.58,24.884333,,,54.406667,,,19.74225286,1454.69038692,,,665.34125312,,,,2.317,2.67,15623.21968062,13557.67790262
2021-01-18,36506,18395700,1837.585,24.9715,,,54.21,,,19.8662919,1461.90657349,,,673.41818853,,,,2.379,2.696,15345.10298445,13540.80118694
2021-01-19,36695,18396600,1839.96,25.22,,,55.38,,,19.94336833,1454.99603489,,,662.6038281,,,,2.379,2.696,15424.54812947,13610.90504451
2021-01-20,35030,18397500,1871.4,25.84,,,55.66,,,18.71860639,1355.6501548,,,629.3568092,,,,2.379,2.696,14724.67423287,12993.32344214
2021-01-21,30824,18398400,1869.83,25.9375,,,55.68,,,16.48492109,1188.39518072,,,553.59195402,,,,2.379,2.696,12956.70449769,11433.23442136
2021-01-22,33555,18399300,1853.87,25.45,,,55.22,,,18.09997465,1318.4675835,,,607.66026802,,,,2.379,2.696,14104.66582598,12446.21661721
2021-01-23,33199,18400200,1854.563333,25.413333,,,55.293333,,,17.90124899,1306.36150717,,,600.41596697,,,,2.379,2.696,13955.02311896,12314.16913947
2021-01-24,32843,18401100,1855.256667,25.376667,,,55.366667,,,17.70267186,1294.22039545,,,593.19084531,,,,2.379,2.696,13805.38041194,12182.12166172
2021-01-25,32487,18402000,1855.95,25.34,,,55.44,,,17.50424311,1282.0441989,,,585.98484848,,,,2.392,2.716,13581.52173913,11961.34020619
2021-01-26,32657,18402900,1850.81,25.48,,,55.26,,,17.64470691,1281.67189953,,,590.96996019,,,,2.392,2.716,13652.59197324,12023.93225331
2021-01-27,30611,18403800,1843.56,25.27,,,55.07,,,16.60428736,1211.35734072,,,555.85618304,,,,2.392,2.716,12797.24080268,11270.6185567
2021-01-28,33548,18404700,1842.43,26.47,,,54.87,,,18.20856152,1267.39705327,,,611.4087844,,,,2.392,2.716,14025.08361204,12351.98821797
2021-01-29,34569,18405600,1842.81,26.91,,,55.25,,,18.75885197,1284.61538462,,,625.68325792,,,,2.392,2.716,14451.92307692,12727.90868925
2021-01-30,34232.666667,18406500,1848.743333,27.62,,,55.64,,,18.51672217,1239.41588222,,,615.25281573,,,,2.392,2.716,14311.31549624,12604.07461966
2021-01-31,33896.333333,18407400,1854.676667,28.33,,,56.03,,,18.27614157,1196.48193904,,,604.96757689,,,,2.392,2.716,14170.70791513,12480.24054971
2021-02-01,33560,18408300,1860.61,29.04,,,56.42,,,18.03709536,1155.64738292,,,594.82453031,,,,2.409,2.738,13931.09173931,12257.12198685
2021-02-02,35652,18409200,1837.97,26.7,,,57.62,,,19.39748745,1335.28089888,,,618.74349184,,,,2.409,2.738,14799.501868,13021.18334551
2021-02-03,37309,18410100,1834.08,26.89,,,58.61,,,20.34207886,1387.46746002,,,636.56372633,,,,2.409,2.738,15487.33914487,13626.36961286
2021-02-04,37295,18411000,1794.33,26.37,,,58.98,,,20.78491693,1414.29654911,,,632.33299424,,,,2.409,2.738,15481.52760482,13621.25639153
2021-02-05,37771,18411900,1810.95,26.86,,,59.48,,,20.85700875,1406.21742368,,,635.02017485,,,,2.409,2.738,15679.11996679,13795.10591673
2021-02-06,40085.666667,18412800,1817.503333,26.996667,,,59.71,,,22.05534699,1484.83761595,,,671.33925083,,,,2.409,2.738,16639.96125654,14640.49184332
2021-02-07,42400.333333,18413700,1824.056667,27.133333,,,59.94,,,23.24507462,1562.66586685,,,707.37960182,,,,2.409,2.738,17600.80254587,15485.87776954
2021-02-08,44715,18414600,1830.61,27.27,,,60.17,,,24.42628413,1639.7139714,,,743.14442413,,,,2.461,2.801,18169.44331573,15963.94144948
2021-02-09,46827,18415500,1838.59,27.27,,,60.74,,,25.46897351,1717.16171617,,,770.9417188,,,,2.461,2.801,19027.63104429,16717.95787219
2021-02-10,45214,18416400,1843.255,27.023,,,61.17,,,24.52943299,1673.16730193,,,739.15317966,,,,2.461,2.801,18372.20642015,16142.09210996
2021-02-11,47678,18417300,1825.7,26.98,,,61.09,,,26.11491483,1767.1608599,,,780.4550663,,,,2.461,2.801,19373.42543681,17021.77793645
2021-02-12,47678,18418200,1821.29,27.26,,,62.47,,,26.17814846,1749.00953778,,,763.21434288,,,,2.461,2.801,19373.42543681,17021.77793645
2021-02-13,47867.333333,18419100,1820.478333,27.371667,,,62.84,,,26.29382205,1748.79130792,,,761.73350307,,,,2.461,2.801,19450.35893255,17089.37284291
2021-02-14,48056.666667,18420000,1819.666667,27.483333,,,63.21,,,26.40959882,1748.57491509,,,760.26999948,,,,2.461,2.801,19527.29242869,17156.96774973
2021-02-15,48246,18420900,1818.855,27.595,,,63.58,,,26.52547894,1748.36021018,,,758.82352941,,,,2.501,2.876,19290.68372651,16775.38247566
2021-02-16,49150,18421800,1794.46,27.24,,,63.96,,,27.38985544,1804.3318649,,,768.44903064,,,,2.501,2.876,19652.13914434,17089.70792768
2021-02-17,52127,18422700,1776.44,27.3915,,,65.02,,,29.3435185,1903.03561324,,,801.70716703,,,,2.501,2.876,20842.46301479,18124.82614743
2021-02-18,51840,18423600,1775.84,27.03,,,64.09,,,29.19181908,1917.86903441,,,808.86253706,,,,2.501,2.876,20727.70891643,18025.03477051
2021-02-19,55353,18424500,1781.43,27.19,,,62.84,,,31.07222849,2035.78521515,,,880.85614258,,,,2.501,2.876,22132.34706118,19246.52294854
2021-02-20,54952.333333,18425400,1790.74,27.506667,,,63.47,,,30.68694134,1997.78233157,,,865.80011553,,,,2.501,2.876,21972.14447541,19107.20908658
2021-02-21,54551.666667,18426300,1800.05,27.823333,,,64.1,,,30.30563966,1960.64456645,,,851.04004161,,,,2.501,2.876,21811.94189004,18967.89522497
2021-02-22,54151,18427200,1809.36,28.14,,,64.73,,,29.92826193,1924.34257285,,,836.56727947,,,,2.633,2.973,20566.27421193,18214.26168853
2021-02-23,48685,18428100,1805.67,27.68,,,65.16,,,26.96229101,1758.85115607,,,747.16083487,,,,2.633,2.973,18490.31522978,16375.71476623
2021-02-24,48797,18429000,1805.47,27.99,,,66.85,,,27.02731145,1743.37263308,,,729.94764398,,,,2.633,2.973,18532.85225978,16413.38715103
2021-02-25,48165,18429900,1770.75,27.45,,,66.69,,,27.20033884,1754.64480874,,,722.22222222,,,,2.633,2.973,18292.82187619,16200.80726539
2021-02-26,46234,18430800,1727.48,26.55,,,65.86,,,26.76384097,1741.39359699,,,702.00425144,,,,2.633,2.973,17559.43790353,15551.29498823
2021-02-27,47202,18431700,1726.636667,26.56,,,65.426667,,,27.33754061,1777.18373494,,,721.4489468,,,,2.633,2.973,17927.07937714,15876.89202825
2021-02-28,48170,18432600,1725.793333,26.57,,,64.993333,,,27.91180095,1812.94693263,,,741.15294256,,,,2.633,2.973,18294.72085074,16202.48906828
2021-03-01,49138,18433500,1724.95,26.58,,,64.56,,,28.4866228,1848.68322047,,,761.12143742,,,,2.711,3.072,18125.41497602,15995.44270833
2021-03-02,47819,18434400,1738.48,26.76,,,63.17,,,27.50621232,1786.95814649,,,756.98907709,,,,2.711,3.072,17638.87864257,15566.08072917
2021-03-03,50618,18435300,1711.04,26.09,,,64.7,,,29.58317748,1940.13031813,,,782.34930448,,,,2.711,3.072,18671.3389893,16477.21354167
2021-03-04,48251,18436200,1697.5,25.36,,,67.32,,,28.42474227,1902.64195584,,,716.7409388,,,,2.711,3.072,17798.22943563,15706.70572917
2021-03-05,49254,18437100,1698.33,25.18,,,69.95,,,29.00143082,1956.07625099,,,704.13152252,,,,2.711,3.072,18168.2036149,16033.203125
2021-03-06,50037.666667,18438000,1693.42,25.163333,,,69.3,,,29.54829084,1988.51506146,,,722.04425205,,,,2.711,3.072,18457.27283917,16288.3029515
2021-03-07,50821.333333,18438900,1688.51,25.146667,,,68.65,,,30.09833127,2020.99679186,,,740.29618839,,,,2.711,3.072,18746.34206308,16543.40277767
2021-03-08,51605,18439800,1683.6,25.13,,,68,,,30.65157995,2053.52168723,,,758.89705882,,,,2.771,3.143,18623.24070733,16419.02640789
2021-03-09,54777,18440700,1716.17,25.93,,,67.03,,,31.91816662,2112.49517933,,,817.20125317,,,,2.771,3.143,19767.95380729,17428.25326122
2021-03-10,56928,18441600,1726.72,26.21,,,67.53,,,32.96886583,2171.99542159,,,843.00310973,,,,2.771,3.143,20544.2078672,18112.63124403
2021-03-11,57924,18442500,1722.6,26.13,,,69.34,,,33.62591432,2216.76234214,,,835.36198442,,,,2.771,3.143,20903.64489354,18429.52593064
2021-03-12,56750,18443400,1724.54,25.9,,,68.87,,,32.90732601,2191.11969112,,,824.01626252,,,,2.771,3.143,20479.97112956,18055.99745466
2021-03-13,56535.666667,18444300,1727.08,26.016167,,,68.84,,,32.73482796,2173.09746924,,,821.26186326,,,,2.771,3.143,20402.62239877,17987.80358479
2021-03-14,56321.333333,18445200,1729.62,26.132333,,,68.81,,,32.56283654,2155.23555945,,,818.50506224,,,,2.771,3.143,20325.27366763,17919.6097146
2021-03-15,56107,18446100,1732.16,26.2485,,,68.78,,,32.39134953,2137.53166848,,,815.74585635,,,,2.853,3.191,19665.96565019,17582.88937637
2021-03-16,56338,18447000,1732.485,25.9605,,,67.95,,,32.51860766,2170.14310202,,,829.10963944,,,,2.853,3.191,19746.93305293,17655.28047634
2021-03-17,58326,18447900,1747.38,26.3835,,,67.73,,,33.37911616,2210.69986924,,,861.15458438,,,,2.853,3.191,20443.74342797,18278.28267001
2021-03-18,57740,18448800,1736.18,26.0595,,,62.11,,,33.25692037,2215.69868954,,,929.64095959,,,,2.853,3.191,20238.34560112,18094.64117831
2021-03-19,58411,18449700,1745,26.24,,,64,,,33.47335244,2226.02896341,,,912.671875,,,,2.853,3.191,20473.53662811,18304.92008775
2021-03-20,57146.666667,18450600,1743.231667,26.089833,,,63.963333,,,32.78202648,2190.38069991,,,893.42853142,,,,2.853,3.191,20030.37738065,17908.70155657
2021-03-21,55882.333333,18451500,1741.463333,25.939667,,,63.926667,,,32.08929656,2154.31961147,,,874.16309899,,,,2.853,3.191,19587.21813284,17512.48302507
2021-03-22,54618,18452400,1739.695,25.7895,,,63.89,,,31.39515835,2117.83865527,,,854.87556738,,,,2.865,3.194,19063.87434555,17100.18785222
2021-03-23,54407,18453300,1727.48,25.0595,,,59.96,,,31.49501007,2171.11275165,,,907.38825884,,,,2.865,3.194,18990.22687609,17034.12648716
2021-03-24,52684,18454200,1734.765,25.1095,,,63.7,,,30.36953132,2098.17001533,,,827.06436421,,,,2.865,3.194,18388.83071553,16494.67752035
2021-03-25,51741,18455100,1727.855,25.0915,,,61.21,,,29.9452211,2062.09274057,,,845.30305506,,,,2.865,3.194,18059.68586387,16199.43644333
2021-03-26,54010,18456000,1732.57,25.07,,,63.77,,,31.17334365,2154.36777024,,,846.94997648,,,,2.865,3.194,18851.65794066,16909.830933
2021-03-27,55185.666667,18456900,1725.783333,24.929167,,,63.866667,,,31.97716979,2213.69878372,,,864.07619591,,,,2.865,3.194,19262.01279825,17277.91692768
2021-03-28,56361.333333,18457800,1718.996667,24.788333,,,63.963333,,,32.787343,2273.70405799,,,881.15066382,,,,2.865,3.194,19672.3676555,17646.00292204
2021-03-29,57537,18457800,1712.21,24.6475,,,64.06,,,33.60393877,2334.39496906,,,898.17358726,,,,2.852,3.161,20174.26367461,18202.15121797
2021-03-30,58754,18458700,1685.195,24.02,,,63.28,,,34.86480793,2446.04496253,,,928.47661188,,,,2.852,3.161,20600.98176718,18587.1559633
2021-03-31,58962,18459600,1707.65,24.416,,,63.52,,,34.52815272,2414.89187418,,,928.24307305,,,,2.852,3.161,20673.91304348,18652.95792471
2021-04-01,58737,18460500,1729.7,24.959,,,63.85,,,33.95791178,2353.33947674,,,919.92169146,,,,2.852,3.161,20595.02103787,18581.77791838
2021-04-02,58719.75,18461400,1729.3575,24.93925,,,63.85,,,33.95466235,2354.51146285,,,919.65152702,,,,2.852,3.161,20588.97265077,18576.32078456
2021-04-03,58702.5,18462300,1729.015,24.9195,,,63.85,,,33.95141164,2355.68530669,,,919.38136257,,,,2.852,3.161,20582.92426367,18570.86365074
2021-04-04,58685.25,18463200,1728.6725,24.89975,,,63.85,,,33.94815964,2356.86101266,,,919.11119812,,,,2.852,3.161,20576.87587658,18565.40651693
2021-04-05,58668,18464100,1728.33,24.88,,,63.85,,,33.94490635,2358.03858521,,,918.84103367,,,,2.857,3.144,20534.82674134,18660.30534351
2021-04-06,57947,18465000,1743.3,25.164,,,61.47,,,33.2398325,2302.77380385,,,942.68748983,,,,2.857,3.144,20282.46412321,18430.97964377
2021-04-07,56224,18465900,1737.7,25.15,,,61.86,,,32.35541233,2235.54671968,,,908.89104429,,,,2.857,3.144,19679.3839692,17882.95165394
2021-04-08,57677,18466800,1755.6,25.45,,,62.09,,,32.85315562,2266.28683694,,,928.92575294,,,,2.857,3.144,20187.95939797,18345.10178117
2021-04-09,58377,18467700,1742.98,25.25,,,61.89,,,33.49263904,2311.96039604,,,943.23800291,,,,2.857,3.144,20432.97164858,18567.7480916
2021-04-10,58923.666667,18468600,1739.603333,25.105333,,,62.053333,,,33.87189801,2347.05776127,,,949.56489552,,,,2.857,3.144,20624.31454918,18741.62425795
2021-04-11,59470.333333,18469500,1736.226667,24.960667,,,62.216667,,,34.25263214,2382.56186555,,,955.85855367,,,,2.857,3.144,20815.65744942,18915.50042398
2021-04-12,60017,18470400,1732.85,24.816,,,62.38,,,34.6348501,2418.48001289,,,962.119269,,,,2.849,3.129,21065.98806599,19180.88846277
2021-04-13,63111,18471300,1745.34,25.343,,,62.83,,,36.15971673,2490.27344829,,,1004.4723858,,,,2.849,3.129,22151.98315198,20169.70278044
2021-04-14,62826,18472200,1736.45,25.422,,,66.11,,,36.18071352,2471.32405004,,,950.32521555,,,,2.849,3.129,22051.94805195,20078.61936721
2021-04-15,63436,18473100,1763.64,25.849,,,66.13,,,35.96879182,2454.0988046,,,959.26205958,,,,2.849,3.129,22266.05826606,20273.56983062
2021-04-16,61831,18474000,1775.98,25.96,,,65.98,,,34.81514431,2381.77966102,,,937.11730828,,,,2.849,3.129,21702.7027027,19760.62639821
2021-04-17,60000,18474900,1774.47,25.915,,,66.166667,,,33.81291315,2315.2614316,,,906.80100299,,,,2.849,3.129,21060.02106002,19175.45541707
2021-04-18,58169,18475800,1772.96,25.87,,,66.353333,,,32.80897482,2248.51178972,,,876.65528422,,,,2.849,3.129,20417.33941734,18590.28443592
2021-04-19,56338,18476700,1771.45,25.825,,,66.54,,,31.80332496,2181.52952565,,,846.67868951,,,,2.855,3.124,19733.09982487,18033.93085787
2021-04-20,57016,18477600,1778.91,25.845,,,65.34,,,32.05108746,2206.07467595,,,872.60483624,,,,2.855,3.124,19970.57793345,18250.9603073
2021-04-21,54837,18478500,1793.65,26.555,,,64.02,,,30.57285424,2065.03483336,,,856.56044986,,,,2.855,3.124,19207.35551664,17553.45710627
2021-04-22,51728,18479400,1784.16,26.155,,,65.07,,,28.99291543,1977.74804053,,,794.95927463,,,,2.855,3.124,18118.38879159,16558.25864277
2021-04-23,50963,18480300,1776.3,26,,,65.75,,,28.69053651,1960.11538462,,,775.1026616,,,,2.855,3.124,17850.43782837,16313.38028169
2021-04-24,51768.333333,18481200,1777.95,26.073333,,,65.666667,,,29.1168668,1985.48966996,,,788.3502498,,,,2.855,3.124,18132.51605359,16571.16944078
2021-04-25,52573.666667,18482100,1779.6,26.146667,,,65.583333,,,29.54240653,2010.72154501,,,801.63151615,,,,2.855,3.124,18414.59427916,16828.95860019
2021-04-26,53379,18483000,1781.25,26.22,,,65.5,,,29.96715789,2035.81235698,,,814.94656489,,,,2.872,3.124,18586.00278552,17086.74775928
2021-04-27,55353,18483900,1776.65,26.263,,,66.25,,,31.15582698,2107.64192971,,,835.51698113,,,,2.872,3.124,19273.32869081,17718.62996159
2021-04-28,54828,18484800,1781.63,26.205,,,67.08,,,30.77406644,2092.27246709,,,817.35241503,,,,2.872,3.124,19090.52924791,17550.57618438
2021-04-29,53353,18485700,1772.03,26.1,,,68.26,,,30.10840674,2044.17624521,,,781.61441547,,,,2.872,3.124,18576.94986072,17078.42509603
2021-04-30,57081,18486600,1767.94,25.87,,,67.73,,,32.28672919,2206.45535369,,,842.77277425,,,,2.872,3.124,19875,18271.76696543
2021-05-01,57099.333333,18487500,1776.291667,26.216833,,,68.025,,,32.14524641,2177.964567,,,839.38748009,,,,2.872,3.124,19881.38347249,18277.63550992
2021-05-02,57117.666667,18488400,1784.643333,26.563667,,,68.32,,,32.00508786,2150.21768896,,,836.03142077,,,,2.872,3.124,19887.76694533,18283.50405474
2021-05-03,57136,18489300,1792.995,26.9105,,,68.615,,,31.86623499,2123.18611694,,,832.70421919,,,,2.89,3.142,19770.24221453,18184.59579885
2021-05-04,54386,18490200,1778.78,26.515,,,68.91,,,30.57488841,2051.14086366,,,789.23233203,,,,2.89,3.142,18818.68512111,17309.35709739
2021-05-05,56825,18491100,1786.86,26.495,,,69.71,,,31.8015961,2144.74429138,,,815.16281739,,,,2.89,3.142,19662.62975779,18085.61425843
2021-05-06,56382,18492000,1814.96,27.308,,,68.62,,,31.06514744,2064.66969386,,,821.65549403,,,,2.89,3.142,19509.34256055,17944.62126034
2021-05-07,57657,18492900,1832.13,27.45,,,68.73,,,31.46992844,2100.43715847,,,838.89131384,,,,2.89,3.142,19950.51903114,18350.4137492
2021-05-08,57026.666667,18493800,1833.47,27.401667,,,68.69,,,31.10313595,2081.13859157,,,830.20332897,,,,2.89,3.142,19732.41061142,18149.79842998
2021-05-09,56396.333333,18494700,1834.81,27.353333,,,68.65,,,30.7368792,2061.77189935,,,821.50521971,,,,2.89,3.142,19514.30219135,17949.18311044
2021-05-10,55766,18495600,1836.15,27.305,,,68.61,,,30.37115704,2042.33656839,,,812.79696837,,,,2.961,3.186,18833.5021952,17503.45260515
2021-05-11,56580,18496500,1837.49,27.62,,,68.83,,,30.79200431,2048.51556843,,,822.02527967,,,,2.961,3.186,19108.40932118,17758.94538606
2021-05-12,54564,18497400,1815.41,27.021,,,69.62,,,30.0560204,2019.31830798,,,783.74030451,,,,2.961,3.186,18427.55825735,17126.17702448
2021-05-13,49598,18498300,1826.5,27.0935,,,67.36,,,27.1546674,1830.6235813,,,736.31235154,,,,2.961,3.186,16750.42215468,15567.48273697
2021-05-14,50193,18499200,1842.74,27.41,,,69.24,,,27.23824305,1831.19299526,,,724.91334489,,,,2.961,3.186,16951.36778116,15754.23728814
2021-05-15,47997.666667,18500100,1850.776667,27.666,,,69.366667,,,25.93379716,1734.89722645,,,691.94137102,,,,2.961,3.186,16209.95159304,15065.18100031
2021-05-16,45802.333333,18501000,1858.813333,27.922,,,69.493333,,,24.64063094,1640.36721342,,,659.08960408,,,,2.961,3.186,15468.53540459,14376.12471218
2021-05-17,43607,18501900,1866.85,28.178,,,69.62,,,23.35859871,1547.55483001,,,626.35736857,,,,3.028,3.249,14401.25495376,13421.6682056
2021-05-18,42996,18502800,1869.55,28.195,,,69.01,,,22.99804766,1524.95123249,,,623.04013911,,,,3.028,3.249,14199.47159841,13233.61034164
2021-05-19,38742,18503700,1869.52,27.735,,,66.88,,,20.72296632,1396.86316928,,,579.27631579,,,,3.028,3.249,12794.58388375,11924.2843952
2021-05-20,40700,18504600,1877.22,27.765,,,65.18,,,21.68099637,1465.87430218,,,624.42467014,,,,3.028,3.249,13441.21532365,12526.9313635
2021-05-21,36187,18505500,1879.9,27.53,,,66.72,,,19.24942816,1314.45695605,,,542.37110312,,,,3.028,3.249,11950.79260238,11137.8885811
2021-05-22,37023.666667,18506400,1880.226667,27.61,,,67.343333,,,19.69106561,1340.95134614,,,549.77478865,,,,3.028,3.249,12227.10259808,11395.40371407
2021-05-23,37860.333333,18507300,1880.553333,27.69,,,67.966667,,,20.13254964,1367.29264475,,,557.04266524,,,,3.028,3.249,12503.41259346,11652.91884672
2021-05-24,38697,18508200,1880.88,27.77,,,68.59,,,20.57388031,1393.48217501,,,564.17845167,,,,3.02,3.253,12813.57615894,11895.78850292
2021-05-25,38007,18509100,1899.16,27.996,,,68.8,,,20.01253186,1357.58679811,,,552.42732558,,,,3.02,3.253,12585.09933775,11683.67660621
2021-05-26,39111,18510000,1896.79,27.68,,,68.93,,,20.61957307,1412.96965318,,,567.40171188,,,,3.02,3.253,12950.66225166,12023.05564095
2021-05-27,39049,18510900,1896.37,27.849,,,69.43,,,20.59144576,1402.1688391,,,562.4225839,,,,3.02,3.253,12930.13245033,12003.9963111
2021-05-28,35813,18511800,1904.85,27.93,,,69.36,,,18.80095546,1282.24131758,,,516.33506344,,,,3.02,3.253,11858.60927152,11009.22225638
2021-05-29,36170.333333,18512700,1905.483333,27.9665,,,69.5275,,,18.98223548,1293.34501396,,,520.23060419,,,,3.02,3.253,11976.93156722,11119.0695767
2021-05-30,36527.666667,18513600,1906.116667,28.003,,,69.695,,,19.16339503,1304.41976456,,,524.10742043,,,,3.02,3.253,12095.25386325,11228.91689733
2021-05-31,36885,18514500,1906.75,28.0395,,,69.8625,,,19.34443425,1315.46568234,,,527.96564681,,,,3.027,3.255,12185.33201189,11331.79723502
2021-06-01,36391,18515400,1900.3,27.893,,,70.03,,,19.15013419,1304.66425268,,,519.64872198,,,,3.027,3.255,12022.1341262,11180.03072197
2021-06-02,37794,18516300,1908.28,28.173,,,70.6,,,19.80526967,1341.49717815,,,535.32577904,,,,3.027,3.255,12485.62933598,11611.05990783
2021-06-03,38773,18517200,1870.59,27.4305,,,70.71,,,20.72768485,1413.49957164,,,548.33828313,,,,3.027,3.255,12809.05186653,11911.82795699
2021-06-04,36866,18518100,1891.53,27.78,,,71.3,,,19.49004245,1327.06983441,,,517.05469846,,,,3.027,3.255,12179.05517014,11325.96006144
2021-06-05,35960,18519000,1894.103333,27.816333,,,71.163333,,,18.98523664,1292.76565678,,,505.31641063,,,,3.027,3.255,11879.74892633,11047.61904762
2021-06-06,35054,18519900,1896.676667,27.852667,,,71.026667,,,18.48180062,1258.55093159,,,493.53294306,,,,3.027,3.255,11580.44268252,10769.27803379
2021-06-07,34148,18520800,1899.25,27.889,,,70.89,,,17.97972884,1224.4254007,,,481.70404853,,,,3.035,3.274,11251.40032949,10430.05497862
2021-06-08,33551,18521700,1892.91,27.609,,,71.39,,,17.72456165,1215.21967474,,,469.9677826,,,,3.035,3.274,11054.69522241,10247.70922419
2021-06-09,36657,18522600,1888.62,27.77,,,71.31,,,19.40941005,1320.02160605,,,514.0513252,,,,3.035,3.274,12078.08896211,11196.39584606
2021-06-10,36615,18523500,1898.33,27.996,,,71.65,,,19.28800577,1307.86540934,,,511.02581996,,,,3.035,3.274,12064.25041186,11183.56750153
2021-06-11,37251,18524400,1876.63,27.9125,,,72.05,,,19.84994378,1334.56336767,,,517.01596114,,,,3.035,3.274,12273.80560132,11377.82529016
2021-06-12,38256.333333,18525300,1873.15,27.895,,,72.123333,,,20.42352899,1371.44052099,,,530.42935957,,,,3.035,3.274,12605.05216903,11684.89106078
2021-06-13,39261.666667,18526200,1869.67,27.8775,,,72.196667,,,20.99924942,1408.36397335,,,543.81550144,,,,3.035,3.274,12936.29873707,11991.9568317
2021-06-14,40267,18527100,1866.19,27.86,,,72.27,,,21.57711701,1445.33381192,,,557.17448457,,,,3.069,3.286,13120.56044314,12254.10833841
2021-06-15,39960,18528000,1858.8,27.66,,,73.38,,,21.49774048,1444.68546638,,,544.5625511,,,,3.069,3.286,13020.52785924,12160.68167985
2021-06-16,38761,18528900,1811.75,26.986,,,73.88,,,21.3942321,1436.33736011,,,524.64807796,,,,3.069,3.286,12629.84685565,11795.80036519
2021-06-17,37747,18529800,1773.29,25.906,,,72.92,,,21.28642241,1457.07558095,,,517.64947888,,,,3.069,3.286,12299.44607364,11487.21850274
2021-06-18,35283,18530700,1762.06,25.7625,,,73.1,,,20.02372223,1369.54876274,,,482.66757866,,,,3.069,3.286,11496.57869013,10737.37066342
2021-06-19,34047,18531600,1769.09,25.826667,,,73.563333,,,19.24548779,1318.28857359,,,462.82568518,,,,3.069,3.286,11093.84164223,10361.22945831
2021-06-20,32811,18532500,1776.12,25.890833,,,74.026667,,,18.47341396,1267.28251656,,,443.23216659,,,,3.069,3.286,10691.10459433,9985.0882532
2021-06-21,31575,18533400,1783.15,25.955,,,74.49,,,17.70742787,1216.5286072,,,423.88240032,,,,3.06,3.287,10318.62745098,9606.02372984
2021-06-22,32464,18534300,1778.7,25.768,,,74.92,,,18.25153202,1259.85718721,,,433.31553657,,,,3.06,3.287,10609.1503268,9876.4831153
2021-06-23,33342,18535200,1778.7,25.88,,,75.22,,,18.74515095,1288.33075734,,,443.25977134,,,,3.06,3.287,10896.07843137,10143.59598418
2021-06-24,34807,18536100,1775.15,25.934,,,75.95,,,19.60792046,1342.13773425,,,458.2883476,,,,3.06,3.287,11374.83660131,10589.29114694
2021-06-25,32173,18537000,1779.39,26.07,,,76.45,,,18.08091537,1234.10049866,,,420.83714846,,,,3.06,3.287,10514.05228758,9787.95254031
2021-06-26,33028.666667,18537900,1779.05,26.079333,,,75.893333,,,18.56533918,1266.46899547,,,435.19852616,,,,3.06,3.287,10793.68191732,10048.27096653
2021-06-27,33884.333333,18538800,1778.71,26.088667,,,75.336667,,,19.04994818,1298.81428334,,,449.77213198,,,,3.06,3.287,11073.31154673,10308.58939246
2021-06-28,34740,18539700,1778.37,26.098,,,74.78,,,19.53474249,1331.13648555,,,464.5627173,,,,3.091,3.3,11239.08120349,10527.27272727
2021-06-29,36246,18540600,1761.17,25.775,,,75.38,,,20.58063674,1406.24636275,,,480.84372513,,,,3.091,3.3,11726.30216758,10983.63636364
2021-06-30,34796,18541500,1770.21,26.138,,,76.94,,,19.65642494,1331.24187007,,,452.24850533,,,,3.091,3.3,11257.1983177,10544.24242424
2021-07-01,33488,18542400,1776.76,26.026,,,76.69,,,18.84779036,1286.71328671,,,436.66710132,,,,3.091,3.3,10834.03429311,10147.87878788
2021-07-02,33320,18543300,1787.97,26.48,,,77.51,,,18.63565944,1258.3081571,,,429.88001548,,,,3.091,3.3,10779.6829505,10096.96969697
2021-07-03,33601.666667,18544200,1789.228333,26.479167,,,77.786667,,,18.77997685,1268.98503518,,,431.97205849,,,,3.091,3.3,10870.80772145,10182.32323242
2021-07-04,33883.333333,18545100,1790.486667,26.478333,,,78.063333,,,18.9240914,1279.66263333,,,434.04927808,,,,3.091,3.3,10961.93249207,10267.67676758
2021-07-05,34165,18546000,1791.745,26.4775,,,78.34,,,19.06800354,1290.34085544,,,436.11182027,,,,3.122,3.331,10943.30557335,10256.67967577
2021-07-06,33763,18546900,1797.02,26.152,,,75.81,,,18.78832734,1291.02936678,,,445.36340852,,,,3.122,3.331,10814.54196028,10135.99519664
2021-07-07,34242,18547800,1803.65,26.14,,,74.31,,,18.9848363,1309.94644223,,,460.79935406,,,,3.122,3.331,10967.96925048,10279.7958571
2021-07-08,32689,18548700,1802.71,25.928,,,75.07,,,18.13325493,1260.76056773,,,435.44691621,,,,3.122,3.331,10470.53171044,9813.56949865
2021-07-09,33457,18549600,1808.33,26.12,,,77.14,,,18.50160092,1280.89586524,,,433.71791548,,,,3.122,3.331,10716.52786675,10044.13089162
2021-07-10,33263,18550500,1807.613333,26.145,,,77.016667,,,18.40161244,1272.2509084,,,431.89352767,,,,3.122,3.331,10654.38821268,9985.89012309
2021-07-11,33069,18551400,1806.896667,26.17,,,76.893333,,,18.30154463,1263.62246848,,,430.063293,,,,3.122,3.331,10592.24855862,9927.64935455
2021-07-12,32875,18552300,1806.18,26.195,,,76.77,,,18.20139742,1255.01049819,,,428.22717207,,,,3.133,3.338,10493.13756783,9848.71180348
2021-07-13,32579,18553200,1807.7,25.981,,,77.5,,,18.02234884,1253.95481313,,,420.37419355,,,,3.133,3.338,10398.65943185,9760.03594967
2021-07-14,32860,18554100,1827.41,26.2455,,,75.74,,,17.98173371,1252.02415652,,,433.85265382,,,,3.133,3.338,10488.34982445,9844.21809467
2021-07-15,31729,18555000,1829.49,26.345,,,74.53,,,17.34308468,1204.36515468,,,425.7211861,,,,3.133,3.338,10127.35397383,9505.39245057
2021-07-16,31911,18555900,1811.01,25.66,,,74.46,,,17.62055428,1243.60872954,,,428.56567284,,,,3.133,3.338,10185.44526013,9559.91611744
2021-07-17,31534.666667,18556800,1811.416667,25.498667,,,72.75,,,17.40884206,1236.71824362,,,433.46620848,,,,3.133,3.338,10065.32609863,9447.17395656
2021-07-18,31158.333333,18557700,1811.823333,25.337333,,,71.04,,,17.1972249,1229.74005721,,,438.60266516,,,,3.133,3.338,9945.2069368,9334.43179539
2021-07-19,30782,18558600,1812.23,25.176,,,69.33,,,16.9857027,1222.6723864,,,443.99249964,,,,3.153,3.344,9762.76562004,9205.14354067
2021-07-20,29695,18559500,1810.27,24.94,,,70.03,,,16.4036304,1190.65757819,,,424.03255748,,,,3.153,3.344,9418.01458928,8880.08373206
2021-07-21,31832,18560400,1803.51,25.262,,,72.54,,,17.65002689,1260.07442008,,,438.8199614,,,,3.153,3.344,10095.78179512,9519.13875598
2021-07-22,32182,18561300,1806.93,25.4285,,,74.25,,,17.81031916,1265.58782468,,,433.42760943,,,,3.153,3.344,10206.78718681,9623.80382775
2021-07-23,32274,18562200,1801.45,25.1865,,,74.86,,,17.91556801,1281.4007504,,,431.12476623,,,,3.153,3.344,10235.96574691,9651.31578947
2021-07-24,33918.333333,18563100,1800.126667,25.187667,,,74.836667,,,18.84219258,1346.62465297,,,453.23147987,,,,3.153,3.344,10757.47964891,10143.04226465
2021-07-25,35562.666667,18564000,1798.803333,25.188833,,,74.813333,,,19.77018055,1411.84256797,,,475.35198929,,,,3.153,3.344,11278.99355122,10634.76874013
2021-07-26,37207,18564900,1797.48,25.19,,,74.79,,,20.6995349,1477.05438666,,,497.48629496,,,,3.136,3.342,11864.47704082,11133.15380012
2021-07-27,38258,18565800,1798.96,24.689,,,74.87,,,21.26673189,1549.59698651,,,510.9923868,,,,3.136,3.342,12199.61734694,11447.63614602
2021-07-28,40103,18566700,1807.15,24.968,,,75.09,,,22.19129569,1606.17590516,,,534.06578772,,,,3.136,3.342,12787.94642857,11999.70077798
2021-07-29,39579,18567600,1828.17,25.513,,,76.3,,,21.64951837,1551.32677459,,,518.72870249,,,,3.136,3.342,12620.85459184,11842.90843806
2021-07-30,39920,18568500,1813.91,25.48,,,77.72,,,22.00770711,1566.71899529,,,513.63870304,,,,3.136,3.342,12729.59183673,11944.94314782
2021-07-31,39688.666667,18569400,1813.716667,25.455333,,,76.45,,,21.88250645,1559.14938009,,,519.14541095,,,,3.136,3.342,12655.82483004,11875.72311999
2021-08-01,39457.333333,18570300,1813.523333,25.430667,,,75.18,,,21.75727911,1551.56501923,,,524.83816617,,,,3.136,3.342,12582.05782302,11806.50309186
2021-08-02,39226,18571200,1813.33,25.406,,,73.91,,,21.63202506,1543.96599229,,,530.72655933,,,,3.159,3.367,12417.22063944,11650.13365013
2021-08-03,38304,18572100,1810.5,25.525,,,73.24,,,21.15658658,1500.64642507,,,522.99290005,,,,3.159,3.367,12125.35612536,11376.2993763
2021-08-04,39833,18573000,1812.08,25.391,,,70.99,,,21.98192133,1568.78421488,,,561.1071982,,,,3.159,3.367,12609.37005381,11830.41283041
2021-08-05,40955,18573900,1804.355,25.1455,,,72.14,,,22.69786156,1628.72084468,,,567.71555309,,,,3.159,3.367,12964.54574232,12163.64716365
2021-08-06,42948,18574800,1760.33,24.3095,,,71.02,,,24.39769816,1766.71671569,,,604.73106167,,,,3.159,3.367,13595.44159544,12755.56875557
2021-08-07,43870,18575700,1750.12,24.022,,,70.563333,,,25.06685256,1826.24261094,,,621.71099543,,,,3.159,3.367,13887.30610953,13029.4030294
2021-08-08,44792,18576600,1739.91,23.7345,,,70.106667,,,25.74386031,1887.2106006,,,638.91213085,,,,3.159,3.367,14179.17062362,13303.23730324
2021-08-09,45714,18577500,1729.7,23.447,,,69.65,,,26.4288605,1949.67373225,,,656.33883704,,,,3.172,3.364,14411.72761665,13589.17954816
2021-08-10,45733,18578400,1729.15,23.341,,,71.14,,,26.44825492,1959.34193051,,,642.85915097,,,,3.172,3.364,14417.71752837,13594.82758621
2021-08-11,46363,18579300,1751.73,23.545,,,71.99,,,26.46697836,1969.12295604,,,644.02000278,,,,3.172,3.364,14616.33039092,13782.10463734
2021-08-12,44260,18580200,1752.66,23.181,,,71.79,,,25.25304394,1909.32228981,,,616.52040674,,,,3.172,3.364,13953.34174023,13156.95600476
2021-08-13,46471,18581100,1778.57,23.72,,,70.9,,,26.12829408,1959.14839798,,,655.44428773,,,,3.172,3.364,14650.37831021,13814.20927467
2021-08-14,46335.333333,18582000,1781.463333,23.761333,,,70.623333,,,26.00970364,1950.03088981,,,656.09100229,,,,3.172,3.364,14607.60823865,13773.88030113
2021-08-15,46199.666667,18582900,1784.356667,23.802667,,,70.346667,,,25.89149777,1940.94496499,,,656.74279447,,,,3.172,3.364,14564.8381674,13733.55132788
2021-08-16,46064,18583800,1787.25,23.844,,,70.07,,,25.77367464,1931.89062238,,,657.39974311,,,,3.174,3.356,14512.91745432,13725.86412396
2021-08-17,44771,18584700,1786.06,23.658,,,69.4,,,25.06690705,1892.42539522,,,645.11527378,,,,3.174,3.356,14105.54505356,13340.58402861
2021-08-18,44625,18585600,1787.74,23.515,,,68.61,,,24.96168347,1897.72485647,,,650.41539134,,,,3.174,3.356,14059.5463138,13297.07985697
2021-08-19,46631,18586500,1780.13,23.245,,,66.8,,,26.19527787,2006.06582061,,,698.06886228,,,,3.174,3.356,14691.55639572,13894.81525626
2021-08-20,48688,18587400,1782.18,23.04,,,65.51,,,27.31935046,2113.19444444,,,743.21477637,,,,3.174,3.356,15339.63453056,14507.74731824
2021-08-21,48977.333333,18588300,1789.953333,23.239333,,,66.696667,,,27.3623521,2107.51889191,,,734.32954803,,,,3.174,3.356,15430.79185035,14593.96106466
2021-08-22,49266.666667,18589200,1797.726667,23.438667,,,67.883333,,,27.40498184,2101.93978467,,,725.75497533,,,,3.174,3.356,15521.94917045,14680.17481138
2021-08-23,49556,18590100,1805.5,23.638,,,69.07,,,27.44724453,2096.45486082,,,717.47502534,,,,3.145,3.324,15757.07472178,14908.54392298
2021-08-24,48200,18591000,1802.95,23.868,,,71.21,,,26.73396378,2019.44025473,,,676.87122595,,,,3.145,3.324,15325.91414944,14500.60168472
2021-08-25,49080,18591900,1790.9,23.839,,,72.12,,,27.40521525,2058.81119174,,,680.53244592,,,,3.145,3.324,15605.72337043,14765.34296029
2021-08-26,47266,18592800,1792.09,23.554,,,70.42,,,26.37479144,2006.70799015,,,671.20136325,,,,3.145,3.324,15028.93481717,14219.61492178
2021-08-27,48328,18593700,1818.45,24.07,,,72.26,,,26.57647997,2007.81055256,,,668.80708552,,,,3.145,3.324,15366.6136725,14539.10950662
2021-08-28,48356,18594600,1815.686667,24.058833,,,72.5575,,,26.63234845,2009.90629928,,,666.45074596,,,,3.145,3.324,15375.51669316,14547.53309266
2021-08-29,48384,18595500,1812.923333,24.047667,,,72.855,,,26.68838727,2012.00390874,,,664.1136504,,,,3.145,3.324,15384.41971383,14555.9566787
2021-08-30,48412,18596400,1810.16,24.0365,,,73.1525,,,26.74459716,2014.10355085,,,661.79556406,,,,3.139,3.339,15422.74609748,14498.95178197
2021-08-31,46979,18597300,1813.47,23.8915,,,73.45,,,25.90558432,1966.3478643,,,639.60517359,,,,3.139,3.339,14966.23128385,14069.78137167
2021-09-01,48445,18598200,1813.83,24.1455,,,71.99,,,26.70867722,2006.37800004,,,672.94068621,,,,3.139,3.339,15433.25899968,14508.83498053
2021-09-02,49831,18599100,1809.565,23.897,,,73.56,,,27.53755737,2085.24082521,,,677.41979337,,,,3.139,3.339,15874.800892,14923.92932016
2021-09-03,50543,18600000,1828.65,24.7095,,,73.07,,,27.63951549,2045.48857727,,,691.70658273,,,,3.139,3.339,16101.62472125,15137.16681641
2021-09-04,51065.333333,18600900,1826.89,24.7045,,,72.856667,,,27.95205696,2067.04581485,,,700.90130987,,,,3.139,3.339,16268.02591048,15293.60087841
2021-09-05,51587.666667,18601800,1825.13,24.6995,,,72.643333,,,28.2652012,2088.61178028,,,710.15005144,,,,3.139,3.339,16434.42710003,15450.0349407
2021-09-06,52110,18602700,1823.37,24.6945,,,72.43,,,28.57894997,2110.18647877,,,719.45326522,,,,3.176,3.373,16407.43073048,15449.15505485
2021-09-07,46516,18603600,1794.4,24.3195,,,71.52,,,25.92287115,1912.70379736,,,650.39149888,,,,3.176,3.373,14646.09571788,13790.69077972
2021-09-08,46066,18604500,1789.23,23.9395,,,72.36,,,25.74627074,1924.26742413,,,636.62244334,,,,3.176,3.373,14504.40806045,13657.27838719
2021-09-09,46468,18605400,1794.5,24.0415,,,71.32,,,25.89467818,1932.82449098,,,651.54234436,,,,3.176,3.373,14630.98236776,13776.46012452
2021-09-10,45656,18606300,1787.9,23.7555,,,72.44,,,25.53610381,1921.91282019,,,630.25952512,,,,3.176,3.373,14375.31486146,13535.724874
2021-09-11,45491.666667,18607200,1789.81,23.752167,,,72.616667,,,25.41703682,1915.2638438,,,626.46315986,,,,3.176,3.373,14323.57262815,13487.00464483
2021-09-12,45327.333333,18608100,1791.72,23.748833,,,72.793333,,,25.29822368,1908.61308145,,,622.68523043,,,,3.176,3.373,14271.83039452,13438.28441536
2021-09-13,45163,18609000,1793.63,23.7455,,,72.97,,,25.17966359,1901.96037144,,,618.92558586,,,,3.165,3.372,14269.51026856,13393.53499407
2021-09-14,46707,18609900,1804.61,23.8595,,,73.05,,,25.88204654,1957.58502902,,,639.38398357,,,,3.165,3.372,14757.34597156,13851.42348754
2021-09-15,48183,18610800,1793.775,23.8465,,,74.84,,,26.86122841,2020.54808882,,,643.81346873,,,,3.165,3.372,15223.69668246,14289.14590747
2021-09-16,47683,18611700,1753.41,22.9065,,,75.14,,,27.19443827,2081.63621679,,,634.58876763,,,,3.165,3.372,15065.71879937,14140.86595492
2021-09-17,47522,18612600,1751.65,22.3935,,,74.64,,,27.129849,2122.13365486,,,636.68274384,,,,3.165,3.372,15014.84992101,14093.1198102
2021-09-18,46179,18613500,1755.798333,22.353833,,,74.29,,,26.3008565,2065.82021079,,,621.60452282,,,,3.165,3.372,14590.52132701,13694.83985765
2021-09-19,44836,18614400,1759.946667,22.314167,,,73.94,,,25.47577199,2009.30646436,,,606.38355423,,,,3.165,3.372,14166.19273302,13296.5599051
2021-09-20,43493,18615300,1764.095,22.2745,,,73.59,,,24.65456792,1952.59152843,,,591.01780133,,,,3.184,3.385,13659.86180905,12848.74446086
2021-09-21,41423,18616200,1774.19,22.4925,,,73.65,,,23.34755579,1841.63610092,,,562.43041412,,,,3.184,3.385,13009.7361809,12237.22304284
2021-09-22,43254,18617100,1768.205,22.6985,,,75.5,,,24.46209574,1905.58847501,,,572.90066225,,,,3.184,3.385,13584.79899497,12778.13884786
2021-09-23,44691,18618000,1742.76,22.5145,,,76.44,,,25.64380638,1984.98745253,,,584.65463108,,,,3.184,3.385,14036.11809045,13202.65878877
2021-09-24,42425,18618900,1746.72,22.3725,,,77.42,,,24.28838051,1896.30126271,,,547.98501679,,,,3.184,3.385,13324.43467337,12533.23485968
2021-09-25,42651.666667,18619800,1747.841667,22.458,,,77.896667,,,24.40247734,1899.17475586,,,547.54161262,,,,3.184,3.385,13395.6239532,12600.19694742
2021-09-26,42878.333333,18620700,1748.963333,22.5435,,,78.373333,,,24.51642783,1902.02645255,,,547.10360899,,,,3.184,3.385,13466.81323273,12667.15903486
2021-09-27,43105,18621600,1750.085,22.629,,,78.85,,,24.63023225,1904.85659994,,,546.6708941,,,,3.175,3.406,13576.37795276,12655.60775103
2021-09-28,41845,18622500,1733.93,22.4585,,,78.3,,,24.13303882,1863.21437318,,,534.41890166,,,,3.175,3.406,13179.52755906,12285.67234292
2021-09-29,41247,18623400,1726.35,21.5345,,,77.86,,,23.89260579,1915.39158095,,,529.75854097,,,,3.175,3.406,12991.18110236,12110.09982384
2021-09-30,43752,18624300,1756.895,22.1755,,,77.81,,,24.90302494,1972.98820771,,,562.29276443,,,,3.175,3.406,13780.15748031,12845.56664709
2021-10-01,48047,18625200,1760.07,22.5015,,,79.4,,,27.29834609,2135.27987023,,,605.12594458,,,,3.175,3.406,15132.91338583,14106.57662948
2021-10-02,48340.666667,18626100,1763.193333,22.5615,,,80.08,,,27.41654347,2142.61758602,,,603.65467866,,,,3.175,3.406,15225.40682425,14192.79702496
2021-10-03,48634.333333,18627000,1766.316667,22.6215,,,80.76,,,27.53432283,2149.91637747,,,602.20818887,,,,3.175,3.406,15317.90026236,14279.01742014
2021-10-04,48928,18627900,1769.44,22.6815,,,81.44,,,27.65168641,2157.17655358,,,600.78585462,,,,3.19,3.477,15337.93103448,14071.90106414
2021-10-05,51779,18628800,1759.96,22.6215,,,82.72,,,29.42055501,2288.92867405,,,625.95502901,,,,3.19,3.477,16231.66144201,14891.86079954
2021-10-06,55102,18629700,1762.65,22.6195,,,81.39,,,31.2608856,2436.03970026,,,677.01191793,,,,3.19,3.477,17273.35423197,15847.56974403
2021-10-07,54301,18630600,1755.17,22.5905,,,82.34,,,30.93774392,2403.70952391,,,659.47291717,,,,3.19,3.477,17022.25705329,15617.19873454
2021-10-08,54693,18631500,1756.88,22.6465,,,82.17,,,31.13075452,2415.07517718,,,665.60788609,,,,3.19,3.477,17145.14106583,15729.93960311
2021-10-09,55510.666667,18632400,1755.986667,22.625167,,,82.696667,,,31.61223699,2453.49201917,,,671.25639619,,,,3.19,3.477,17401.46290502,15965.10401697
2021-10-10,56328.333333,18633300,1755.093333,22.603833,,,83.223333,,,32.09420962,2491.98148531,,,676.83342282,,,,3.19,3.477,17657.78474389,16200.26843054
2021-10-11,57146,18634200,1754.2,22.5825,,,83.75,,,32.57667313,2530.54356249,,,682.34029851,,,,3.267,3.586,17491.8885828,15935.86168433
2021-10-12,55994,18635100,1760.11,22.5625,,,83.53,,,31.81278443,2481.72853186,,,670.34598348,,,,3.267,3.586,17139.27150291,15614.61238148
2021-10-13,57527,18636000,1793.05,23.0915,,,83.53,,,32.08332171,2491.26301886,,,688.69867114,,,,3.267,3.586,17608.50933578,16042.10819855
2021-10-14,57760,18636900,1796.01,23.5185,,,83.86,,,32.16017728,2455.93894168,,,688.76699261,,,,3.267,3.586,17679.82858892,16107.08310095
2021-10-15,61448,18637800,1768.33,23.3225,,,84.67,,,34.74917012,2634.70897202,,,725.73520728,,,,3.267,3.586,18808.69299051,17135.52704964
2021-10-16,61559.333333,18638700,1767.176667,23.2805,,,84.49,,,34.83484956,2644.24446782,,,728.59904525,,,,3.267,3.586,18842.7711457,17166.57371249
2021-10-17,61670.666667,18639600,1766.023333,23.2385,,,84.31,,,34.92064092,2653.81443153,,,731.47511169,,,,3.267,3.586,18876.84930119,17197.62037563
2021-10-18,61782,18640500,1764.87,23.1965,,,84.13,,,35.00654439,2663.41905029,,,734.36348508,,,,3.322,3.671,18597.83263095,16829.74666303
2021-10-19,64107,18641400,1769.54,23.6675,,,85.02,,,36.22805927,2708.65110383,,,754.02258292,,,,3.322,3.671,19297.71222155,17463.08907655
2021-10-20,65820,18642300,1782.04,24.2985,,,85.76,,,36.93519786,2708.80918575,,,767.49067164,,,,3.322,3.671,19813.3654425,17929.7194225
2021-10-21,62555,18643200,1782.83,24.1535,,,84.58,,,35.08747329,2589.89380421,,,739.59564909,,,,3.322,3.671,18830.52378085,17040.31599019
2021-10-22,60994,18644100,1794.13,24.3335,,,85.43,,,33.99642166,2506.58557133,,,713.96464942,,,,3.322,3.671,18360.62612884,16615.09125579
2021-10-23,61604.666667,18645000,1798.663333,24.412833,,,85.236667,,,34.2502488,2523.45422864,,,722.74842313,,,,3.322,3.671,18544.45113396,16781.44011632
2021-10-24,62215.333333,18645900,1803.196667,24.492167,,,85.043333,,,34.50279965,2540.21350308,,,731.57214256,,,,3.322,3.671,18728.27613877,16947.78897657
2021-10-25,62826,18646800,1807.73,24.5715,,,84.85,,,34.75408385,2556.86466028,,,740.43606364,,,,3.383,3.713,18571.09074786,16920.54942095
2021-10-26,60698,18647700,1792.85,24.1555,,,85.11,,,33.85559305,2512.80246735,,,713.17119022,,,,3.383,3.713,17942.06325746,16347.42795583
2021-10-27,58810,18648600,1797,24.0655,,,84.12,,,32.72676683,2443.74727307,,,699.12030433,,,,3.383,3.713,17383.97871711,15838.94424993
2021-10-28,60724,18649500,1798.86,24.0755,,,83.4,,,33.75693495,2522.23214471,,,728.10551559,,,,3.383,3.713,17949.74874372,16354.43037975
2021-10-29,62629,18650400,1782.82,23.8785,,,83.1,,,35.12917737,2622.81969135,,,753.65824308,,,,3.383,3.713,18512.8584097,16867.49259359
2021-10-30,62133.666667,18651300,1785.836667,23.9235,,,83.57,,,34.79246888,2597.18129316,,,743.49248136,,,,3.383,3.713,18366.44004345,16734.08744061
2021-10-31,61638.333333,18652200,1788.853333,23.9685,,,84.04,,,34.45689604,2571.63916528,,,733.44042519,,,,3.383,3.713,18220.02167691,16600.68228737
2021-11-01,61143,18654000,1791.87,24.0135,,,84.51,,,34.12245308,2546.19276657,,,723.50017749,,,,3.39,3.727,18036.28318584,16405.41990877
2021-11-02,62980,18654900,1787.09,23.5165,,,84.42,,,35.24164983,2678.11961814,,,746.03174603,,,,3.39,3.727,18578.17109145,16898.30963241
2021-11-03,62869,18655800,1773.85,23.5905,,,81.1,,,35.44211743,2665.01345881,,,775.20345253,,,,3.39,3.727,18545.42772861,16868.52696539
2021-11-04,61188,18656700,1791.43,23.7745,,,80.15,,,34.15595362,2573.68188605,,,763.41859014,,,,3.39,3.727,18049.55752212,16417.49396297
2021-11-05,60953,18657600,1818.215,24.1635,,,82.43,,,33.5235382,2522.52364103,,,739.45165595,,,,3.39,3.727,17980.2359882,16354.44056882
2021-11-06,62814.666667,18658500,1820.25,24.2615,,,82.693333,,,34.50881289,2589.06772735,,,759.60980636,,,,3.39,3.727,18529.40019676,16853.948663
2021-11-07,64676.333333,18659400,1822.285,24.3595,,,82.956667,,,35.49188702,2655.07639044,,,779.63996954,,,,3.39,3.727,19078.56440501,17353.45675691
2021-11-08,66538,18660300,1824.32,24.4575,,,83.22,,,36.47276794,2720.55606665,,,799.543379,,,,3.41,3.73,19512.60997067,17838.60589812
2021-11-09,67313,18661200,1831.83,24.3085,,,84.52,,,36.7463138,2769.11368451,,,796.41504969,,,,3.41,3.73,19739.88269795,18046.38069705
2021-11-10,65206,18662100,1849.36,24.6395,,,82.91,,,35.25868409,2646.40110392,,,786.46725365,,,,3.41,3.73,19121.9941349,17481.50134048
2021-11-11,65206,18663000,1862,25.2555,,,83.4,,,35.01933405,2581.85345766,,,781.84652278,,,,3.41,3.73,19121.9941349,17481.50134048
2021-11-12,64156,18663900,1866.08,25.3045,,,82.9,,,34.38009089,2535.35932344,,,773.89626055,,,,3.41,3.73,18814.07624633,17200
2021-11-13,64094.333333,18664800,1864.986667,25.2245,,,82.58,,,34.36718046,2540.95555246,,,776.14838136,,,,3.41,3.73,18795.99217977,17183.4673815
2021-11-14,64032.666667,18665700,1863.893333,25.1445,,,82.26,,,34.3542549,2546.58739156,,,778.41802416,,,,3.41,3.73,18777.90811349,17166.93476327
2021-11-15,63971,18666600,1862.8,25.0645,,,81.94,,,34.34131415,2552.25518163,,,780.70539419,,,,3.399,3.734,18820.5354516,17132.02999464
2021-11-16,60621,18667500,1850.43,24.8325,,,82.85,,,32.76049351,2441.19601329,,,731.69583585,,,,3.399,3.734,17834.95145631,16234.86877343
2021-11-17,60017,18668400,1867.43,25.0845,,,80.67,,,32.1388218,2392.59303554,,,743.98165365,,,,3.399,3.734,17657.25213298,16073.1119443
2021-11-18,56693,18669300,1858.91,24.8055,,,82.45,,,30.49798,2285.50119933,,,687.60460885,,,,3.399,3.734,16679.31744631,15182.9137654
2021-11-19,57847,18670200,1846.97,24.5865,,,80.24,,,31.31994564,2352.79523316,,,720.92472582,,,,3.399,3.734,17018.82906737,15491.96572041
2021-11-20,57479.333333,18671100,1832.913333,24.4525,,,80.483333,,,31.35954783,2350.65262583,,,714.17685116,,,,3.399,3.734,16910.65999794,15393.50116042
2021-11-21,57111.666667,18672000,1818.856667,24.3185,,,80.726667,,,31.39976212,2348.48640611,,,707.46964776,,,,3.399,3.734,16802.4909288,15295.0366007
2021-11-22,56744,18672900,1804.8,24.1845,,,80.97,,,31.44060284,2346.29618144,,,700.80276646,,,,3.395,3.724,16713.99116348,15237.37916219
2021-11-23,57607,18673800,1789.12,23.6595,,,83.43,,,32.198511,2434.83590101,,,690.48303967,,,,3.395,3.724,16968.18851252,15469.11922664
2021-11-24,57016,18674700,1788.64,23.5505,,,82.37,,,31.87673316,2421.01016964,,,692.19375986,,,,3.395,3.724,16794.1089838,15310.4189044
2021-11-25,58928,18675600,1788.635,23.6015,,,82.05,,,32.94579386,2496.79045823,,,718.19622182,,,,3.395,3.724,17357.29013255,15823.8453276
2021-11-26,54526,18676500,1791.875,23.1435,,,72.37,,,30.42957796,2355.99628405,,,753.43374326,,,,3.395,3.724,16060.67746686,14641.783029
2021-11-27,55719.333333,18677400,1789.486667,23.0645,,,72.693333,,,31.13704861,2415.80495276,,,766.49853616,,,,3.395,3.724,16412.17476672,14962.22699597
2021-11-28,56912.666667,18678300,1787.098333,22.9855,,,73.016667,,,31.84641025,2476.02474025,,,779.44761115,,,,3.395,3.724,16763.67206686,15282.67096321
2021-11-29,58106,18679200,1784.71,22.9065,,,73.34,,,32.55767043,2536.65990003,,,792.28251977,,,,3.38,3.72,17191.12426036,15619.89247312
2021-11-30,57330,18680100,1774.96,22.8385,,,70.86,,,32.29931942,2510.23491035,,,809.06011854,,,,3.38,3.72,16961.53846154,15411.29032258
2021-12-01,57068,18681000,1781.87,22.3345,,,69.53,,,32.02702779,2555.1501041,,,820.76801381,,,,3.38,3.72,16884.02366864,15340.86021505
2021-12-02,56863,18681900,1768.3,22.3855,,,70.56,,,32.15687383,2540.17109289,,,805.88151927,,,,3.38,3.72,16823.37278107,15285.75268817
2021-12-03,53482,18682800,1782.96,22.5455,,,70.71,,,29.99618612,2372.18070125,,,756.35695093,,,,3.38,3.72,15823.07692308,14376.88172043
2021-12-04,52595.666667,18683700,1781.466667,22.492833,,,71.6,,,29.52380061,2338.33002126,,,734.5763501,,,,3.38,3.72,15560.84812633,14138.62007177
2021-12-05,51709.333333,18684600,1779.973333,22.440167,,,72.49,,,29.05062249,2304.32034365,,,713.33057433,,,,3.38,3.72,15298.61932929,13900.35842285
2021-12-06,50823,18685500,1778.48,22.3875,,,73.38,,,28.57664972,2270.15075377,,,692.60016353,,,,3.341,3.674,15211.91260102,13833.15187806
2021-12-07,50370,18686400,1784.17,22.4995,,,75.54,,,28.2316147,2238.71641592,,,666.79904686,,,,3.341,3.674,15076.32445376,13709.85302123
2021-12-08,50158,18687300,1783.09,22.4325,,,75.94,,,28.12981958,2235.95230135,,,660.49512773,,,,3.341,3.674,15012.87039808,13652.15024496
2021-12-09,47920,18688200,1775.17,21.9615,,,74.1,,,26.9945977,2182.00031874,,,646.69365722,,,,3.341,3.674,14343.01107453,13043.00489929
2021-12-10,48389,18689100,1782.9,22.1765,,,74.98,,,27.14061361,2181.99445359,,,645.35876234,,,,3.341,3.674,14483.38820712,13170.65868263
2021-12-11,47900.666667,18690000,1784.16,22.229167,,,74.693333,,,26.84774161,2154.85657501,,,641.29775367,,,,3.341,3.674,14337.22438402,13037.74269652
2021-12-12,47412.333333,18690900,1785.42,22.281833,,,74.406667,,,26.55528298,2127.8470821,,,637.20544468,,,,3.341,3.674,14191.06056061,12904.82671013
2021-12-13,46924,18691800,1786.68,22.3345,,,74.12,,,26.26323684,2100.96487497,,,633.08148948,,,,3.315,3.649,14155.05279035,12859.41353796
2021-12-14,48347,18692700,1770.7,21.9485,,,73.37,,,27.30389112,2202.74734036,,,658.94779883,,,,3.315,3.649,14584.31372549,13249.38339271
2021-12-15,48709,18693600,1777.13,22.0895,,,73.71,,,27.40879958,2205.0748093,,,660.81942749,,,,3.315,3.649,14693.51432881,13348.58865443
2021-12-16,47854,18694500,1799.23,22.4815,,,74.64,,,26.59693313,2128.59462224,,,641.13076099,,,,3.315,3.649,14435.59577677,13114.27788435
2021-12-17,46157,18695400,1796.14,22.3635,,,72.97,,,25.69788547,2063.94347933,,,632.54762231,,,,3.315,3.649,13923.68024133,12649.2189641
2021-12-18,46374.666667,18696300,1794.393333,22.330833,,,72.15,,,25.84420362,2076.7101105,,,642.75352276,,,,3.315,3.649,13989.34137768,12708.87001014
2021-12-19,46592.333333,18697200,1792.646667,22.298167,,,71.33,,,25.99080688,2089.51405436,,,653.19407448,,,,3.315,3.649,14055.00251373,12768.52105591
2021-12-20,46810,18698100,1790.9,22.2655,,,70.51,,,26.13769613,2102.35566235,,,663.87746419,,,,3.295,3.626,14206.37329287,12909.54219526
2021-12-21,49276,18699000,1788.97,22.5155,,,72.85,,,27.54434116,2188.53678577,,,676.40356898,,,,3.295,3.626,14954.77996965,13589.63044677
2021-12-22,48996,18699900,1803.66,22.7995,,,74.69,,,27.16476498,2148.99449549,,,655.99143125,,,,3.295,3.626,14869.80273141,13512.41036955
2021-12-23,50785,18700800,1808.57,22.8815,,,76.26,,,28.08019596,2219.4786181,,,665.94544978,,,,3.295,3.626,15412.74658574,14005.79150579
2021-12-24,51156,18701700,1809.42,22.926,,,75.24,,,28.27204298,2231.35304894,,,679.90430622,,,,3.295,3.626,15525.3414264,14108.10810811
2021-12-25,51100.333333,18702600,1810.27,22.9705,,,75.24,,,28.22801755,2224.60692336,,,679.16445153,,,,3.295,3.626,15508.44714203,14092.75602124
2021-12-26,51044.666667,18703500,1811.12,23.015,,,75.24,,,28.18403345,2217.88688538,,,678.42459685,,,,3.295,3.626,15491.55285797,14077.40393464
2021-12-27,50989,18704400,1811.97,23.0595,,,75.24,,,28.14009062,2211.19278389,,,677.68474216,,,,3.275,3.615,15569.16030534,14104.84094053
2021-12-28,47730,18705300,1806.15,23.0145,,,75.24,,,26.42637655,2073.90992635,,,634.37001595,,,,3.275,3.615,14574.04580153,13203.31950207
2021-12-29,47310,18706200,1804.38,22.8285,,,78.63,,,26.21953247,2072.40948814,,,601.67874857,,,,3.275,3.615,14445.80152672,13087.13692946
2021-12-30,47019,18707100,1814.69,23.0415,,,78.61,,,25.91021056,2040.62235532,,,598.1300089,,,,3.275,3.615,14356.94656489,13006.63900415
2021-12-31,45933,18708000,1829.5,23.2665,,,77.24,,,25.1068598,1974.21184966,,,594.67892284,,,,3.275,3.615,14025.34351145,12706.22406639
2022-01-01,46028.333333,18708900,1820.106667,23.143833,,,77.576667,,,25.28881091,1988.79473996,,,593.32702877,,,,3.275,3.615,14054.45292611,12732.59566611
2022-01-02,46123.666667,18709800,1810.713333,23.021167,,,77.913333,,,25.47264983,2003.53295152,,,591.9868255,,,,3.275,3.615,14083.56234107,12758.96726611
2022-01-03,46219,18710700,1801.32,22.8985,,,78.25,,,25.65840606,2018.42915475,,,590.65814696,,,,3.281,3.613,14086.86376105,12792.41627456
2022-01-04,46153,18711600,1814.64,23.0495,,,79.39,,,25.43369484,2002.34278401,,,581.34525759,,,,3.281,3.613,14066.7479427,12774.14890673
2022-01-05,43405,18712500,1810.29,22.7965,,,80.6,,,23.97682139,1904.020354,,,538.5235732,,,,3.281,3.613,13229.19841512,12013.56213673
2022-01-06,43191,18713400,1790.98,22.1945,,,81.99,,,24.11584719,1946.02266327,,,526.78375412,,,,3.281,3.613,13163.97439805,11954.3315804
2022-01-07,41916,18714300,1795.81,22.3065,,,82.28,,,23.34099933,1879.09353776,,,509.4312105,,,,3.281,3.613,12775.37336178,11601.43924716
2022-01-08,41811,18715200,1797.786667,22.3605,,,82.04,,,23.25693074,1869.85979741,,,509.64163823,,,,3.281,3.613,12743.3709235,11572.3775256
2022-01-09,41706,18716100,1799.763333,22.4145,,,81.8,,,23.17304683,1860.67054808,,,509.85330073,,,,3.281,3.613,12711.36848522,11543.31580404
2022-01-10,41601,18717000,1801.74,22.4685,,,81.56,,,23.08934696,1851.52546899,,,510.06620893,,,,3.295,3.657,12625.49317147,11375.71780148
2022-01-11,42726,18717900,1821.54,22.7815,,,84.98,,,23.45597681,1875.46913065,,,502.77712403,,,,3.295,3.657,12966.91957511,11683.34700574
2022-01-12,43862,18718800,1826.27,23.1435,,,85.83,,,24.01725922,1895.21895997,,,511.03343819,,,,3.295,3.657,13311.68437026,11993.98414001
2022-01-13,42626,18719700,1822.7,23.0875,,,85.8,,,23.38618533,1846.28045479,,,496.80652681,,,,3.295,3.657,12936.57056146,11656.00218759
2022-01-14,43129,18720600,1816.6,22.9445,,,87.17,,,23.7416052,1879.70973436,,,494.76884249,,,,3.295,3.657,13089.22610015,11793.54662291
2022-01-15,42785.333333,18721500,1817.485,22.971167,,,87.386667,,,23.5409554,1862.566814,,,489.60939697,,,,3.295,3.657,12984.92665645,11699.57159776
2022-01-16,42441.666667,18722400,1818.37,22.997833,,,87.603333,,,23.34050093,1845.46372987,,,484.47547843,,,,3.295,3.657,12880.62721305,11605.59657287
2022-01-17,42098,18723300,1819.255,23.0245,,,87.82,,,23.14024147,1828.40018241,,,479.36688681,,,,3.306,3.725,12733.81730188,11301.47651007
2022-01-18,42486,18724200,1813.81,23.4795,,,88.83,,,23.4236221,1809.49338785,,,478.28436339,,,,3.306,3.725,12851.17967332,11405.63758389
2022-01-19,42003,18725100,1840.56,24.1445,,,89.64,,,22.82077194,1739.65085216,,,468.57429719,,,,3.306,3.725,12705.08166969,11275.97315436
2022-01-20,41201,18726000,1839.6,24.4755,,,89.75,,,22.39671668,1683.35682621,,,459.06406685,,,,3.306,3.725,12462.49243799,11060.67114094
2022-01-21,38441,18726900,1831.78,24.2285,,,89.75,,,20.98559871,1586.60255484,,,428.31197772,,,,3.306,3.725,11627.64670296,10319.73154362
2022-01-22,37757,18727800,1835.576667,24.1465,,,89.08,,,20.56955761,1563.6634709,,,423.85496183,,,,3.306,3.725,11420.75015124,10136.10738255
2022-01-23,37073,18728700,1839.373333,24.0645,,,88.41,,,20.15523403,1540.56805668,,,419.33039249,,,,3.306,3.725,11213.85359952,9952.48322148
2022-01-24,36389,18729600,1843.17,23.9825,,,87.74,,,19.74261734,1517.31470864,,,414.73672213,,,,3.323,3.78,10950.64700572,9626.71957672
2022-01-25,36789,18730500,1848.15,23.8125,,,89.49,,,19.9058518,1544.94488189,,,411.09621187,,,,3.323,3.78,11071.0201625,9732.53968254
2022-01-26,36490,18731400,1819.45,23.5265,,,91.22,,,20.05551128,1551.01693835,,,400.02192502,,,,3.323,3.78,10981.04122781,9653.43915344
2022-01-27,36719,18732300,1797.2,22.7765,,,90.7,,,20.43122635,1612.14409589,,,404.8401323,,,,3.323,3.78,11049.95486007,9714.02116402
2022-01-28,37780,18733200,1788.87,22.4075,,,91.47,,,21.11947766,1686.04261966,,,413.03159506,,,,3.323,3.78,11369.24465844,9994.70899471
2022-01-29,37999.333333,18734100,1791.696667,22.427833,,,91.763333,,,21.20857511,1694.2935741,,,414.10149447,,,,3.323,3.78,11435.24927265,10052.73368598
2022-01-30,38218.666667,18735000,1794.523333,22.448167,,,92.056667,,,21.29739188,1702.52950573,,,415.16457105,,,,3.323,3.78,11501.25388715,10110.75837751
2022-01-31,38438,18735900,1797.35,22.4685,,,92.35,,,21.38592928,1710.7506064,,,416.22089875,,,,3.368,3.846,11412.70783848,9994.27977119
2022-02-01,38710,18736800,1801.11,22.6405,,,90.24,,,21.49230197,1709.76789382,,,428.96719858,,,,3.368,3.846,11493.46793349,10065.0026001
2022-02-02,37074,18737700,1806.9,22.6545,,,91.43,,,20.51801428,1636.49606039,,,405.49053921,,,,3.368,3.846,11007.71971496,9639.62558502
2022-02-03,36959,18738600,1804.86,22.4225,,,92.99,,,20.47748856,1648.29969896,,,397.45133885,,,,3.368,3.846,10973.57482185,9609.72438898
2022-02-04,40575,18739500,1808.13,22.5035,,,96.86,,,22.44031126,1803.05285844,,,418.90357217,,,,3.368,3.846,12047.20902613,10549.92199688
2022-02-05,41753.666667,18740400,1812.266667,22.6725,,,97,,,23.03947174,1841.59958836,,,430.45017182,,,,3.368,3.846,12397.16943795,10856.38758892
2022-02-06,42932.333333,18741300,1816.403333,22.8415,,,97.14,,,23.63590319,1879.57591809,,,441.96348912,,,,3.368,3.846,12747.12984947,11162.85318071
2022-02-07,44111,18742200,1820.54,23.0105,,,97.28,,,24.22962418,1916.99441559,,,453.44366776,,,,3.444,3.951,12808.07200929,11164.51531258
2022-02-08,44111,18743100,1826.03,23.1895,,,96.07,,,24.15677727,1902.19711507,,,459.15478297,,,,3.444,3.951,12808.07200929,11164.51531258
2022-02-09,44611,18744000,1832.99,23.3135,,,94.95,,,24.33783054,1913.52649752,,,469.83675619,,,,3.444,3.951,12953.25203252,11291.06555302
2022-02-10,43941,18744900,1826.68,23.1965,,,96.37,,,24.05511639,1894.29439786,,,455.96139878,,,,3.444,3.951,12758.71080139,11121.48823083
2022-02-11,42353,18745800,1861.27,23.6125,,,97.5,,,22.75489316,1793.66860773,,,434.38974359,,,,3.444,3.951,12297.61904762,10719.56466717
2022-02-12,42466.333333,18746700,1864.653333,23.6925,,,98.886667,,,22.77438523,1792.39562448,,,429.44448045,,,,3.444,3.951,12330.52651945,10748.24938826
2022-02-13,42579.666667,18747600,1868.036667,23.7725,,,100.273333,,,22.79380668,1791.13120904,,,424.63599636,,,,3.444,3.951,12363.43399158,10776.93410959
2022-02-14,42693,18748500,1871.42,23.8525,,,101.66,,,22.81315792,1789.87527513,,,419.95868582,,,,3.487,4.019,12243.47576714,10622.79173924
2022-02-15,44172,18749400,1853.55,23.3655,,,98.43,,,23.83102695,1890.47955319,,,448.76562024,,,,3.487,4.019,12667.62259822,10990.79372978
2022-02-16,44039,18750300,1869.61,23.5895,,,97.44,,,23.55517996,1866.88992984,,,451.96018062,,,,3.487,4.019,12629.48092917,10957.70092063
2022-02-17,40732,18751200,1898.4,23.8345,,,95.28,,,21.45596292,1708.95131008,,,427.49790092,,,,3.487,4.019,11681.10123315,10134.85941777
2022-02-18,40067,18752100,1897.03,23.9265,,,96.18,,,21.12091005,1674.58675527,,,416.58348929,,,,3.487,4.019,11490.39288787,9969.39537198
2022-02-19,39245,18753000,1899.378333,23.936833,,,97.103333,,,20.66202363,1639.52349085,,,404.15708491,,,,3.487,4.019,11254.66016633,9764.86688231
2022-02-20,38423,18753900,1901.726667,23.947167,,,98.026667,,,20.2042705,1604.49041843,,,391.96477016,,,,3.487,4.019,11018.92744479,9560.33839263
2022-02-21,37601,18754800,1904.075,23.9575,,,98.95,,,19.7476465,1569.48763435,,,380,,,,3.53,4.055,10651.84135977,9272.74969174
2022-02-22,37913,18755700,1898.49,24.1055,,,98.73,,,19.97008149,1572.79459045,,,384.00688747,,,,3.53,4.055,10740.2266289,9349.69173859
2022-02-23,37651,18756600,1909.19,24.5515,,,99.29,,,19.72092877,1533.55192147,,,379.20233659,,,,3.53,4.055,10666.00566572,9285.08014797
2022-02-24,37859,18757500,1904.1,24.2225,,,101.29,,,19.8828843,1562.96831458,,,373.7683878,,,,3.53,4.055,10724.92917847,9336.37484587
2022-02-25,39156,18758400,1890.79,24.2475,,,98.56,,,20.70880426,1614.84689143,,,397.28084416,,,,3.53,4.055,11092.35127479,9656.22688039
2022-02-26,40473,18759300,1896.8,24.315833,,,100.066667,,,21.33751582,1664.4710465,,,404.46035841,,,,3.53,4.055,11465.43909348,9981.01109741
2022-02-27,41790,18760200,1902.81,24.384167,,,101.573333,,,21.96225582,1713.81700265,,,411.42688505,,,,3.53,4.055,11838.52691218,10305.79531443
2022-02-28,43107,18761100,1908.82,24.4525,,,103.08,,,22.58306179,1762.88723034,,,418.18975553,,,,3.608,4.104,11947.61640798,10503.65497076
2022-03-01,44156,18762000,1945.135,25.3745,,,110.93,,,22.700738,1740.17222014,,,398.05282611,,,,3.608,4.104,12238.35920177,10759.25925926
2022-03-02,44082,18762900,1928.67,25.3005,,,118.94,,,22.85616513,1742.33710796,,,370.62384395,,,,3.608,4.104,12217.84922395,10741.22807018
2022-03-03,42510,18763800,1936.31,25.1835,,,115.36,,,21.95412925,1688.01000655,,,368.49861304,,,,3.608,4.104,11782.15077605,10358.1871345
2022-03-04,39502,18764700,1967.46,25.5905,,,123.86,,,20.07766359,1543.61970262,,,318.92459228,,,,3.608,4.104,10948.44789357,9625.24366472
2022-03-05,39062.333333,18765600,1977.54,25.618833,,,125.58,,,19.75299278,1524.75069153,,,311.05536975,,,,3.608,4.104,10826.58906125,9518.11241058
2022-03-06,38622.666667,18766500,1987.62,25.647167,,,127.3,,,19.43161503,1505.9233118,,,303.3987955,,,,3.608,4.104,10704.73022921,9410.98115668
2022-03-07,38183,18767400,1997.7,25.6755,,,129.02,,,19.1134805,1487.13754357,,,295.9463649,,,,4.102,4.849,9308.3861531,7874.40709425
2022-03-08,38574,18768300,2050.01,26.412,,,133.18,,,18.81649358,1460.47251249,,,289.6380838,,,,4.102,4.849,9403.70550951,7955.04227676
2022-03-09,41899,18769200,1991.97,25.7795,,,116.58,,,21.03395131,1625.28365562,,,359.40126951,,,,4.102,4.849,10214.28571429,8640.75067024
2022-03-10,39457,18770100,1996.87,25.9175,,,114.54,,,19.7594235,1522.40763963,,,344.48227693,,,,4.102,4.849,9618.96635787,8137.1416787
2022-03-11,38401,18771000,1982.68,25.8215,,,118.11,,,19.36822886,1487.17154309,,,325.12911692,,,,4.102,4.849,9361.53096051,7919.36481749
2022-03-12,38716.333333,18771900,1973.023333,25.581167,,,115.536667,,,19.62284616,1513.47017644,,,335.09996729,,,,4.102,4.849,9438.40403047,7984.39540792
2022-03-13,39031.666667,18772800,1963.366667,25.340833,,,112.963333,,,19.87996808,1540.26770418,,,345.52509766,,,,4.102,4.849,9515.27710068,8049.42599856
2022-03-14,39347,18773700,1953.71,25.1005,,,110.39,,,20.13963178,1567.57833509,,,356.4362714,,,,4.315,5.25,9118.65585168,7494.66666667
2022-03-15,39488,18774600,1916.26,24.8815,,,105.14,,,20.60680701,1587.04258184,,,375.57542325,,,,4.315,5.25,9151.33256083,7521.52380952
2022-03-16,40890,18775500,1925.71,25.0625,,,104.61,,,21.23372678,1631.52119701,,,390.88041296,,,,4.315,5.25,9476.24565469,7788.57142857
2022-03-17,41010,18776400,1941.27,25.3345,,,113.5,,,21.12534578,1618.74124218,,,361.3215859,,,,4.315,5.25,9504.05561993,7811.42857143
2022-03-18,41755,18777300,1921.13,24.9715,,,114.32,,,21.73460411,1672.10620107,,,365.246676,,,,4.315,5.25,9676.70915411,7953.33333333
2022-03-19,41558.666667,18778200,1926.166667,25.0575,,,116.976667,,,21.57584148,1658.53204298,,,355.27313038,,,,4.315,5.25,9631.20896107,7915.936508
2022-03-20,41362.333333,18779100,1931.203333,25.1435,,,119.633333,,,21.41790697,1645.05074206,,,345.74254763,,,,4.315,5.25,9585.70876779,7878.53968248
2022-03-21,41166,18780000,1936.24,25.2295,,,122.29,,,21.26079412,1631.66134882,,,336.62605283,,,,4.239,5.134,9711.25265393,8018.30931048
2022-03-22,42544,18780900,1920.87,24.7795,,,121.53,,,22.14829739,1716.90308521,,,350.06994158,,,,4.239,5.134,10036.32932295,8286.71601091
2022-03-23,42510,18781800,1945.21,25.1505,,,127.52,,,21.85368161,1690.22484642,,,333.35947302,,,,4.239,5.134,10028.30856334,8280.09349435
2022-03-24,43973,18782700,1958.42,25.5475,,,123.98,,,22.45330419,1721.2251688,,,354.6781739,,,,4.239,5.134,10373.4371314,8565.05648617
2022-03-25,44543,18783600,1958.16,25.5245,,,122.67,,,22.74737509,1745.10764168,,,363.11241542,,,,4.239,5.134,10507.90280727,8676.08102844
2022-03-26,45583.333333,18784500,1946.366667,25.307833,,,119.946667,,,23.41970509,1801.15513379,,,380.03001228,,,,4.239,5.134,10753.32232437,8878.71704967
2022-03-27,46623.666667,18785400,1934.573333,25.091167,,,117.223333,,,24.10023227,1858.17051343,,,397.7336719,,,,4.239,5.134,10998.74184171,9081.35307109
2022-03-28,47664,18785400,1922.78,24.8745,,,114.5,,,24.78910744,1916.17921968,,,416.27947598,,,,4.231,5.185,11265.42188608,9192.67116683
2022-03-29,47308,18786300,1919.48,24.7775,,,112.79,,,24.64625836,1909.31288467,,,419.43434702,,,,4.231,5.185,11181.28102104,9124.01157184
2022-03-30,47001,18787200,1932.71,24.8665,,,115.59,,,24.31870275,1890.13331189,,,406.61821957,,,,4.231,5.185,11108.72134247,9064.80231437
2022-03-31,45775,18788100,1937.27,24.7925,,,107.29,,,23.6286114,1846.32449329,,,426.64740423,,,,4.231,5.185,10818.95532971,8828.35101254
2022-04-01,46356,18789000,1922.73,24.6035,,,106.13,,,24.10946935,1884.12217774,,,436.78507491,,,,4.231,5.185,10956.27511227,8940.40501446
2022-04-02,46397.666667,18789900,1926.066667,24.580833,,,106.803333,,,24.08933578,1887.55469219,,,434.42152378,,,,4.231,5.185,10966.12306003,8948.44101581
2022-04-03,46439.333333,18790800,1929.403333,24.558167,,,107.476667,,,24.06927185,1890.99346596,,,432.08758356,,,,4.231,5.185,10975.97100756,8956.47701697
2022-04-04,46481,18791700,1932.74,24.5355,,,108.15,,,24.04927719,1894.4386705,,,429.7827092,,,,4.17,5.144,11146.52278177,9035.96423017
2022-04-05,45960,18792600,1923.495,24.3295,,,106.6,,,23.89400544,1889.06471567,,,431.14446529,,,,4.17,5.144,11021.58273381,8934.68118196
2022-04-06,43863,18793500,1925.355,24.4585,,,100.81,,,22.78177271,1793.36427009,,,435.10564428,,,,4.17,5.144,10518.70503597,8527.02177294
2022-04-07,43499,18794400,1931.575,24.5905,,,99.83,,,22.51996428,1768.93515789,,,435.73074226,,,,4.17,5.144,10431.41486811,8456.25972006
2022-04-08,42741,18795300,1944.185,24.7265,,,101.26,,,21.98401901,1728.55034073,,,422.09164527,,,,4.17,5.144,10249.64028777,8308.90357698
2022-04-09,41644.666667,18796200,1947.378333,24.848167,,,100.146667,,,21.38499025,1675.9653405,,,415.83677135,,,,4.17,5.144,9986.73061559,8095.77501302
2022-04-10,40548.333333,18797100,1950.571667,24.969833,,,99.033333,,,20.78792285,1623.89285235,,,409.44126694,,,,4.17,5.144,9723.82094317,7882.64644887
2022-04-11,39452,18798000,1953.765,25.0915,,,97.92,,,20.19280722,1572.32528944,,,402.9003268,,,,4.091,5.073,9643.60791982,7776.85787502
2022-04-12,39712,18798900,1966.615,25.3755,,,104.42,,,20.19307287,1564.97408918,,,380.31028539,,,,4.091,5.073,9707.16206307,7828.10959984
2022-04-13,41220,18799800,1978.185,25.7405,,,108.49,,,20.83728266,1601.3674948,,,379.94285188,,,,4.091,5.073,10075.77609386,8125.36960378
2022-04-14,39973,18800700,1973.495,25.65,,,110.83,,,20.25492844,1558.40155945,,,360.66949382,,,,4.091,5.073,9770.96064532,7879.55844668
2022-04-15,40181,18801600,1974.805,25.704375,,,110.83,,,20.34681905,1563.19692659,,,362.54624199,,,,4.091,5.073,9821.80395991,7920.55982653
2022-04-16,40389,18802500,1976.115,25.75875,,,110.83,,,20.43858784,1567.97204833,,,364.42299017,,,,4.091,5.073,9872.64727451,7961.56120639
2022-04-17,40597,18803400,1977.425,25.813125,,,110.83,,,20.53023503,1572.72705261,,,366.29973834,,,,4.091,5.073,9923.4905891,8002.56258624
2022-04-18,40805,18804300,1978.735,25.8675,,,110.83,,,20.62176087,1577.4620663,,,368.17648651,,,,4.066,5.101,10035.66158387,7999.41188002
2022-04-19,41293,18805200,1950.145,25.1815,,,105.49,,,21.17432293,1639.81494351,,,391.43994691,,,,4.066,5.101,10155.68125922,8095.0793962
2022-04-20,41504,18806100,1957.625,25.1955,,,105.05,,,21.20120043,1647.27828382,,,395.08805331,,,,4.066,5.101,10207.5750123,8136.44383454
2022-04-21,40737,18807000,1951.395,24.6565,,,107.2,,,20.87583498,1652.18096648,,,380.00932836,,,,4.066,5.101,10018.93753074,7986.08116056
2022-04-22,39516,18807900,1932.645,24.1715,,,105.15,,,20.44659004,1634.81786401,,,375.80599144,,,,4.066,5.101,9718.64240039,7746.71633013
2022-04-23,39755.666667,18808800,1921.145,23.9915,,,103.19,,,20.69373559,1657.07299114,,,385.26666021,,,,4.066,5.101,9777.58648967,7793.70058165
2022-04-24,39995.333333,18809700,1909.645,23.8115,,,101.23,,,20.9438578,1679.66458783,,,395.09368105,,,,4.066,5.101,9836.5305787,7840.68483297
2022-04-25,40235,18810600,1898.145,23.6315,,,99.27,,,21.19701077,1702.60034276,,,405.3087539,,,,4.107,5.16,9796.68858047,7797.48062016
2022-04-26,38335,18811500,1905.315,23.5145,,,102.89,,,20.12003265,1630.27068405,,,372.58236952,,,,4.107,5.16,9334.06379352,7429.26356589
2022-04-27,39234,18812400,1885.955,23.3095,,,103.3,,,20.80325352,1683.17638731,,,379.80638916,,,,4.107,5.16,9552.95836377,7603.48837209
2022-04-28,39836,18813300,1894.545,23.1575,,,105.78,,,21.02668451,1720.22023103,,,376.59292872,,,,4.107,5.16,9699.53737521,7720.15503876
2022-04-29,38322,18814200,1896.395,22.7695,,,108.36,,,20.20781535,1683.04090999,,,353.65448505,,,,4.107,5.16,9330.89846603,7426.74418605
2022-04-30,38427.333333,18815100,1885.225,22.726833,,,107.505,,,20.38342019,1690.83538093,,,357.44694045,,,,4.107,5.16,9356.54573484,7447.15762267
2022-05-01,38532.666667,18816000,1874.055,22.684167,,,106.65,,,20.56111836,1698.65909852,,,361.30020316,,,,4.107,5.16,9382.1930039,7467.5710595
2022-05-02,38638,18816900,1862.885,22.6415,,,105.795,,,20.74094751,1706.51237771,,,365.21574744,,,,4.182,5.509,9239.12003826,7013.61408604
2022-05-03,37791,18817800,1868.295,22.5735,,,104.94,,,20.22753366,1674.13117151,,,360.12006861,,,,4.182,5.509,9036.58536585,6859.86567435
2022-05-04,39750,18818700,1881.335,22.9795,,,110.53,,,21.12861346,1729.80265019,,,359.63086945,,,,4.182,5.509,9505.0215208,7215.46560174
2022-05-05,36454,18819600,1877.165,22.5205,,,112.11,,,19.41971004,1618.70295953,,,325.16278655,,,,4.182,5.509,8716.8818747,6617.17190053
2022-05-06,36000,18820500,1880.915,22.3735,,,113.86,,,19.13962088,1609.04641652,,,316.17776216,,,,4.182,5.509,8608.32137733,6534.76129969
2022-05-07,34275.333333,18821400,1871.898333,22.181833,,,111.463333,,,18.31046736,1545.19842129,,,307.50321573,,,,4.182,5.509,8195.91901793,6221.69782774
2022-05-08,32550.666667,18822300,1862.881667,21.990167,,,109.066667,,,17.47328735,1480.23735641,,,298.44743185,,,,4.182,5.509,7783.51665878,5908.63435596
2022-05-09,30826,18823200,1853.865,21.7985,,,106.67,,,16.62796374,1414.13400005,,,288.98471923,,,,4.328,5.623,7122.45841035,5482.12697848
2022-05-10,30282,18824100,1838.325,21.2735,,,102.61,,,16.47260414,1423.46111359,,,295.11743495,,,,4.328,5.623,6996.76524954,5385.38146897
2022-05-11,28870,18825000,1852.525,21.5755,,,107.7,,,15.58413517,1338.09181711,,,268.05942433,,,,4.328,5.623,6670.51756007,5134.26996265
2022-05-12,28407,18825900,1821.805,20.6865,,,108.06,,,15.59277749,1373.2144152,,,262.88173237,,,,4.328,5.623,6563.53974122,5051.92957496
2022-05-13,30041,18826800,1809.765,21.0455,,,112.12,,,16.59939274,1427.43104227,,,267.93613985,,,,4.328,5.623,6941.08133087,5342.52178552
2022-05-14,30061,18827700,1814.508333,21.237833,,,113.033333,,,16.56702229,1415.44572838,,,265.94809869,,,,4.328,5.623,6945.70240296,5346.07860573
2022-05-15,30081,18828600,1819.251667,21.430167,,,113.946667,,,16.53482063,1403.67548232,,,263.99192528,,,,4.328,5.623,6950.32347505,5349.63542593
2022-05-16,30101,18829500,1823.995,21.6225,,,114.86,,,16.50278647,1392.11469534,,,262.06686401,,,,4.491,5.613,6702.5161434,5362.72937823
2022-05-17,30523,18830400,1815.065,21.6325,,,112.89,,,16.81647765,1410.97885127,,,270.37824431,,,,4.491,5.613,6796.48185259,5437.91199002
2022-05-18,29118,18831300,1816.615,21.4125,,,110.04,,,16.02871274,1359.85989492,,,264.61286805,,,,4.491,5.613,6483.63393454,5187.60021379
2022-05-19,30244,18832200,1842.135,21.9285,,,113.22,,,16.4179064,1379.20970427,,,267.12594948,,,,4.491,5.613,6734.3576041,5388.20595047
2022-05-20,29277.4,18833100,1844.705,21.7625,,,113.63,,,15.87104713,1345.31418725,,,257.65554871,,,,4.491,5.613,6519.12714318,5215.99857474
2022-05-21,29281.6,18834000,1847.661667,21.7745,,,114.13,,,15.84792309,1344.76566626,,,256.56356786,,,,4.491,5.613,6520.06234692,5216.7468377
2022-05-22,29285.8,18834900,1850.618333,21.7865,,,114.63,,,15.82487295,1344.21774952,,,255.48111315,,,,4.491,5.613,6520.99755066,5217.49510066
2022-05-23,29290,18835800,1853.575,21.7985,,,115.13,,,15.80189634,1343.67043604,,,254.40806045,,,,4.593,5.571,6377.09558023,5257.58391671
2022-05-24,29545,18836700,1866.535,22.1115,,,115.77,,,15.82879507,1336.18252945,,,255.20428436,,,,4.593,5.571,6432.61484868,5303.35666846
2022-05-25,29790.9,18837600,1853.305,21.9905,,,116.41,,,16.07447236,1354.71680953,,,255.91358131,,,,4.593,5.571,6486.15284128,5347.49596123
2022-05-26,29548,18838500,1850.815,22.0145,,,119.81,,,15.96485872,1342.20627314,,,246.62382105,,,,4.593,5.571,6433.26801655,5303.89517142
2022-05-27,28819.6,18839400,1853.495,22.0795,,,121.19,,,15.54878756,1305.26506488,,,237.80509943,,,,4.593,5.571,6274.67885913,5173.14665231
2022-05-28,29805.666667,18840300,1854.068333,22.047167,,,121.796667,,,16.07581886,1351.90460829,,,244.71660351,,,,4.593,5.571,6489.36787873,5350.14659253
2022-05-29,30791.733333,18841200,1854.641667,22.014833,,,122.403333,,,16.60252429,1398.68121339,,,251.55959873,,,,4.593,5.571,6704.05689811,5527.14653258
2022-05-30,31777.8,18842100,1855.215,21.9825,,,123.01,,,17.1289042,1445.59535995,,,258.33509471,,,,4.624,5.539,6872.3615917,5737.10055967
2022-05-31,31672.4,18843000,1837.635,21.5595,,,125.53,,,17.235414,1469.06931979,,,252.30940811,,,,4.624,5.539,6849.56747405,5718.07185413
2022-06-01,29550.1,18843900,1846.405,21.8355,,,122.2,,,16.00412694,1353.30539717,,,241.81751227,,,,4.624,5.539,6390.59256055,5334.91604983
2022-06-02,30330,18844800,1868.645,22.3095,,,123.94,,,16.23101231,1359.51052242,,,244.71518477,,,,4.624,5.539,6559.25605536,5475.71763856
2022-06-03,29531.9,18845700,1850.775,21.9255,,,125.68,,,15.95650471,1346.92025267,,,234.97692553,,,,4.624,5.539,6386.65657439,5331.63025817
2022-06-04,30180.766667,18846600,1847.751667,21.9785,,,125.45,,,16.33377862,1373.19501636,,,240.58004517,,,,4.624,5.539,6526.98241068,5448.7753506
2022-06-05,30829.633333,18847500,1844.728333,22.0315,,,125.22,,,16.71228917,1399.34336441,,,246.20374807,,,,4.624,5.539,6667.30824676,5565.92044286
2022-06-06,31478.5,18848400,1841.705,22.0845,,,124.99,,,17.09204243,1425.36620707,,,251.84814785,,,,4.876,5.703,6455.80393765,5519.6387866
2022-06-07,31385.5,18849300,1852.415,22.2305,,,126.89,,,16.94301763,1411.82159646,,,247.34415636,,,,4.876,5.703,6436.73092699,5503.33157987
2022-06-08,30386.4,18850200,1853.165,22.0475,,,129.2,,,16.39702887,1378.22428847,,,235.18885449,,,,4.876,5.703,6231.82936833,5328.14308259
2022-06-09,30120.7,18851100,1847.945,21.6895,,,128.47,,,16.29956519,1388.72265382,,,234.45707169,,,,4.876,5.703,6177.33798195,5281.5535683
2022-06-10,28945.4,18852000,1871.945,21.8765,,,127.44,,,15.46274063,1323.12755697,,,227.12962963,,,,4.876,5.703,5936.3002461,5075.46905138
2022-06-11,26968.833333,18852900,1854.471667,21.615167,,,127.773333,,,14.54259659,1247.68100718,,,211.06777682,,,,4.876,5.703,5530.93382547,4728.8853819
2022-06-12,24992.266667,18853800,1836.998333,21.353833,,,128.106667,,,13.60494793,1170.38784873,,,195.08950824,,,,4.876,5.703,5125.56740505,4382.30171261
2022-06-13,23015.7,18854700,1819.525,21.0925,,,128.44,,,12.64929034,1091.17932915,,,179.19417627,,,,5.006,5.718,4597.62285258,4025.13116474
2022-06-14,21474.9,18855600,1808.255,21.0365,,,127.02,,,11.87603518,1020.83996863,,,169.06707605,,,,5.006,5.718,4289.83220136,3755.66631689
2022-06-15,22192.8,18856500,1833.89,21.6805,,,124.96,,,12.10148918,1023.62952884,,,177.59923175,,,,5.006,5.718,4433.24011187,3881.21720881
2022-06-16,20985.9,18857400,1856.725,21.9505,,,125.78,,,11.30264309,956.05567071,,,166.84608046,,,,5.006,5.718,4192.1494207,3670.14690451
2022-06-17,20512.6,18858300,1837.115,21.6585,,,119.22,,,11.1656592,947.09236558,,,172.0567019,,,,5.006,5.718,4097.60287655,3587.37320742
2022-06-18,20471.066667,18859200,1837.01,21.6395,,,118.896667,,,11.1436882,946.00460579,,,172.17527777,,,,5.006,5.718,4089.306166,3580.10959549
2022-06-19,20429.533333,18860100,1836.905,21.6205,,,118.573333,,,11.1217147,944.91493411,,,172.29450177,,,,5.006,5.718,4081.00945525,3572.84598339
2022-06-20,20388,18861000,1836.8,21.6015,,,118.25,,,11.09973868,943.8233456,,,172.41437632,,,,4.962,5.81,4108.82708585,3509.1222031
2022-06-21,20964.9,18861900,1833.125,21.6905,,,118.51,,,11.43669962,966.54756691,,,176.90405873,,,,4.962,5.81,4225.09068924,3608.41652324
2022-06-22,19983,18862800,1837.935,21.4235,,,115.54,,,10.87252814,932.76075338,,,172.95308984,,,,4.962,5.81,4027.20677146,3439.41480207
2022-06-23,20673.8,18863700,1822.665,20.9595,,,114.5,,,11.34262193,986.36894964,,,180.55720524,,,,4.962,5.81,4166.4248287,3558.31325301
2022-06-24,21230.9,18864600,1823.795,21.1455,,,117.36,,,11.64105615,1004.03868435,,,180.9040559,,,,4.962,5.81,4278.6981056,3654.19965577
2022-06-25,21081.933333,18865500,1823.455,21.1475,,,118.136667,,,11.561532,996.8995547,,,178.45376773,,,,4.962,5.81,4248.67660883,3628.55995404
2022-06-26,20932.966667,18866400,1823.115,21.1495,,,118.913333,,,11.48197819,989.76177531,,,176.03548853,,,,4.962,5.81,4218.65511225,3602.9202525
2022-06-27,20784,18867300,1822.775,21.1515,,,119.69,,,11.4023947,982.62534572,,,173.6485922,,,,4.872,5.783,4266.00985222,3593.9823621
2022-06-28,20370,18868200,1819.945,20.8605,,,122.21,,,11.19264593,976.48666139,,,166.68030439,,,,4.872,5.783,4181.03448276,3522.39322151
2022-06-29,20270.8,18869100,1817.915,20.7485,,,120.8,,,11.15057635,976.97664891,,,167.80463576,,,,4.872,5.783,4160.67323481,3505.23949507
2022-06-30,18797.2,18870000,1807.215,20.2755,,,119.78,,,10.40119742,927.08934428,,,156.93104024,,,,4.872,5.783,3858.21018062,3250.42365554
2022-07-01,19380,18870900,1806.055,19.8725,,,119.21,,,10.73057022,975.21700843,,,162.57025417,,,,4.872,5.783,3977.83251232,3351.20179837
2022-07-02,19564.266667,18871800,1806.686667,19.9055,,,120.073333,,,10.82881001,982.85733425,,,162.93598402,,,,4.872,5.783,4015.65407779,3383.06530642
2022-07-03,19748.533333,18872700,1807.318333,19.9385,,,120.936667,,,10.92698114,990.47236919,,,163.29649082,,,,4.872,5.783,4053.47564306,3414.92881428
2022-07-04,19932.8,18873600,1807.95,19.9715,,,121.8,,,11.02508366,998.06223869,,,163.65188834,,,,4.771,5.675,4177.90819535,3512.3876652
2022-07-05,20345.5,18874500,1764.785,19.2285,,,110.49,,,11.5285998,1058.09085472,,,184.13883609,,,,4.771,5.675,4264.40997694,3585.11013216
2022-07-06,20332.5,18875400,1739.295,19.2025,,,108.54,,,11.69008133,1058.84650436,,,187.32725263,,,,4.771,5.675,4261.6851813,3582.81938326
2022-07-07,21653.4,18876300,1740.225,19.2355,,,113.4,,,12.44287377,1125.69987783,,,190.94708995,,,,4.771,5.675,4538.54537833,3815.57709251
2022-07-08,21811.1,18877200,1741.515,19.3005,,,113.95,,,12.52421024,1130.07953162,,,191.40939008,,,,4.771,5.675,4571.59924544,3843.36563877
2022-07-09,21284.5,18878100,1739.031667,19.239833,,,114.25,,,12.23928259,1106.27259603,,,186.297593,,,,4.771,5.675,4461.22406204,3750.57268722
2022-07-10,20757.9,18879000,1736.548333,19.179167,,,114.55,,,11.95354002,1082.31499314,,,181.21257093,,,,4.771,5.675,4350.84887864,3657.77973568
2022-07-11,20231.3,18879900,1734.065,19.1185,,,114.85,,,11.66697903,1058.20540314,,,176.15411406,,,,4.646,5.568,4354.563065,3633.49497126
2022-07-12,19328.4,18880800,1726.205,18.9375,,,106.98,,,11.19704786,1020.64158416,,,180.67302299,,,,4.646,5.568,4160.22384847,3471.3362069
2022-07-13,19903.1,18881700,1735.655,19.2145,,,107.17,,,11.46719826,1035.83751854,,,185.71521881,,,,4.646,5.568,4283.92165303,3574.55100575
2022-07-14,20468.5,18882600,1709.935,18.4255,,,107.74,,,11.97033805,1110.87894494,,,189.98050863,,,,4.646,5.568,4405.61773569,3676.09554598
2022-07-15,21122.4,18883500,1705.795,18.6645,,,112.26,,,12.38273063,1131.68849956,,,188.15606627,,,,4.646,5.568,4546.36246233,3793.53448276
2022-07-16,21299.4,18884400,1706.911667,18.675833,,,113.93,,,12.47832586,1140.47924931,,,186.95163697,,,,4.646,5.568,4584.45975032,3825.32327586
2022-07-17,21476.4,18885300,1708.028333,18.687167,,,115.6,,,12.5737961,1149.2592751,,,185.78200692,,,,4.646,5.568,4622.55703831,3857.11206897
2022-07-18,21653.4,18886200,1709.145,18.6985,,,117.27,,,12.66914159,1158.02871888,,,184.64568943,,,,4.49,5.432,4822.58351893,3986.26656848
2022-07-19,23659.2,18887100,1711.715,18.7525,,,114.96,,,13.82192713,1261.65577923,,,205.80375783,,,,4.49,5.432,5269.30957684,4355.52282769
2022-07-20,23608.9,18888000,1696.605,18.6775,,,115.86,,,13.91537806,1264.02891179,,,203.77093043,,,,4.49,5.432,5258.10690423,4346.2628866
2022-07-21,23216.4,18888900,1718.335,18.8565,,,112.81,,,13.51098593,1231.2147005,,,205.80090418,,,,4.49,5.432,5170.69042316,4274.00589102
2022-07-22,22586.8,18889800,1724.155,18.5805,,,106.77,,,13.10021431,1215.6185248,,,211.54631451,,,,4.49,5.432,5030.46770601,4158.10014728
2022-07-23,22401.1,18890700,1722.681667,18.532167,,,107.256667,,,13.00362129,1208.76851585,,,208.85508217,,,,4.49,5.432,4989.1091314,4123.91384389
2022-07-24,22215.4,18891600,1721.208333,18.483833,,,107.743333,,,12.90686291,1201.88274802,,,206.18816387,,,,4.49,5.432,4947.75055679,4089.7275405
2022-07-25,22029.7,18892500,1719.735,18.4355,,,108.23,,,12.80993874,1194.96080931,,,203.54522776,,,,4.33,5.268,5087.69053118,4181.79574791
2022-07-26,20940,18893400,1717.525,18.6265,,,107.32,,,12.19196227,1124.20476203,,,195.11740589,,,,4.33,5.268,4836.02771363,3974.94305239
2022-07-27,22682.6,18894300,1734.465,19.0895,,,109.64,,,13.07757724,1188.22389272,,,206.88252463,,,,4.33,5.268,5238.47575058,4305.73272589
2022-07-28,23931.5,18895200,1756.065,20.0145,,,109.68,,,13.62791241,1195.70811162,,,218.19383662,,,,4.33,5.268,5526.90531178,4542.80561883
2022-07-29,23908.8,18896100,1761.035,20.2695,,,111.51,,,13.57656151,1179.54562273,,,214.40947,,,,4.33,5.268,5521.66281755,4538.49658314
2022-07-30,23615.266667,18897000,1764.768333,20.2995,,,109.703333,,,13.38151089,1163.34228267,,,215.26480574,,,,4.33,5.268,5453.87220947,4482.77651234
2022-07-31,23321.733333,18897900,1768.501667,20.3295,,,107.896667,,,13.18728377,1147.1867647,,,216.14878366,,,,4.33,5.268,5386.08160115,4427.05644134
2022-08-01,23028.2,18898800,1772.235,20.3595,,,106.09,,,12.99387497,1131.07885754,,,217.06287115,,,,4.192,5.138,5493.36832061,4481.93849747
2022-08-02,23095.1,18899700,1761.345,19.9895,,,106.51,,,13.11219551,1155.36156482,,,216.83503896,,,,4.192,5.138,5509.32729008,4494.95912807
2022-08-03,23278.6,18900600,1765.625,20.0605,,,101.82,,,13.18433982,1160.41973032,,,228.62502455,,,,4.192,5.138,5553.10114504,4530.67341378
2022-08-04,22494.7,18901500,1791.245,20.1815,,,97.99,,,12.55813694,1114.61982509,,,229.56117971,,,,4.192,5.138,5366.10209924,4378.10432075
2022-08-05,22917.8,18902400,1773.485,19.8815,,,100.31,,,12.92246622,1152.7198652,,,228.46974379,,,,4.192,5.138,5467.03244275,4460.45153756
2022-08-06,23229.466667,18903300,1778.705,20.144833,,,101.36,,,13.05976352,1153.12282147,,,229.17784794,,,,4.192,5.138,5541.3804072,4521.11067867
2022-08-07,23541.133333,18904200,1783.925,20.408167,,,102.41,,,13.19625732,1153.51532222,,,229.87143182,,,,4.192,5.138,5615.72837142,4581.76981958
2022-08-08,23852.8,18905100,1789.145,20.6715,,,103.46,,,13.33195465,1153.89787872,,,230.55093756,,,,4.038,4.993,5907.08271421,4777.24814741
2022-08-09,23195.8,18906000,1794.435,20.5335,,,103.81,,,12.92652005,1129.65641513,,,223.44475484,,,,4.038,4.993,5744.37840515,4645.6639295
2022-08-10,23960.1,18906900,1792.285,20.5945,,,105.06,,,13.36846539,1163.42227294,,,228.06110794,,,,4.038,4.993,5933.65527489,4798.73823353
2022-08-11,24191.8,18907800,1789.505,20.3105,,,107.19,,,13.51871048,1191.09820044,,,225.69082937,,,,4.038,4.993,5991.03516592,4845.14320048
2022-08-12,24166.2,18908700,1801.435,20.8045,,,103.7,,,13.41497195,1161.58523396,,,233.03953713,,,,4.038,4.993,5984.69539376,4840.01602243
2022-08-13,24117.133333,18909600,1794.138333,20.626167,,,101.883333,,,13.44218163,1169.24939728,,,236.71323486,,,,4.038,4.993,5972.54416369,4830.1889311
2022-08-14,24068.066667,18910500,1786.841667,20.447833,,,100.066667,,,13.46961352,1177.04730213,,,240.52031899,,,,4.038,4.993,5960.39293388,4820.36183998
2022-08-15,24019,18911400,1779.545,20.2695,,,98.25,,,13.49727037,1184.98236266,,,244.46819338,,,,3.938,4.911,6099.28897918,4890.85725921
2022-08-16,23949,18912300,1775.475,20.1365,,,95.36,,,13.48878469,1189.33280362,,,251.14303691,,,,3.938,4.911,6081.51345861,4876.60354307
2022-08-17,23336.3,18913200,1762.145,19.7955,,,97.22,,,13.24312131,1178.86893486,,,240.03600082,,,,3.938,4.911,5925.92686643,4751.84280187
2022-08-18,23362.3,18914100,1758.465,19.5415,,,96.35,,,13.28562127,1195.52234987,,,242.47327452,,,,3.938,4.911,5932.52920264,4757.1370393
2022-08-19,21353.1,18915000,1746.665,19.0525,,,96.45,,,12.22506892,1120.75055767,,,221.3903577,,,,3.938,4.911,5422.32097511,4348.01466097
2022-08-20,21266.833333,18915900,1743.188333,19.0325,,,95.986667,,,12.1999631,1117.39568281,,,221.56028538,,,,3.938,4.911,5400.41476206,4330.44865262
2022-08-21,21180.566667,18916800,1739.711667,19.0125,,,95.523333,,,12.17475693,1114.03374974,,,221.73186385,,,,3.938,4.911,5378.50854926,4312.88264447
2022-08-22,21094.3,18917700,1736.235,18.9925,,,95.06,,,12.14944982,1110.66473608,,,221.90511256,,,,3.88,4.909,5436.67525773,4297.06661234
2022-08-23,21489.2,18918600,1747.965,19.1145,,,99.49,,,12.29383884,1124.235528,,,215.99356719,,,,3.88,4.909,5538.45360825,4377.51069464
2022-08-24,21587.7,18919500,1751.345,19.1165,,,99.87,,,12.32635489,1129.27052546,,,216.15800541,,,,3.88,4.909,5563.84020619,4397.57588103
2022-08-25,21583.5,18920400,1758.675,19.2515,,,98.81,,,12.27259158,1121.13341818,,,218.43436899,,,,3.88,4.909,5562.75773196,4396.72030964
2022-08-26,20658,18921300,1736.895,18.8555,,,101.13,,,11.89363778,1095.5954496,,,204.27172946,,,,3.88,4.909,5324.22680412,4208.18904054
2022-08-27,20507.5,18922200,1737.128333,18.832833,,,100.6825,,,11.80540298,1088.92273404,,,203.68485089,,,,3.88,4.909,5285.43814433,4177.53106539
2022-08-28,20357,18923100,1737.361667,18.810167,,,100.235,,,11.71719187,1082.23387916,,,203.09273208,,,,3.88,4.909,5246.64948454,4146.87309024
2022-08-29,20206.5,18924000,1737.595,18.7875,,,99.7875,,,11.62900446,1075.52894212,,,202.49530252,,,,3.827,5.115,5279.98432192,3950.4398827
2022-08-30,19886.1,18924900,1724.375,18.4345,,,99.34,,,11.5323523,1078.74365999,,,200.18220254,,,,3.827,5.115,5196.26339169,3887.80058651
2022-08-31,20286.3,18925800,1711.145,17.9945,,,96.55,,,11.85539507,1127.36113813,,,210.11185914,,,,3.827,5.115,5300.8361641,3966.04105572
2022-09-01,20086.4,18926700,1697.685,17.8135,,,92.24,,,11.83164132,1127.59424032,,,217.76235906,,,,3.827,5.115,5248.60203815,3926.9599218
2022-09-02,19907.7,18927600,1709.765,17.9855,,,93.09,,,11.64352996,1106.87498262,,,213.85433451,,,,3.827,5.115,5201.90749935,3892.02346041
2022-09-03,19855.966667,18928500,1709.856667,18.0415,,,93.466667,,,11.61264979,1100.57182978,,,212.43901494,,,,3.827,5.115,5188.3895132,3881.90941681
2022-09-04,19804.233333,18929400,1709.948333,18.0975,,,93.843333,,,11.58177294,1094.30768521,,,211.03505918,,,,3.827,5.115,5174.87152678,3871.79537302
2022-09-05,19752.5,18930300,1710.04,18.1535,,,94.22,,,11.55089939,1088.08218801,,,209.64232647,,,,3.746,5.084,5272.95782168,3885.2281668
2022-09-06,18977.4,18931200,1701.985,18.0095,,,91.43,,,11.15015702,1053.74385741,,,207.56206934,,,,3.746,5.084,5066.04378003,3732.76947286
2022-09-07,19363.7,18932100,1718.455,18.4585,,,86.83,,,11.26808674,1049.03973779,,,223.00702522,,,,3.746,5.084,5169.16711159,3808.75295043
2022-09-08,19335,18933000,1708.605,18.5395,,,87.99,,,11.31624922,1042.9083848,,,219.74087965,,,,3.746,5.084,5161.50560598,3803.10778914
2022-09-09,21270.1,18933900,1715.935,18.7985,,,91.68,,,12.3956327,1131.47857542,,,232.00370855,,,,3.746,5.084,5678.08328884,4183.73328088
2022-09-10,21627.766667,18934800,1718.858333,19.133833,,,92.27,,,12.58263479,1130.34156131,,,234.39651747,,,,3.746,5.084,5773.56291164,4254.08471027
2022-09-11,21985.433333,18935700,1721.781667,19.469167,,,92.86,,,12.76900187,1129.24365655,,,236.75892023,,,,3.746,5.084,5869.04253417,4324.43613946
2022-09-12,22343.1,18936600,1724.705,19.8045,,,93.45,,,12.95473719,1128.18298871,,,239.09149278,,,,3.69,5.033,6055.04065041,4439.3204848
2022-09-13,20132.1,18937500,1702.555,19.3455,,,92.04,,,11.82464003,1040.66061875,,,218.73207301,,,,3.69,5.033,5455.85365854,4000.01986887
2022-09-14,20207.6,18938400,1697.475,19.6355,,,92.83,,,11.90450522,1029.13600367,,,217.68393838,,,,3.69,5.033,5476.31436314,4015.02086231
2022-09-15,19827,18939300,1664.525,19.1755,,,89.28,,,11.91150629,1033.97564601,,,222.0766129,,,,3.69,5.033,5373.17073171,3939.39996026
2022-09-16,19623,18940200,1673.185,19.5365,,,89.43,,,11.72793206,1004.42760986,,,219.42301241,,,,3.69,5.033,5317.88617886,3898.86747467
2022-09-17,19587.1,18941100,1674.025,19.544833,,,89.4775,,,11.70060184,1002.16256644,,,218.90531139,,,,3.69,5.033,5308.15718157,3891.73455196
2022-09-18,19551.2,18942000,1674.865,19.553167,,,89.525,,,11.67329904,999.89940249,,,218.38815973,,,,3.69,5.033,5298.42818428,3884.60162925
2022-09-19,19515.3,18942900,1675.705,19.5615,,,89.5725,,,11.64602361,997.63821793,,,217.87155656,,,,3.654,4.964,5340.8045977,3931.365834
2022-09-20,18900.6,18943800,1664.955,19.2785,,,89.62,,,11.35201852,980.39785253,,,210.89712118,,,,3.654,4.964,5172.57799672,3807.53424658
2022-09-21,18468.3,18944700,1673.875,19.5635,,,89.86,,,11.03326115,944.01819715,,,205.52303583,,,,3.654,4.964,5054.26929392,3720.44721998
2022-09-22,19173.9,18945600,1671.345,19.6385,,,90.4,,,11.47213771,976.34238868,,,212.10066372,,,,3.654,4.964,5247.3727422,3862.5906527
2022-09-23,18820.1,18946500,1643.155,18.8635,,,84.29,,,11.45363645,997.69926048,,,223.27796892,,,,3.654,4.964,5150.54734537,3791.3174859
2022-09-24,18911.566667,18947400,1636.371667,18.696167,,,83.71,,,11.5570118,1011.52106028,,,225.91765222,,,,3.654,4.964,5175.57927395,3809.7434865
2022-09-25,19003.033333,18948300,1629.588333,18.528833,,,83.13,,,11.66124778,1025.59256338,,,228.59416977,,,,3.654,4.964,5200.61120224,3828.16948691
2022-09-26,19094.5,18949200,1622.805,18.3615,,,82.55,,,11.76635517,1039.9204858,,,231.308298,,,,3.711,4.889,5145.37860415,3905.60441808
2022-09-27,18995.9,18950100,1629.195,18.3935,,,85.97,,,11.65968469,1032.75069998,,,220.95963708,,,,3.711,4.889,5118.80894638,3885.43669462
2022-09-28,19618.6,18951000,1660.025,18.8995,,,89.55,,,11.81825575,1038.04862563,,,219.07984366,,,,3.711,4.889,5286.60738345,4012.80425445
2022-09-29,19433.3,18951900,1660.615,18.8245,,,89.41,,,11.70247167,1032.34083243,,,217.35040823,,,,3.711,4.889,5236.67475074,3974.90284312
2022-09-30,19473.3,18952800,1661.815,19.0195,,,88.9,,,11.71809136,1023.85972292,,,219.04724409,,,,3.711,4.889,5247.45351657,3983.08447535
2022-10-01,19500.533333,18953700,1674.441667,19.582833,,,89.493333,,,11.64599145,995.79735644,,,217.89928567,,,,3.711,4.889,5254.79205955,3988.65480323
2022-10-02,19527.766667,18954600,1687.068333,20.146167,,,90.086667,,,11.57497079,969.30431814,,,216.76644633,,,,3.711,4.889,5262.1306028,3994.22513132
2022-10-03,19555,18955500,1699.695,20.7095,,,90.68,,,11.50500531,944.25263768,,,215.64843405,,,,3.782,4.836,5170.54468535,4043.63110008
2022-10-04,20296.9,18956400,1726.415,21.0665,,,93.74,,,11.75667496,963.46806541,,,216.52336249,,,,3.782,4.836,5366.71073506,4197.04301075
2022-10-05,20055.8,18957300,1716.345,20.6495,,,94.35,,,11.68517984,971.24869852,,,212.56809751,,,,3.782,4.836,5302.96139609,4147.18775848
2022-10-06,19915.3,18958200,1712.655,20.6565,,,95.65,,,11.62831977,964.11783216,,,208.21014114,,,,3.782,4.836,5265.81173982,4118.13482217
2022-10-07,19464.4,18959100,1695.525,20.0945,,,98.88,,,11.47986612,968.64316106,,,196.8487055,,,,3.782,4.836,5146.58910629,4024.89660877
2022-10-08,19390.933333,18960000,1686.398333,19.931833,,,98.296667,,,11.49843009,972.86252263,,,197.26948965,,,,3.782,4.836,5127.16375806,4009.70499028
2022-10-09,19317.466667,18960900,1677.271667,19.769167,,,97.713333,,,11.51719608,977.15127132,,,197.69529985,,,,3.782,4.836,5107.7384101,3994.513372
2022-10-10,19244,18961800,1668.145,19.6065,,,97.13,,,11.53616742,981.51123352,,,198.12622259,,,,3.912,5.224,4919.22290389,3683.76722818
2022-10-11,19004.3,18962700,1666.265,19.1585,,,95.17,,,11.40532868,991.95135319,,,199.68792687,,,,3.912,5.224,4857.94989775,3637.88284839
2022-10-12,19181.4,18963600,1673.255,19.0225,,,93.44,,,11.46352469,1008.35326587,,,205.28039384,,,,3.912,5.224,4903.2208589,3671.78407351
2022-10-13,19402.7,18964500,1666.265,18.8865,,,95.16,,,11.64442631,1027.33169195,,,203.89554435,,,,3.912,5.224,4959.79038855,3714.14624809
2022-10-14,19187.8,18965400,1642.845,18.2545,,,92.22,,,11.67961676,1051.12711934,,,208.06549555,,,,3.912,5.224,4904.85685072,3673.00918836
2022-10-15,19296.933333,18966300,1645.485,18.3935,,,91.826667,,,11.727201,1049.11698877,,,210.14520034,,,,3.912,5.224,4932.75391948,3693.89994889
2022-10-16,19406.066667,18967200,1648.125,18.5325,,,91.433333,,,11.77463279,1047.13701157,,,212.24280063,,,,3.912,5.224,4960.6509885,3714.79070961
2022-10-17,19515.2,18968100,1650.765,18.6715,,,91.04,,,11.82191287,1045.18651421,,,214.35852373,,,,3.871,5.339,5041.38465513,3655.21633265
2022-10-18,19299.8,18969000,1652.085,18.7355,,,89.46,,,11.68208658,1030.11929225,,,215.73664207,,,,3.871,5.339,4985.74011883,3614.87169882
2022-10-19,19195.6,18969900,1629.155,18.4555,,,91.34,,,11.78254985,1040.10186665,,,210.1554631,,,,3.871,5.339,4958.82200982,3595.35493538
2022-10-20,19068.8,18970800,1628.265,18.6745,,,91.52,,,11.71111582,1021.1143538,,,208.35664336,,,,3.871,5.339,4926.06561612,3571.60516951
2022-10-21,19205.7,18971700,1655.175,19.2815,,,91.82,,,11.60342562,996.06877058,,,209.16684818,,,,3.871,5.339,4961.43115474,3597.24667541
2022-10-22,19259.1,18972600,1653.251667,19.261833,,,91.736667,,,11.64922461,999.85811319,,,209.93895494,,,,3.871,5.339,4975.22603978,3607.24854842
2022-10-23,19312.5,18973500,1651.328333,19.242167,,,91.653333,,,11.69513029,1003.65514965,,,210.71246803,,,,3.871,5.339,4989.02092483,3617.25042143
2022-10-24,19365.9,18974400,1649.405,19.2225,,,91.57,,,11.74114302,1007.4600078,,,211.4873867,,,,3.769,5.341,5138.2064208,3625.89402734
2022-10-25,20232.5,18975300,1653.155,19.3465,,,91.76,,,12.2387193,1045.79639728,,,220.49367916,,,,3.769,5.341,5368.13478376,3788.14828684
2022-10-26,20745.8,18976200,1664.835,19.5895,,,92.93,,,12.46117483,1059.02651931,,,223.24114925,,,,3.769,5.341,5504.32475458,3884.25388504
2022-10-27,20411.9,18977100,1663.455,19.6045,,,94.17,,,12.2707858,1041.18442194,,,216.75586705,,,,3.769,5.341,5415.73361634,3821.73750234
2022-10-28,20623.6,18978000,1645.245,19.2695,,,94.64,,,12.5352759,1070.27167285,,,217.91631445,,,,3.769,5.341,5471.90236137,3861.37427448
2022-10-29,20573.5,18978900,1641.081667,19.229833,,,94.193333,,,12.53654855,1069.87408575,,,218.41779396,,,,3.769,5.341,5458.6097108,3851.99400861
2022-10-30,20523.4,18979800,1636.918333,19.190167,,,93.746667,,,12.53782769,1069.47479926,,,218.92404985,,,,3.769,5.341,5445.31706023,3842.61374274
2022-10-31,20473.3,18981600,1632.755,19.1505,,,93.3,,,12.53911334,1069.07391452,,,219.43515541,,,,3.742,5.317,5471.21859968,3850.53601655
2022-11-01,20473.7,18982500,1648.3,19.6335,,,95.12,,,12.42110053,1042.79420378,,,215.24074853,,,,3.742,5.317,5471.32549439,3850.61124694
2022-11-02,20110.3,18983400,1634.175,19.2075,,,96.07,,,12.30608717,1047.00247299,,,209.32965546,,,,3.742,5.317,5374.21165152,3782.26443483
2022-11-03,20189.8,18984300,1630.325,19.4575,,,95.29,,,12.38391118,1037.63587306,,,211.8774268,,,,3.742,5.317,5395.45697488,3797.21647546
2022-11-04,21129.1,18985200,1681.4,20.8615,,,99.53,,,12.56637326,1012.82745728,,,212.28875716,,,,3.742,5.317,5646.47247461,3973.876246
2022-11-05,20907.9,18986100,1679.395,20.842167,,,99.643333,,,12.44966193,1003.15384672,,,209.82738504,,,,3.742,5.317,5587.35970069,3932.27383863
2022-11-06,20686.7,18987000,1677.39,20.822833,,,99.756667,,,12.33267159,993.46232091,,,207.37160354,,,,3.742,5.317,5528.24692678,3890.67143126
2022-11-07,20465.5,18987900,1675.385,20.8035,,,99.87,,,12.21540124,983.75273391,,,204.92139782,,,,3.796,5.333,5391.33298209,3837.52109507
2022-11-08,18525.4,18988800,1712.375,21.3555,,,96.85,,,10.8185415,867.47676243,,,191.27929788,,,,3.796,5.333,4880.24236038,3473.7296081
2022-11-09,16102.8,18989700,1707.035,21.0705,,,93.05,,,9.4331985,764.23435609,,,173.05534659,,,,3.796,5.333,4242.04425711,3019.46371648
2022-11-10,17884.9,18990600,1755.575,21.6835,,,94.25,,,10.18748843,824.81610441,,,189.7602122,,,,3.796,5.333,4711.51211802,3353.62835177
2022-11-11,16679,18991500,1767.865,21.6565,,,96.37,,,9.43454393,770.16138342,,,173.07253295,,,,3.796,5.333,4393.83561644,3127.50796925
2022-11-12,16582.533333,18992400,1769.011667,21.767167,,,95.443333,,,9.3738971,761.81403547,,,173.74218619,,,,3.796,5.333,4368.42290121,3109.41933865
2022-11-13,16486.066667,18993300,1770.158333,21.877833,,,94.516667,,,9.31332885,753.55117058,,,174.42496853,,,,3.796,5.333,4343.01018625,3091.33070823
2022-11-14,16389.6,18994200,1771.305,21.9885,,,93.59,,,9.25283901,745.37144416,,,175.12127364,,,,3.762,5.313,4356.61881978,3084.81084133
2022-11-15,16862.8,18995100,1778.815,21.5645,,,94.3,,,9.47979413,781.97036797,,,178.82078473,,,,3.762,5.313,4482.40297714,3173.87539996
2022-11-16,16649.3,18996000,1773.865,21.4705,,,92.61,,,9.38588901,775.4500361,,,179.77864162,,,,3.762,5.313,4425.65124934,3133.69094673
2022-11-17,16700.5,18996900,1760.275,20.9555,,,91,,,9.48743804,796.95068121,,,183.52197802,,,,3.762,5.313,4439.26103137,3143.32768681
2022-11-18,16613,18997800,1748.775,20.9035,,,88.93,,,9.49979271,794.74729112,,,186.80985044,,,,3.762,5.313,4416.00212653,3126.8586486
2022-11-19,16315.666667,18998700,1745.151667,20.885167,,,88.766667,,,9.34913966,781.20834116,,,183.80397979,,,,3.762,5.313,4336.96615284,3070.89528835
2022-11-20,16018.333333,18999600,1741.528333,20.866833,,,88.603333,,,9.19785974,767.64563808,,,180.787029,,,,3.762,5.313,4257.93017889,3014.93192791
2022-11-21,15721,19000500,1737.905,20.8485,,,88.44,,,9.045949,754.05904502,,,177.75893261,,,,3.648,5.233,4309.48464912,3004.20408943
2022-11-22,16162.8,19001400,1740.115,21.0865,,,88.65,,,9.28835163,766.4998933,,,182.321489,,,,3.648,5.233,4430.59210526,3088.62984903
2022-11-23,16494.6,19002300,1749.585,21.5345,,,85.9,,,9.42772143,765.96159651,,,192.0209546,,,,3.648,5.233,4521.54605263,3152.03516148
2022-11-24,16599.5,19003200,1755.435,21.5075,,,85.59,,,9.45606075,771.8005347,,,193.9420493,,,,3.648,5.233,4550.30153509,3172.08102427
2022-11-25,16520.2,19004100,1754.625,21.4605,,,83.4,,,9.41523117,769.79567112,,,198.08393285,,,,3.648,5.233,4528.56359649,3156.92719281
2022-11-26,16417.633333,19005000,1750.311667,21.2855,,,83.433333,,,9.37983426,771.3059751,,,196.77547022,,,,3.648,5.233,4500.44773383,3137.32721823
2022-11-27,16315.066667,19005900,1745.998333,21.1105,,,83.466667,,,9.34426245,772.84131911,,,195.46805034,,,,3.648,5.233,4472.33187144,3117.72724384
2022-11-28,16212.5,19006800,1741.685,20.9355,,,83.5,,,9.30851446,774.40233097,,,194.16167665,,,,3.534,5.141,4587.57781551,3153.56934449
2022-11-29,16490.9,19007700,1749.795,21.2585,,,83.22,,,9.42447544,775.73206012,,,198.16029801,,,,3.534,5.141,4666.35540464,3207.72223303
2022-11-30,17158.1,19008600,1768.615,22.1925,,,85.61,,,9.70143304,773.14858623,,,200.42167971,,,,3.534,5.141,4855.1499717,3337.50243143
2022-12-01,16965.8,19009500,1802.935,22.7495,,,86.28,,,9.41010075,745.76584101,,,196.63653222,,,,3.534,5.141,4800.73571024,3300.09725734
2022-12-02,17024.4,19010400,1797.56,23.137,,,86.54,,,9.47083825,735.80844535,,,196.7229027,,,,3.534,5.141,4817.31748727,3311.49581793
2022-12-03,16996.366667,19011300,1787.963333,22.841667,,,85.48,,,9.50599285,744.09484505,,,198.83442521,,,,3.534,5.141,4809.38502179,3306.04292297
2022-12-04,16968.333333,19012200,1778.366667,22.546333,,,84.42,,,9.54152687,752.59836413,,,200.99897338,,,,3.534,5.141,4801.45255603,3300.59002782
2022-12-05,16940.3,19013100,1768.77,22.251,,,83.36,,,9.57744647,761.32758078,,,203.21857006,,,,3.39,4.967,4997.13864307,3410.56976042
2022-12-06,16973.8,19014000,1771.09,22.198,,,79.92,,,9.58381562,764.65447338,,,212.38488488,,,,3.39,4.967,5007.02064897,3417.31427421
2022-12-07,16842.7,19014900,1786.13,22.725,,,77.11,,,9.42971676,741.15291529,,,218.42432888,,,,3.39,4.967,4968.3480826,3390.92007248
2022-12-08,17202.2,19015800,1789.09,23.067,,,76.02,,,9.6150557,745.74933888,,,226.28518811,,,,3.39,4.967,5074.39528024,3463.29776525
2022-12-09,17096.6,19016700,1795.12,23.421,,,76.37,,,9.52393155,729.96883139,,,223.86539217,,,,3.39,4.967,5043.24483776,3442.03744715
2022-12-10,17118.033333,19017600,1790.55,23.385667,,,76.913333,,,9.56020962,731.98824447,,,222.56262556,,,,3.39,4.967,5049.56735487,3446.35259372
2022-12-11,17139.466667,19018500,1785.98,23.350333,,,77.456667,,,9.59667335,734.01380045,,,221.27813306,,,,3.39,4.967,5055.88987227,3450.66774049
2022-12-12,17160.9,19019400,1781.41,23.315,,,78,,,9.63332416,736.04546429,,,220.01153846,,,,3.239,4.754,5298.20932387,3609.78123685
2022-12-13,17772.6,19020300,1810.61,23.733,,,80.14,,,9.81580793,748.85602326,,,221.76940354,,,,3.239,4.754,5487.06390861,3738.45183004
2022-12-14,17837.2,19021200,1807.42,23.937,,,83.33,,,9.86887386,745.17274512,,,214.0549622,,,,3.239,4.754,5507.00833591,3752.04038704
2022-12-15,17344.4,19022100,1776.9,23.092,,,82.34,,,9.76104452,751.09994803,,,210.64367258,,,,3.239,4.754,5354.86261192,3648.38031132
2022-12-16,16889.2,19023000,1792.2,23.205,,,80.2,,,9.42372503,727.82589959,,,210.58852868,,,,3.239,4.754,5214.32540908,3552.62936475
2022-12-17,16732.433333,19023900,1790.716667,23.132333,,,80.686667,,,9.34398704,723.33531309,,,207.37544324,,,,3.239,4.754,5165.92569713,3519.65362495
2022-12-18,16575.666667,19024800,1789.233333,23.059667,,,81.173333,,,9.26411685,718.81639345,,,204.20088783,,,,3.239,4.754,5117.52598549,3486.67788536
2022-12-19,16418.9,19025700,1787.75,22.987,,,81.66,,,9.18411411,714.26893462,,,201.0641685,,,,3.12,4.596,5262.46794872,3572.43255004
2022-12-20,16870.1,19026600,1817.83,24.148,,,79.45,,,9.28035075,698.61272155,,,212.33606042,,,,3.12,4.596,5407.08333333,3670.6048738
2022-12-21,16766.1,19027500,1814.37,23.97,,,80.25,,,9.24072819,699.46182728,,,208.92336449,,,,3.12,4.596,5373.75,3647.97650131
2022-12-22,16799.6,19028400,1792.45,23.573,,,79.58,,,9.37242322,712.66279218,,,211.10329228,,,,3.12,4.596,5384.48717949,3655.26544822
2022-12-23,16812,19029300,1797.69,23.734,,,82.45,,,9.35200174,708.35088902,,,203.90539721,,,,3.12,4.596,5388.46153846,3657.96344648
2022-12-24,16779.775,19030200,1801.675,23.81175,,,82.45,,,9.31343056,704.68466198,,,203.51455428,,,,3.12,4.596,5378.13301282,3650.95191471
2022-12-25,16747.55,19031100,1805.66,23.8895,,,82.45,,,9.27502963,701.04229892,,,203.12371134,,,,3.12,4.596,5367.80448718,3643.94038294
2022-12-26,16715.325,19032000,1809.645,23.96725,,,82.45,,,9.23679782,697.42356758,,,202.73286841,,,,3.091,4.537,5407.74021352,3684.22415693
2022-12-27,16683.1,19032900,1813.63,24.045,,,82.45,,,9.19873403,693.82823872,,,202.34202547,,,,3.091,4.537,5397.31478486,3677.12144589
2022-12-28,16508.9,19033800,1804.35,23.549,,,81.7,,,9.14949982,701.04463035,,,202.06731946,,,,3.091,4.537,5340.95761889,3638.72603042
2022-12-29,16610.9,19034700,1815.02,23.906,,,80.96,,,9.15191017,694.842299,,,205.17416008,,,,3.091,4.537,5373.95664833,3661.20784659
2022-12-30,16590.7,19035600,1823.48,23.935,,,82.82,,,9.09837234,693.15646543,,,200.3223859,,,,3.091,4.537,5367.42154643,3656.75556535
2022-12-31,16624.666667,19036500,1827.495,23.9535,,,82.205,,,9.09696971,694.0391453,,,202.23425177,,,,3.091,4.537,5378.41043902,3664.24215715
2023-01-01,16658.633333,19037400,1831.51,23.972,,,81.59,,,9.09557323,694.92046275,,,204.17493974,,,,3.091,4.537,5389.39933128,3671.72874873
2023-01-02,16692.6,19038300,1835.525,23.9905,,,80.975,,,9.09418286,695.800421,,,206.14510651,,,,3.223,4.583,5179.21191437,3642.28671176
2023-01-03,16670.8,19039200,1839.54,24.009,,,80.36,,,9.06248301,694.35628306,,,207.45146839,,,,3.223,4.583,5172.44802979,3637.53000218
2023-01-04,16821.4,19040100,1854.66,23.76,,,75.31,,,9.06980255,707.97138047,,,223.36210331,,,,3.223,4.583,5219.17468197,3670.39057386
2023-01-05,16833,19041000,1832.96,23.243,,,76.73,,,9.18350646,724.21804414,,,219.3796429,,,,3.223,4.583,5222.77381322,3672.92166703
2023-01-06,16905.9,19041900,1867.01,23.846,,,76.41,,,9.05506666,708.96167072,,,221.25245387,,,,3.223,4.583,5245.39249147,3688.82827842
2023-01-07,17005.466667,19042800,1868.6,23.782333,,,76.773333,,,9.10064576,715.04619278,,,221.50225869,,,,3.223,4.583,5276.28503475,3710.55349487
2023-01-08,17105.033333,19043700,1870.19,23.718667,,,77.136667,,,9.14614736,721.16334923,,,221.74970735,,,,3.223,4.583,5307.17757772,3732.27871111
2023-01-09,17204.6,19044600,1871.78,23.655,,,77.5,,,9.19157166,727.31346438,,,221.99483871,,,,3.259,4.549,5279.10401964,3782.06199165
2023-01-10,17435.2,19045500,1876.96,23.609,,,78.4,,,9.28906317,738.49803041,,,222.3877551,,,,3.259,4.549,5349.86192083,3832.75445153
2023-01-11,17558.2,19046400,1875.65,23.417,,,81.11,,,9.36112814,749.80569672,,,216.4739243,,,,3.259,4.549,5387.60355937,3859.79336118
2023-01-12,18918.1,19047300,1896.87,23.774,,,82.59,,,9.97332448,795.7474552,,,229.06041894,,,,3.259,4.549,5804.87879718,4158.73818422
2023-01-13,19458.6,19048200,1920.74,24.275,,,83.43,,,10.13078293,801.59011329,,,233.23265013,,,,3.259,4.549,5970.72721694,4277.5555067
2023-01-14,20035.2,19049100,1919.073333,24.279167,,,83.17,,,10.44003877,825.20129294,,,240.89455332,,,,3.259,4.549,6147.65265419,4404.30863926
2023-01-15,20611.8,19050000,1917.406667,24.283333,,,82.91,,,10.74983224,848.80440424,,,248.60451092,,,,3.259,4.549,6324.57809144,4531.06177182
2023-01-16,21188.4,19050900,1915.74,24.2875,,,82.65,,,11.06016474,872.3993824,,,256.36297641,,,,3.31,4.524,6401.32930514,4683.55437666
2023-01-17,21234.1,19051800,1908.67,23.933,,,84.38,,,11.12507662,887.23101993,,,251.6484949,,,,3.31,4.524,6415.13595166,4693.65605659
2023-01-18,20811.8,19052700,1904.34,23.474,,,83.78,,,10.92861569,886.58941808,,,248.41012175,,,,3.31,4.524,6287.55287009,4600.30946065
2023-01-19,21065.8,19053600,1932.17,23.838,,,85.08,,,10.90266384,883.7066868,,,247.59990597,,,,3.31,4.524,6364.29003021,4656.45446508
2023-01-20,22267.2,19054500,1927.27,23.938,,,86.96,,,11.5537522,930.20302448,,,256.0625575,,,,3.31,4.524,6727.25075529,4922.01591512
2023-01-21,22487.6,19055400,1928.52,23.778333,,,87.153333,,,11.66054798,945.71810396,,,258.02340801,,,,3.31,4.524,6793.83685801,4970.73386384
2023-01-22,22708,19056300,1929.77,23.618667,,,87.346667,,,11.76720542,961.44291293,,,259.97557526,,,,3.31,4.524,6860.42296073,5019.45181256
2023-01-23,22928.4,19057200,1931.02,23.459,,,87.54,,,11.87372477,977.38181508,,,261.91912269,,,,3.415,4.604,6714.02635432,4980.10425717
2023-01-24,22757.4,19058100,1937.3,23.671,,,85.25,,,11.74696743,961.40424993,,,266.94897361,,,,3.415,4.604,6663.95314788,4942.96264118
2023-01-25,22945.8,19059000,1946.27,23.911,,,85.08,,,11.78962837,959.63364142,,,269.69675599,,,,3.415,4.604,6719.12152269,4983.8835795
2023-01-26,23008.1,19059900,1929.18,23.915,,,86.29,,,11.9263625,962.0781936,,,266.63692201,,,,3.415,4.604,6737.36456808,4997.41529105
2023-01-27,23131,19060800,1926.56,23.565,,,85.36,,,12.00637406,981.58285593,,,270.98172446,,,,3.415,4.604,6773.35285505,5024.10947003
2023-01-28,22997.6,19061700,1925.446667,23.578667,,,85.206667,,,11.94403376,975.35624045,,,269.90376234,,,,3.415,4.604,6734.28989751,4995.13466551
2023-01-29,22864.2,19062600,1924.333333,23.592333,,,85.053333,,,11.88162134,969.13688019,,,268.82191671,,,,3.415,4.604,6695.22693997,4966.15986099
2023-01-30,22730.8,19063500,1923.22,23.606,,,84.9,,,11.81913666,962.92468017,,,267.73616019,,,,3.489,4.622,6514.98996847,4917.95759412
2023-01-31,23181.8,19064400,1928.28,23.733,,,83.42,,,12.02200925,976.7749547,,,277.8925917,,,,3.489,4.622,6644.25336773,5015.53440069
2023-02-01,23715.2,19065300,1950.18,23.969,,,81.61,,,12.16051852,989.41132296,,,290.59183924,,,,3.489,4.622,6797.13384924,5130.93898745
2023-02-02,23562.1,19066200,1912.64,23.464,,,80.57,,,12.31915049,1004.18087283,,,292.4425965,,,,3.489,4.622,6753.25308111,5097.81479879
2023-02-03,23341.4,19067100,1864.85,22.349,,,78.85,,,12.51650267,1044.40467135,,,296.02282815,,,,3.489,4.622,6689.99713385,5050.06490697
2023-02-04,23188.633333,19068000,1865.796667,22.323667,,,79.393333,,,12.4282746,1038.74660615,,,292.0728033,,,,3.489,4.622,6646.21190398,5017.01283708
2023-02-05,23035.866667,19068900,1866.743333,22.298333,,,79.936667,,,12.34013603,1033.07573113,,,288.17647184,,,,3.489,4.622,6602.42667441,4983.96076742
2023-02-06,22883.1,19069800,1867.69,22.273,,,80.48,,,12.2520868,1027.39190949,,,284.33275348,,,,3.444,4.539,6644.33797909,5041.440846
2023-02-07,23234.6,19070700,1873.72,22.18,,,82.92,,,12.40025191,1047.54733995,,,280.20501688,,,,3.444,4.539,6746.39953542,5118.88081075
2023-02-08,22930.5,19071600,1875.55,22.322,,,84.17,,,12.2260137,1027.26010214,,,272.43079482,,,,3.444,4.539,6658.1010453,5051.88367482
2023-02-09,21769.7,19072500,1861.7,21.98,,,83.46,,,11.69345222,990.4322111,,,260.83992332,,,,3.444,4.539,6321.05110337,4796.14452523
2023-02-10,21715.2,19073400,1864.2,22.021,,,85.46,,,11.64853556,986.11325553,,,254.09782354,,,,3.444,4.539,6305.22648084,4784.13747521
2023-02-11,21692.833333,19074300,1860.616667,22.011667,,,85.633333,,,11.6589482,985.51524212,,,253.32230538,,,,3.444,4.539,6298.73209437,4779.20981119
2023-02-12,21670.466667,19075200,1857.033333,22.002333,,,85.806667,,,11.66940102,984.91676619,,,252.54991744,,,,3.444,4.539,6292.23770819,4774.28214739
2023-02-13,21648.1,19076100,1853.45,21.993,,,85.98,,,11.67989425,984.31773746,,,251.78064666,,,,3.39,4.444,6385.87020649,4871.30963096
2023-02-14,22195.4,19077000,1854.46,21.854,,,84.96,,,11.96865934,1015.62185412,,,261.2452919,,,,3.39,4.444,6547.31563422,4994.46444644
2023-02-15,24164.6,19077900,1835.91,21.624,,,84.11,,,13.16219205,1117.48982612,,,287.29758649,,,,3.39,4.444,7128.20058997,5437.57875788
2023-02-16,24031.1,19078800,1836.5,21.583,,,83.84,,,13.0852709,1113.4272344,,,286.63048664,,,,3.39,4.444,7088.820059,5407.53825383
2023-02-17,24806,19079700,1841.93,21.767,,,81.97,,,13.46739561,1139.61501355,,,302.62291082,,,,3.39,4.444,7317.40412979,5581.90819082
2023-02-18,24770.566667,19080600,1841.718333,21.783833,,,82.243333,,,13.44970413,1137.10781142,,,301.18631825,,,,3.39,4.444,7306.95181917,5573.93489356
2023-02-19,24735.133333,19081500,1841.506667,21.800667,,,82.516667,,,13.43200857,1134.60442898,,,299.75923934,,,,3.39,4.444,7296.49950826,5565.96159608
2023-02-20,24699.7,19082400,1841.295,21.8175,,,82.79,,,13.41430895,1132.10496161,,,298.34158715,,,,3.379,4.376,7309.76620302,5644.35557587
2023-02-21,24382.4,19083300,1835.01,21.838,,,82.14,,,13.28733903,1116.51250114,,,296.83954224,,,,3.379,4.376,7215.86268127,5571.8464351
2023-02-22,24100.9,19084200,1825.26,21.519,,,79.55,,,13.20409147,1119.98234119,,,302.96543055,,,,3.379,4.376,7132.55401006,5507.51828154
2023-02-23,23868.4,19085100,1822.37,21.317,,,82.08,,,13.09745002,1119.68851152,,,290.79434698,,,,3.379,4.376,7063.74667061,5454.38756856
2023-02-24,23191.9,19086000,1810.98,20.766,,,82.31,,,12.80627064,1116.82076471,,,281.76284777,,,,3.379,4.376,6863.53950873,5299.79433272
2023-02-25,23285.433333,19086900,1813.09,20.721,,,81.953333,,,12.84295503,1123.76011452,,,284.13040057,,,,3.379,4.376,6891.22028204,5321.16849474
2023-02-26,23378.966667,19087800,1815.2,20.676,,,81.596667,,,12.87955414,1130.72967049,,,286.51864747,,,,3.379,4.376,6918.90105564,5342.54265699
2023-02-27,23472.5,19088700,1817.31,20.631,,,81.24,,,12.91606825,1137.72963017,,,288.92786805,,,,3.342,4.294,7023.48892879,5466.34839311
2023-02-28,23158.9,19089600,1826.8,20.897,,,83.21,,,12.67730458,1108.24041728,,,278.31871169,,,,3.342,4.294,6929.65290245,5393.31625524
2023-03-01,23535.6,19090500,1836.705,20.992,,,83.68,,,12.81403383,1121.16996951,,,281.25717017,,,,3.342,4.294,7042.36983842,5481.04331626
2023-03-02,23467.1,19091400,1835.75,20.899,,,84.15,,,12.78338554,1122.88147758,,,278.87225193,,,,3.342,4.294,7021.87312986,5465.09082441
2023-03-03,22286.4,19092300,1855.24,21.256,,,85.74,,,12.01267761,1048.4757245,,,259.93002099,,,,3.342,4.294,6668.58168761,5190.12575687
2023-03-04,22335.266667,19093200,1852.413333,21.188,,,85.78,,,12.0573882,1054.14700146,,,260.37848761,,,,3.342,4.294,6683.20367056,5201.50597741
2023-03-05,22384.133333,19094100,1849.586667,21.12,,,85.82,,,12.10223545,1059.85479796,,,260.82653616,,,,3.342,4.294,6697.8256532,5212.88619772
2023-03-06,22433,19095000,1846.76,21.052,,,85.86,,,12.14722,1065.59946798,,,261.27416725,,,,3.389,4.282,6619.3567424,5238.90705278
2023-03-07,22108.3,19095900,1813.23,20.075,,,83.03,,,12.19277201,1101.28518057,,,266.2688185,,,,3.389,4.282,6523.54676896,5163.07800093
2023-03-08,21788.9,19096800,1813.82,20.026,,,82.1,,,12.0127135,1088.03056027,,,265.39464068,,,,3.389,4.282,6429.30067867,5088.48668846
2023-03-09,20342.5,19097700,1830.86,20.07,,,81,,,11.1108987,1013.57747882,,,251.14197531,,,,3.389,4.282,6002.50811449,4750.70060719
2023-03-10,19976.9,19098600,1869.9,20.527,,,82.3,,,10.68340553,973.20114971,,,242.7326853,,,,3.389,4.282,5894.62968427,4665.31994395
2023-03-11,21417.733333,19099500,1883.356667,20.943667,,,81.423333,,,11.37210689,1022.63530704,,,263.04171721,,,,3.389,4.282,6319.77967926,5001.80600957
2023-03-12,22858.566667,19100400,1896.813333,21.360333,,,80.546667,,,12.05103648,1070.14093212,,,283.79283114,,,,3.389,4.282,6744.92967454,5338.29207543
2023-03-13,24299.4,19101300,1910.27,21.777,,,79.67,,,12.72040078,1115.82862653,,,305.00062759,,,,3.456,4.247,7031.07638889,5721.54461973
2023-03-14,24804,19102200,1904.27,21.692,,,76.77,,,13.02546383,1143.46302784,,,323.09495897,,,,3.456,4.247,7177.08333333,5840.35789969
2023-03-15,24466.5,19103100,1920.35,21.797,,,74.3,,,12.74064624,1122.47098225,,,329.29340511,,,,3.456,4.247,7079.42708333,5760.89004003
2023-03-16,25039,19104000,1920.02,21.72,,,73.12,,,13.04100999,1152.80847145,,,342.43708972,,,,3.456,4.247,7245.08101852,5895.69107605
2023-03-17,26838,19104900,1989.33,22.604,,,71.03,,,13.49097435,1187.31198018,,,377.84034915,,,,3.456,4.247,7765.625,6319.28420061
2023-03-18,27245.266667,19105800,1985.673333,22.581667,,,71.493333,,,13.72092087,1206.52149671,,,381.08821513,,,,3.456,4.247,7883.46836429,6415.17934236
2023-03-19,27652.533333,19106700,1982.016667,22.559333,,,71.956667,,,13.95171584,1225.76910111,,,384.29424938,,,,3.456,4.247,8001.3117283,6511.07448387
2023-03-20,28059.8,19107600,1978.36,22.537,,,72.42,,,14.183364,1245.05479878,,,387.4592654,,,,3.422,4.185,8199.82466394,6704.85065711
2023-03-21,28121.7,19108500,1941.18,22.382,,,74.78,,,14.48691002,1256.44267715,,,376.05910671,,,,3.422,4.185,8217.91350088,6719.64157706
2023-03-22,27289.1,19109400,1965.71,22.888,,,76.08,,,13.8825666,1192.28853548,,,358.68953733,,,,3.422,4.185,7974.60549386,6520.69295102
2023-03-23,28277.4,19110300,1992.03,23.08,,,74.31,,,14.19526814,1225.19064125,,,380.5329027,,,,3.422,4.185,8263.41320865,6756.84587814
2023-03-24,27610.1,19111200,1977.78,23.225,,,73.63,,,13.96014724,1188.80947255,,,374.98438137,,,,3.422,4.185,8068.41028638,6597.39545998
2023-03-25,27467.866667,19112100,1970.693333,23.176,,,74.686667,,,13.93817405,1185.18582443,,,367.77470157,,,,3.422,4.185,8026.84589918,6563.40900048
2023-03-26,27325.633333,19113000,1963.606667,23.127,,,75.743333,,,13.91604225,1181.54682116,,,360.76618563,,,,3.422,4.185,7985.28151169,6529.42254074
2023-03-27,27183.4,19113000,1956.52,23.078,,,76.8,,,13.89375013,1177.89236502,,,353.95052083,,,,3.421,4.128,7946.03916983,6585.12596899
2023-03-28,27207.1,19113900,1973.7,23.327,,,78.07,,,13.78482039,1166.33514811,,,348.49622134,,,,3.421,4.128,7952.96696872,6590.86724806
2023-03-29,28304.4,19114800,1964.52,23.34,,,77.51,,,14.40779427,1212.69922879,,,365.17094568,,,,3.421,4.128,8273.72113417,6856.68604651
2023-03-30,28076.4,19115700,1980.31,23.912,,,78.45,,,14.17778025,1174.15523586,,,357.88910134,,,,3.421,4.128,8207.07395498,6801.45348837
2023-03-31,28441.6,19116600,1970.8,24.081,,,79.19,,,14.4314999,1181.08051991,,,359.15645915,,,,3.421,4.128,8313.82636656,6889.92248062
2023-04-01,28201.066667,19117500,1975.388333,24.049333,,,81.396667,,,14.27621405,1172.63404632,,,346.46463678,,,,3.421,4.128,8243.51554136,6831.65374685
2023-04-02,27960.533333,19118400,1979.976667,24.017667,,,83.603333,,,14.1216479,1164.16525106,,,334.44280664,,,,3.421,4.128,8173.20471587,6773.38501284
2023-04-03,27720,19119300,1984.565,23.986,,,85.81,,,13.96779647,1155.67414325,,,323.03927281,,,,3.497,4.105,7926.7943952,6752.74056029
2023-04-04,28224.1,19120200,2020.665,25,,,85.7,,,13.96772845,1128.964,,,329.33605601,,,,3.497,4.105,8070.94652559,6875.54202192
2023-04-05,28191,19121100,2020.84,24.947,,,85.89,,,13.95013955,1130.03567563,,,328.2221446,,,,3.497,4.105,8061.48126966,6867.47868453
2023-04-06,27998.9,19122000,2007.465,24.9765,,,86.56,,,13.94739136,1121.00974916,,,323.46233826,,,,3.497,4.105,8006.54847012,6820.68209501
2023-04-07,28310.675,19122900,2003.43625,24.950375,,,86.56,,,14.13105857,1134.67933849,,,327.06417514,,,,3.497,4.105,8095.70346011,6896.63215591
2023-04-08,28622.45,19123800,1999.4075,24.92425,,,86.56,,,14.31546596,1148.37758408,,,330.66601201,,,,3.497,4.105,8184.8584501,6972.58221681
2023-04-09,28934.225,19124700,1995.37875,24.898125,,,86.56,,,14.50061799,1162.10457615,,,334.26784889,,,,3.497,4.105,8274.01344009,7048.53227771
2023-04-10,29246,19125600,1991.35,24.872,,,86.56,,,14.6865192,1175.86040528,,,337.86968577,,,,3.596,4.098,8132.92547275,7136.65202538
2023-04-11,30219.1,19126500,2003.62,25.052,,,87.32,,,15.08225113,1206.25498962,,,346.07306459,,,,3.596,4.098,8403.53170189,7374.10932162
2023-04-12,29967.5,19127400,2014.94,25.504,,,88.31,,,14.87265129,1175.01176286,,,339.34435511,,,,3.596,4.098,8333.5650723,7312.71351879
2023-04-13,30312.7,19128300,2040.15,25.824,,,86.51,,,14.85807416,1173.81892813,,,350.39533002,,,,3.596,4.098,8429.56062291,7396.94973158
2023-04-14,30315.8,19129200,2005.45,25.379,,,87.31,,,15.11670697,1194.52303085,,,347.22024969,,,,3.596,4.098,8430.42269188,7397.70619815
2023-04-15,30033.833333,19130100,2002.02,25.264667,,,86.75,,,15.00176488,1188.76822453,,,346.21133525,,,,3.596,4.098,8352.01149416,7328.90027648
2023-04-16,29751.866667,19131000,1998.59,25.150333,,,86.19,,,14.88642827,1182.96114278,,,345.18931044,,,,3.596,4.098,8273.60029672,7260.09435505
2023-04-17,29469.9,19131900,1995.16,25.036,,,85.63,,,14.77069508,1177.1009746,,,344.15391802,,,,3.663,4.116,8045.29074529,7159.83965015
2023-04-18,30376.8,19132800,2005.28,25.192,,,85.48,,,15.1484082,1205.81136869,,,355.36733739,,,,3.663,4.116,8292.87469287,7380.17492711
2023-04-19,29176.1,19133700,1994.79,25.287,,,85.34,,,14.62615112,1153.79839443,,,341.88071244,,,,3.663,4.116,7965.08326508,7088.45966958
2023-04-20,28232.7,19134600,2004.82,25.29,,,83.29,,,14.08241139,1116.35824437,,,338.96866371,,,,3.663,4.116,7707.53480753,6859.25655977
2023-04-21,27258.3,19135500,1982.78,25.036,,,83.36,,,13.74751611,1088.76417958,,,326.99496161,,,,3.663,4.116,7441.52334152,6622.52186589
2023-04-22,27310.6,19136400,1984.886667,25.077,,,83.65,,,13.75927425,1089.06966543,,,326.48655111,,,,3.663,4.116,7455.8012558,6635.22837707
2023-04-23,27362.9,19137300,1986.993333,25.118,,,83.94,,,13.77100745,1089.37415399,,,325.98165356,,,,3.663,4.116,7470.07917008,6647.93488824
2023-04-24,27415.2,19138200,1989.1,25.159,,,84.23,,,13.7827158,1089.67765015,,,325.4802327,,,,3.656,4.077,7498.68708972,6724.35614422
2023-04-25,28280.8,19139100,1997.13,25.014,,,82.13,,,14.16072063,1130.59886464,,,344.34189699,,,,3.656,4.077,7735.44857768,6936.66911945
2023-04-26,28679.8,19140000,1989.46,24.884,,,79.19,,,14.41587164,1152.5397846,,,362.1644147,,,,3.656,4.077,7844.58424508,7034.53519745
2023-04-27,29656.8,19140900,1987.85,24.925,,,80.11,,,14.91903313,1189.84152457,,,370.20097366,,,,3.656,4.077,8111.81619256,7274.17218543
2023-04-28,29351.3,19141800,1989.27,25.035,,,81.32,,,14.75480955,1172.41062512,,,360.93580915,,,,3.656,4.077,8028.25492341,7199.23963699
2023-04-29,28898.533333,19142700,1987.006667,25.021667,,,80.1675,,,14.54375258,1154.9403696,,,360.47691812,,,,3.656,4.077,7904.41283725,7088.18575742
2023-04-30,28445.766667,19143600,1984.743333,25.008333,,,79.015,,,14.33221424,1137.45153134,,,360.00464047,,,,3.656,4.077,7780.57075137,6977.1318781
2023-05-01,27993,19144500,1982.48,24.995,,,77.8625,,,14.12019289,1119.9439888,,,359.51838176,,,,3.6,4.018,7775.83333333,6966.8989547
2023-05-02,28674.9,19145400,2016.7,25.378,,,76.71,,,14.21872366,1129.91173457,,,373.80915135,,,,3.6,4.018,7965.25,7136.61025386
2023-05-03,28931,19146300,2038.64,25.574,,,72.91,,,14.19132363,1131.26612966,,,396.80427925,,,,3.6,4.018,8036.38888889,7200.34843206
2023-05-04,28850.3,19147200,2050.19,26.048,,,73,,,14.07201284,1107.58215602,,,395.20958904,,,,3.6,4.018,8013.97222222,7180.26381284
2023-05-05,29557.8,19148100,2018,25.66,,,75.85,,,14.64707631,1151.90179267,,,389.6875412,,,,3.6,4.018,8210.5,7356.34644102
2023-05-06,28892.566667,19149000,2019.163333,25.626,,,76.3275,,,14.30917757,1127.4707979,,,378.53416746,,,,3.6,4.018,8025.71296306,7190.78314261
2023-05-07,28227.333333,19149900,2020.326667,25.592,,,76.805,,,13.97166795,1102.97488797,,,367.51947572,,,,3.6,4.018,7840.92592583,7025.21984395
2023-05-08,27562.1,19150800,2021.49,25.558,,,77.2825,,,13.63454679,1078.4138039,,,356.64089542,,,,3.533,3.922,7801.33031418,7027.56246813
2023-05-09,27625.2,19151700,2034.56,25.606,,,77.76,,,13.57797263,1078.856518,,,355.26234568,,,,3.533,3.922,7819.19048967,7043.65119837
2023-05-10,27536.1,19152600,2030.185,25.395,,,76.7,,,13.56334521,1084.31187242,,,359.01043025,,,,3.533,3.922,7793.97112935,7020.93319735
2023-05-11,27004.9,19153500,2015.12,24.188,,,75.32,,,13.4011374,1116.4585745,,,358.53558152,,,,3.533,3.922,7643.61732239,6885.49209587
2023-05-12,26442.5,19154400,2011.06,23.984,,,74.54,,,13.14853858,1102.50583722,,,354.74242018,,,,3.533,3.922,7484.43249363,6742.09586945
2023-05-13,26755.533333,19155300,2012.86,24.020667,,,74.846667,,,13.2922972,1113.85472073,,,357.47127301,,,,3.533,3.922,7573.0351919,6821.91058975
2023-05-14,27068.566667,19156200,2014.66,24.057333,,,75.153333,,,13.43579893,1125.16905623,,,360.1778602,,,,3.533,3.922,7661.63789046,6901.7253103
2023-05-15,27381.6,19157100,2016.46,24.094,,,75.46,,,13.57904446,1136.44890844,,,362.86244368,,,,3.536,3.897,7743.66515837,7026.32794457
2023-05-16,27026.5,19158000,1988.92,23.751,,,75.15,,,13.58853046,1137.90998274,,,359.6340652,,,,3.536,3.897,7643.24095023,6935.20656916
2023-05-17,27378.6,19158900,1981.57,23.743,,,76.98,,,13.81662015,1153.12302573,,,355.65861263,,,,3.536,3.897,7742.81674208,7025.55812163
2023-05-18,26931,19159800,1957.53,23.496,,,75.75,,,13.75764356,1146.19509704,,,355.52475248,,,,3.536,3.897,7616.23303167,6910.70053888
2023-05-19,26839,19160700,1976.33,23.818,,,75.42,,,13.58022193,1126.83684608,,,355.86051445,,,,3.536,3.897,7590.21493213,6887.09263536
2023-05-20,26863.966667,19161600,1974.826667,23.755,,,75.536667,,,13.6032023,1130.87630676,,,355.64140879,,,,3.536,3.897,7597.27564112,6893.49927303
2023-05-21,26888.933333,19162500,1973.323333,23.692,,,75.653333,,,13.6262177,1134.93725025,,,355.42298358,,,,3.536,3.897,7604.33634983,6899.90591044
2023-05-22,26913.9,19163400,1971.82,23.629,,,75.77,,,13.64926819,1139.01984849,,,355.20522634,,,,3.534,3.883,7615.70458404,6931.21297965
2023-05-23,27202.1,19164300,1975.03,23.45,,,76.66,,,13.77300598,1160.00426439,,,354.84085573,,,,3.534,3.883,7697.25523486,7005.43394283
2023-05-24,26367.1,19165200,1957.36,23.065,,,77.99,,,13.47074631,1143.16496857,,,338.08308758,,,,3.534,3.883,7460.97906055,6790.39402524
2023-05-25,26476.6,19166100,1940.86,22.737,,,75.66,,,13.64168461,1164.47200598,,,349.9418451,,,,3.534,3.883,7491.96378042,6818.59387072
2023-05-26,26785.3,19167000,1947.59,23.295,,,76.33,,,13.75304864,1149.83043572,,,350.91445041,,,,3.534,3.883,7579.31522354,6898.09425702
2023-05-27,27081.866667,19167900,1946.188333,23.2535,,,75.5925,,,13.91533708,1164.63614798,,,358.26129136,,,,3.534,3.883,7663.23335229,6974.46991167
2023-05-28,27378.433333,19168800,1944.786667,23.212,,,74.855,,,14.07785944,1179.49480153,,,365.75290005,,,,3.534,3.883,7747.15148076,7050.84556606
2023-05-29,27675,19169700,1943.385,23.1705,,,74.1175,,,14.24061624,1194.40668091,,,373.393598,,,,3.571,3.855,7749.9299916,7178.98832685
2023-05-30,27730.2,19170600,1959.43,23.194,,,73.38,,,14.15217691,1195.57644218,,,377.89860998,,,,3.571,3.855,7765.38784654,7193.307393
2023-05-31,27095.1,19171500,1962.93,23.519,,,71.98,,,13.80339594,1152.0515328,,,376.42539594,,,,3.571,3.855,7587.53850462,7028.56031128
2023-06-01,26897.6,19172400,1977.58,23.878,,,74.18,,,13.60127024,1126.45950247,,,362.59908331,,,,3.571,3.855,7532.23186782,6977.32814527
2023-06-02,27252.5,19173300,1948.75,23.62,,,76,,,13.98460552,1153.78916173,,,358.58552632,,,,3.571,3.855,7631.6157939,7069.39040208
2023-06-03,26724.766667,19174200,1953.13,23.605667,,,76.203333,,,13.6830455,1132.13351129,,,350.70338284,,,,3.571,3.855,7483.83272669,6932.49459585
2023-06-04,26197.033333,19175100,1957.51,23.591333,,,76.406667,,,13.382835,1110.45159394,,,342.8631867,,,,3.571,3.855,7336.0496592,6795.59878936
2023-06-05,25669.3,19176000,1961.89,23.577,,,76.61,,,13.08396495,1088.74326674,,,335.06461297,,,,3.541,3.797,7249.16690201,6760.41611799
2023-06-06,27064.6,19176900,1963.36,23.593,,,76.22,,,13.78483824,1147.14533972,,,355.08527945,,,,3.541,3.797,7643.2081333,7127.89043982
2023-06-07,26133.4,19177800,1940.01,23.444,,,76.85,,,13.47075531,1114.71591879,,,340.05725439,,,,3.541,3.797,7380.231573,6882.64419278
2023-06-08,26579.8,19178700,1965.7,24.269,,,75.88,,,13.52179885,1095.21611933,,,350.28729573,,,,3.541,3.797,7506.29765603,7000.21069265
2023-06-09,26410.5,19179600,1960.04,24.273,,,74.74,,,13.47446991,1088.06080831,,,353.36499866,,,,3.541,3.797,7458.4863033,6955.62286015
2023-06-10,26250.833333,19180500,1959.19,24.203,,,73.76,,,13.39881958,1084.61072317,,,355.89524584,,,,3.541,3.797,7413.39546258,6913.57211825
2023-06-11,26091.166667,19181400,1958.34,24.133,,,72.78,,,13.32310358,1081.1406235,,,358.49363379,,,,3.541,3.797,7368.30462214,6871.52137661
2023-06-12,25931.5,19182300,1957.49,24.063,,,71.8,,,13.24732183,1077.65033454,,,361.16295265,,,,3.595,3.794,7213.21279555,6834.87084871
2023-06-13,25844.1,19183200,1943.6,23.673,,,74.24,,,13.29702614,1091.71207705,,,348.11557112,,,,3.595,3.794,7188.90125174,6811.83447549
2023-06-14,25119,19184100,1941.97,23.923,,,73.39,,,12.93480332,1049.99372988,,,342.26733887,,,,3.595,3.794,6987.20445063,6620.71692145
2023-06-15,25555.6,19185000,1958.045,23.884,,,75.75,,,13.05158972,1069.98827667,,,337.36765677,,,,3.595,3.794,7108.65090403,6735.79335793
2023-06-16,26378.6,19185900,1955.66,24.15,,,76.76,,,13.48833642,1092.2815735,,,343.65033872,,,,3.595,3.794,7337.57997218,6952.71481286
2023-06-17,26506.366667,19186800,1953.89,24.085167,,,76.536667,,,13.56594622,1100.52658829,,,346.32245832,,,,3.595,3.794,7373.12007427,6986.39079257
2023-06-18,26634.133333,19187700,1952.12,24.020333,,,76.313333,,,13.64369677,1108.81615725,,,349.01022254,,,,3.595,3.794,7408.66017608,7020.06677201
2023-06-19,26761.9,19188600,1950.35,23.9555,,,76.09,,,13.72158843,1117.15054998,,,351.71376002,,,,3.577,3.815,7481.66060945,7014.91480996
2023-06-20,28134.2,19189500,1936.325,23.156,,,75.79,,,14.52968897,1214.98531698,,,371.21256102,,,,3.577,3.815,7865.30612245,7374.62647444
2023-06-21,29882.5,19190400,1932.7,22.662,,,76.92,,,15.4615305,1318.61706822,,,388.48803952,,,,3.577,3.815,8354.06765446,7832.89646134
2023-06-22,30060.4,19191300,1913.77,22.255,,,73.93,,,15.70742566,1350.72567962,,,406.60624915,,,,3.577,3.815,8403.80206877,7879.52817824
2023-06-23,30901.8,19192200,1919.15,22.413,,,73.56,,,16.10181591,1378.74447865,,,420.08972268,,,,3.577,3.815,8639.0271177,8100.07863696
2023-06-24,30656.366667,19193100,1920.481667,22.538667,,,73.66,,,15.96285307,1360.16769168,,,416.18743778,,,,3.577,3.815,8570.41282276,8035.74486684
2023-06-25,30410.933333,19194000,1921.813333,22.664333,,,73.76,,,15.82408281,1341.79696941,,,412.29573391,,,,3.577,3.815,8501.79852754,7971.41109646
2023-06-26,30165.5,19194900,1923.145,22.79,,,73.86,,,15.68550473,1323.62878455,,,408.4145681,,,,3.571,3.801,8447.35368244,7936.20099974
2023-06-27,30723,19195800,1913.765,22.86,,,71.88,,,16.0536952,1343.96325459,,,427.42070117,,,,3.571,3.801,8603.47241669,8082.87292818
2023-06-28,30134,19196700,1907.425,22.693,,,73.64,,,15.79826205,1327.89847089,,,409.20695274,,,,3.571,3.801,8438.53262391,7927.91370692
2023-06-29,30413.1,19197600,1908.235,22.574,,,73.86,,,15.93781688,1347.2623372,,,411.76685621,,,,3.571,3.801,8516.6900028,8001.34175217
2023-06-30,30377.2,19198500,1920.185,22.775,,,74.51,,,15.81993402,1333.79582876,,,407.69292712,,,,3.571,3.801,8506.63679642,7991.89686924
2023-07-01,30602.166667,19199400,1920.653333,22.818167,,,74.513333,,,15.93320676,1341.13168104,,,410.6938374,,,,3.571,3.801,8569.63502296,8051.08304841
2023-07-02,30827.133333,19200300,1921.121667,22.861333,,,74.516667,,,16.04642426,1348.439889,,,413.69447365,,,,3.571,3.801,8632.63324923,8110.26922731
2023-07-03,31052.1,19201200,1921.59,22.9045,,,74.52,,,16.15958659,1355.72049161,,,416.69484702,,,,3.527,3.767,8804.11114261,8243.19086806
2023-07-04,30810.5,19202100,1925.895,22.973,,,76.23,,,15.99801651,1341.16136334,,,404.17814509,,,,3.527,3.767,8735.61100085,8179.05495089
2023-07-05,30474.8,19203000,1915.235,23.1285,,,76.74,,,15.91178106,1317.62976414,,,397.11753974,,,,3.527,3.767,8640.43096116,8089.93894346
2023-07-06,30222,19203900,1910.925,22.7205,,,76.72,,,15.81537737,1330.16438899,,,393.92596455,,,,3.527,3.767,8568.75531613,8022.82983807
2023-07-07,30224.4,19204800,1924.845,23.094,,,78.77,,,15.70225135,1308.75552091,,,383.70445601,,,,3.527,3.767,8569.43578112,8023.46694983
2023-07-08,30264.066667,19205700,1925.011667,23.111,,,78.456667,,,15.72149779,1309.50918035,,,385.74244643,,,,3.527,3.767,8580.68235526,8033.99699151
2023-07-09,30303.733333,19206600,1925.178333,23.128,,,78.143333,,,15.7407409,1310.2617318,,,387.79678534,,,,3.527,3.767,8591.92892912,8044.52703292
2023-07-10,30343.4,19207500,1925.345,23.145,,,77.83,,,15.75998068,1311.01317779,,,389.86766029,,,,3.546,3.806,8557.0783982,7972.5170783
2023-07-11,30570.5,19208400,1932.225,23.1245,,,79.54,,,15.82139761,1321.99615127,,,384.34121197,,,,3.546,3.806,8621.12239143,8032.18602207
2023-07-12,30355.4,19209300,1957.425,24.1265,,,80.35,,,15.50782278,1258.17669368,,,377.78967019,,,,3.546,3.806,8560.46249295,7975.66999475
2023-07-13,31266.5,19210200,1960.475,24.8765,,,81.31,,,15.94843086,1256.86893253,,,384.5344976,,,,3.546,3.806,8817.3998872,8215.05517604
2023-07-14,30132.8,19211100,1954.535,24.901,,,79.9,,,15.41686386,1210.10401189,,,377.13141427,,,,3.546,3.806,8497.68753525,7917.18339464
2023-07-15,30171.6,19212000,1954.668333,24.880333,,,79.2,,,15.43566215,1212.66865681,,,380.95454545,,,,3.546,3.806,8508.62944162,7927.37782449
2023-07-16,30210.4,19212900,1954.801667,24.859667,,,78.5,,,15.45445787,1215.23751706,,,384.84585987,,,,3.546,3.806,8519.571348,7937.57225434
2023-07-17,30249.2,19213800,1954.935,24.839,,,77.8,,,15.47325103,1217.81070091,,,388.80719794,,,,3.559,3.806,8499.35375105,7947.76668418
2023-07-18,29807.5,19214700,1978.805,25.056,,,79.54,,,15.06338421,1189.63521711,,,374.74855419,,,,3.559,3.806,8375.24585558,7831.7130846
2023-07-19,29933.6,19215600,1977.01,25.156,,,79.38,,,15.140844,1189.91890603,,,377.09246662,,,,3.559,3.806,8410.6771565,7864.84498161
2023-07-20,29879.3,19216500,1969.53,24.7625,,,79.62,,,15.17077678,1206.63503281,,,375.27380055,,,,3.559,3.806,8395.42006182,7850.57803468
2023-07-21,29867.2,19217400,1962.5,24.602,,,81.06,,,15.21895541,1214.01512072,,,368.4579324,,,,3.559,3.806,8392.0202304,7847.39884393
2023-07-22,29632.733333,19218300,1959.951667,24.5165,,,81.55,,,15.11911433,1208.68530716,,,363.36889433,,,,3.559,3.806,8326.14030149,7785.7943597
2023-07-23,29398.266667,19219200,1957.403333,24.431,,,82.04,,,15.01901329,1203.31818865,,,358.34064684,,,,3.559,3.806,8260.26037286,7724.18987572
2023-07-24,29163.8,19220100,1954.855,24.3455,,,82.53,,,14.91865126,1197.91337208,,,353.37210711,,,,3.596,3.905,8110.06674082,7468.32266325
2023-07-25,29226.9,19221000,1965.015,24.687,,,83.46,,,14.87362692,1183.89840807,,,350.19051042,,,,3.596,3.905,8127.61401557,7484.48143406
2023-07-26,29467.2,19221900,1972.295,24.935,,,82.98,,,14.94056417,1181.7605775,,,355.1120752,,,,3.596,3.905,8194.43826474,7546.01792574
2023-07-27,29179.2,19222800,1945.645,24.1325,,,84.28,,,14.99718602,1209.12462447,,,346.21737067,,,,3.596,3.905,8114.34927697,7472.26632522
2023-07-28,29313.9,19223700,1959.135,24.322,,,84.49,,,14.96267485,1205.24216758,,,346.95111848,,,,3.596,3.905,8151.80756396,7506.76056338
2023-07-29,29288.7,19224600,1961.281667,24.4665,,,84.733333,,,14.93344913,1197.09398565,,,345.65735777,,,,3.596,3.905,8144.79977753,7500.30729834
2023-07-30,29263.5,19225500,1963.428333,24.611,,,84.976667,,,14.90428732,1189.04148551,,,344.37100245,,,,3.596,3.905,8137.7919911,7493.85403329
2023-07-31,29238.3,19226400,1965.575,24.7555,,,85.22,,,14.87518919,1181.08299166,,,343.09199718,,,,3.757,4.127,7782.35294118,7084.63775139
2023-08-01,29225.7,19227300,1944.175,24.2965,,,85.34,,,15.03244307,1202.87695759,,,342.46191704,,,,3.757,4.127,7778.99920149,7081.58468621
2023-08-02,29162.9,19228200,1934.895,23.715,,,84.01,,,15.07208401,1229.7238035,,,347.13605523,,,,3.757,4.127,7762.28373702,7066.36782166
2023-08-03,29221.4,19229100,1934.165,23.5755,,,86.19,,,15.10801819,1239.48166529,,,339.0346908,,,,3.757,4.127,7777.85467128,7080.54276714
2023-08-04,28998.4,19230000,1941.515,23.604,,,87.38,,,14.93596496,1228.53753601,,,331.86541543,,,,3.757,4.127,7718.49880224,7026.50835958
2023-08-05,29053,19230900,1939.891667,23.4475,,,87.076667,,,14.97660952,1239.06599851,,,333.6485077,,,,3.757,4.127,7733.03167421,7039.7383087
2023-08-06,29107.6,19231800,1938.268333,23.291,,,86.773333,,,15.01732217,1249.73594951,,,335.44407013,,,,3.757,4.127,7747.56454618,7052.96825781
2023-08-07,29162.2,19232700,1936.645,23.1345,,,86.47,,,15.05810306,1260.55026043,,,337.25222621,,,,3.828,4.239,7618.12957158,6879.49988205
2023-08-08,29849,19233600,1925.305,22.7765,,,88,,,15.50351762,1310.51741927,,,339.19318182,,,,3.828,4.239,7797.54440961,7041.51922623
2023-08-09,29501.2,19234500,1914.785,22.6735,,,89.31,,,15.40705614,1301.1312766,,,330.32359198,,,,3.828,4.239,7706.68756531,6959.47157348
2023-08-10,29434.8,19235400,1912.375,22.698,,,87.44,,,15.39175109,1296.80148031,,,336.62854529,,,,3.828,4.239,7689.34169279,6943.80750177
2023-08-11,29360.1,19236300,1913.705,22.6805,,,87.93,,,15.3420198,1294.50849849,,,333.90310474,,,,3.828,4.239,7669.82758621,6926.18542109
2023-08-12,29364.166667,19237200,1911.635,22.6545,,,87.753333,,,15.36076012,1296.17368148,,,334.62166807,,,,3.828,4.239,7670.88993391,6927.14476693
2023-08-13,29368.233333,19238100,1909.565,22.6285,,,87.576667,,,15.37954106,1297.84269099,,,335.34312665,,,,3.828,4.239,7671.95228135,6928.10411253
2023-08-14,29372.3,19239000,1907.495,22.6025,,,87.4,,,15.39836277,1299.51554032,,,336.06750572,,,,3.85,4.378,7629.16883117,6709.06806761
2023-08-15,29197.8,19239900,1901.985,22.5325,,,86.28,,,15.35122517,1295.80827693,,,338.40751043,,,,3.85,4.378,7583.84415584,6669.20968479
2023-08-16,28897.2,19240800,1892.12,22.415,,,84.49,,,15.27239287,1289.19027437,,,342.01917387,,,,3.85,4.378,7505.76623377,6600.54819552
2023-08-17,26234.7,19241700,1889.38,22.6895,,,85.24,,,13.88534863,1156.24848498,,,307.77451901,,,,3.85,4.378,6814.20779221,5992.39378712
2023-08-18,26062.5,19242600,1889.48,22.757,,,85.92,,,13.79347757,1145.25201037,,,303.33449721,,,,3.85,4.378,6769.48051948,5953.06075834
2023-08-19,26105.8,19243500,1891.213333,22.941833,,,85.76,,,13.80373094,1137.91256348,,,304.40531716,,,,3.85,4.378,6780.72727273,5962.95111923
2023-08-20,26149.1,19244400,1892.946667,23.126667,,,85.6,,,13.81396553,1130.69038439,,,305.48014019,,,,3.85,4.378,6791.97402597,5972.84148013
2023-08-21,26192.4,19245300,1894.68,23.3115,,,85.44,,,13.82418139,1123.58278103,,,306.55898876,,,,3.868,4.389,6771.56153051,5967.73752563
2023-08-22,25661.2,19246200,1897.45,23.4075,,,84.7,,,13.52404543,1096.28110648,,,302.96576151,,,,3.868,4.389,6634.22957601,5846.70767829
2023-08-23,26314.8,19247100,1915.605,24.313,,,83.94,,,13.73707001,1082.33455353,,,313.49535382,,,,3.868,4.389,6803.20579111,5995.6254272
2023-08-24,26081.7,19248000,1916.83,24.125,,,84.07,,,13.60668395,1081.10673575,,,310.23789699,,,,3.868,4.389,6742.94208893,5942.51537936
2023-08-25,25945.3,19248900,1914.355,24.2355,,,85.42,,,13.55302439,1070.54940067,,,303.73800047,,,,3.868,4.389,6707.67838676,5911.43768512
2023-08-26,25953.333333,19249800,1916.315,24.2365,,,85.6575,,,13.54335448,1070.8366857,,,302.98961951,,,,3.868,4.389,6709.75525672,5913.26801846
2023-08-27,25961.366667,19250700,1918.275,24.2375,,,85.895,,,13.53370433,1071.12394707,,,302.24537711,,,,3.868,4.389,6711.83212694,5915.09835202
2023-08-28,25969.4,19251600,1920.235,24.2385,,,86.1325,,,13.52407388,1071.41118469,,,301.50523902,,,,3.813,4.475,6810.75268817,5803.21787709
2023-08-29,27661.4,19252500,1937.465,24.722,,,86.37,,,14.27710952,1118.8981474,,,320.26629617,,,,3.813,4.475,7254.49777078,6181.31843575
2023-08-30,27259.6,19253400,1942.58,24.614,,,86.62,,,14.03267819,1107.48354595,,,314.70330178,,,,3.813,4.475,7149.1214267,6091.53072626
2023-08-31,26021.4,19254300,1940.095,24.438,,,87.29,,,13.41243599,1064.79253621,,,298.10287547,,,,3.813,4.475,6824.3902439,5814.83798883
2023-09-01,25630,19255200,1940.585,24.174,,,89.98,,,13.20735758,1060.22999917,,,284.84107579,,,,3.813,4.475,6721.74141096,5727.37430168
2023-09-02,25643.5,19256100,1939.841667,24.111,,,90.126667,,,13.21937787,1063.56020074,,,284.52733085,,,,3.813,4.475,6725.28193024,5730.39106145
2023-09-03,25657,19257000,1939.098333,24.048,,,90.273333,,,13.23140738,1066.90785096,,,284.21460854,,,,3.813,4.475,6728.82244951,5733.40782123
2023-09-04,25670.5,19257900,1938.355,23.985,,,90.42,,,13.24344612,1070.27308735,,,283.90289759,,,,3.807,4.492,6742.97346992,5714.71504898
2023-09-05,25722.4,19258800,1926.115,23.5455,,,91.25,,,13.35455048,1092.45503387,,,281.88931507,,,,3.807,4.492,6756.60625164,5726.26892253
2023-09-06,25710.8,19259700,1916.565,23.1745,,,91.79,,,13.41504202,1109.44356944,,,280.10458656,,,,3.807,4.492,6753.55923299,5723.68655387
2023-09-07,26140.9,19260600,1919.705,22.9715,,,91.16,,,13.6171443,1137.97096402,,,286.75844669,,,,3.807,4.492,6866.53532966,5819.43455031
2023-09-08,25874.4,19261500,1919.255,22.92,,,91.85,,,13.4814811,1128.90052356,,,281.70277627,,,,3.807,4.492,6796.53270292,5760.10685663
2023-09-09,25629.566667,19262400,1920.308333,22.973,,,91.89,,,13.34658931,1115.63864828,,,278.91573258,,,,3.807,4.492,6732.22134673,5705.60255276
2023-09-10,25384.733333,19263300,1921.361667,23.026,,,91.93,,,13.21184542,1102.43782389,,,276.13111425,,,,3.807,4.492,6667.90999028,5651.09824866
2023-09-11,25139.9,19264200,1922.415,23.079,,,91.97,,,13.07724919,1089.29762988,,,273.34891813,,,,3.822,4.54,6577.68184197,5537.42290749
2023-09-12,26100.9,19265100,1913.425,23.0705,,,93.58,,,13.64093184,1131.3538935,,,278.91536653,,,,3.822,4.54,6829.12087912,5749.0969163
2023-09-13,26232,19266000,1908.245,22.8345,,,93.04,,,13.74666251,1148.78801813,,,281.94325021,,,,3.822,4.54,6863.42229199,5777.97356828
2023-09-14,26535.4,19266900,1910.635,22.648,,,95.2,,,13.88826228,1171.6442953,,,278.73319328,,,,3.822,4.54,6942.80481423,5844.80176211
2023-09-15,26402.5,19267800,1922.505,23.018,,,95.55,,,13.73338431,1147.0371014,,,276.32129775,,,,3.822,4.54,6908.03244375,5815.52863436
2023-09-16,26549.466667,19268700,1926.255,23.095,,,95.683333,,,13.78294497,1149.5763874,,,277.47221835,,,,3.822,4.54,6946.48526086,5847.90014692
2023-09-17,26696.433333,19269600,1930.005,23.172,,,95.816667,,,13.83231304,1152.09879738,,,278.61993293,,,,3.822,4.54,6984.93807771,5880.27165925
2023-09-18,26843.4,19270500,1933.755,23.249,,,95.95,,,13.88148964,1154.60449912,,,279.76446066,,,,3.878,4.633,6921.97008767,5793.95639974
2023-09-19,27161.8,19271400,1931.435,23.2015,,,96.11,,,14.06301532,1170.69155012,,,282.61159089,,,,3.878,4.633,7004.07426509,5862.6807684
2023-09-20,27108.2,19272300,1930.405,23.2425,,,94.56,,,14.04275269,1166.32031838,,,286.67724196,,,,3.878,4.633,6990.25270758,5851.11159076
2023-09-21,26612.6,19273200,1920.11,23.4005,,,93.7,,,13.85993511,1137.26629773,,,284.01921025,,,,3.878,4.633,6862.45487365,5744.13986618
2023-09-22,26540.4,19274100,1925.415,23.5475,,,93.99,,,13.78424911,1127.10054146,,,282.37472071,,,,3.878,4.633,6843.8370294,5728.55601122
2023-09-23,26452.433333,19275000,1922.275,23.4085,,,93.996667,,,13.76100367,1130.03538599,,,281.41884364,,,,3.878,4.633,6821.15351547,5709.56903367
2023-09-24,26364.466667,19275900,1919.135,23.2695,,,94.003333,,,13.73768217,1133.00529307,,,280.46310514,,,,3.878,4.633,6798.47000181,5690.58205633
2023-09-25,26276.5,19276800,1915.995,23.1305,,,94.01,,,13.71428422,1136.01089471,,,279.5074992,,,,3.837,4.586,6848.18868908,5729.72088966
2023-09-26,26154.1,19277700,1900.665,22.8495,,,94.46,,,13.76049961,1144.62460885,,,276.88016091,,,,3.837,4.586,6816.28876727,5703.0309638
2023-09-27,26257.5,19278600,1875.06,22.546,,,97.1,,,14.00355189,1164.61900115,,,270.41709578,,,,3.837,4.586,6843.23690383,5725.57784562
2023-09-28,27004.5,19279500,1864.94,22.621,,,96.64,,,14.48009051,1193.78011582,,,279.43398179,,,,3.837,4.586,7037.9202502,5888.46489315
2023-09-29,26918.5,19280400,1848.49,22.181,,,95.86,,,14.56242663,1213.58369776,,,280.81055706,,,,3.837,4.586,7015.50690644,5869.71216747
2023-09-30,27105.733333,19281300,1841.623333,21.802,,,94.31,,,14.71839157,1243.26820168,,,287.41102039,,,,3.837,4.586,7064.30370941,5910.5393225
2023-10-01,27292.966667,19282200,1834.756667,21.423,,,92.76,,,14.87552391,1274.00301858,,,294.23206842,,,,3.837,4.586,7113.10051264,5951.36647776
2023-10-02,27480.2,19283100,1827.89,21.044,,,91.21,,,15.03383683,1305.84489641,,,301.28494683,,,,3.798,4.593,7235.43970511,5983.06118006
2023-10-03,27399.8,19284000,1822.975,21.1625,,,94.46,,,15.03026646,1294.73360898,,,290.06775355,,,,3.798,4.593,7214.27066877,5965.5562813
2023-10-04,27688.1,19284900,1821.25,21.0085,,,89.83,,,15.20280027,1317.94749744,,,308.22776355,,,,3.798,4.593,7290.1790416,6028.32571304
2023-10-05,27458,19285800,1820.255,20.9725,,,88.28,,,15.08469967,1309.23828823,,,311.03307657,,,,3.798,4.593,7229.59452343,5978.22773786
2023-10-06,27960.3,19286700,1829.385,21.5315,,,87.86,,,15.28398888,1298.57650419,,,318.2369679,,,,3.798,4.593,7361.84834123,6087.58981058
2023-10-07,27849.166667,19287600,1840.091667,21.649833,,,89.03,,,15.13466267,1286.34556521,,,312.80654461,,,,3.798,4.593,7332.58732675,6063.39357
2023-10-08,27738.033333,19288500,1850.798333,21.768167,,,90.2,,,14.98706414,1274.24754381,,,307.51699926,,,,3.798,4.593,7303.32631201,6039.1973292
2023-10-09,27626.9,19289400,1861.505,21.8865,,,91.37,,,14.84116347,1262.28040116,,,302.36292,,,,3.684,4.498,7499.15852334,6142.04090707
2023-10-10,27428.7,19290300,1860.5,21.8385,,,90.7,,,14.74264983,1255.97911945,,,302.41124587,,,,3.684,4.498,7445.35830619,6097.97687861
2023-10-11,26720.7,19291200,1874.35,22.0405,,,87.58,,,14.25598207,1212.34545496,,,305.10047956,,,,3.684,4.498,7253.17589577,5940.57358826
2023-10-12,26749.1,19292100,1868.81,21.825,,,88.4,,,14.3134401,1225.61741123,,,302.59162896,,,,3.684,4.498,7260.88490771,5946.88750556
2023-10-13,26771.3,19293000,1928.23,22.6845,,,94.33,,,13.88387277,1180.15825784,,,283.80472808,,,,3.684,4.498,7266.91096634,5951.82303246
2023-10-14,27325.9,19293900,1925.548333,22.659667,,,93.216667,,,14.19123038,1205.9268126,,,293.14392886,,,,3.684,4.498,7417.45385451,6075.12227657
2023-10-15,27880.5,19294800,1922.866667,22.634833,,,92.103333,,,14.49944527,1231.75196389,,,302.708915,,,,3.684,4.498,7567.99674267,6198.42152068
2023-10-16,28435.1,19295700,1920.185,22.61,,,90.99,,,14.80852105,1257.63379036,,,312.50796791,,,,3.576,4.444,7951.64988814,6398.53735374
2023-10-17,28497.9,19296600,1923.145,22.807,,,92.52,,,14.81838343,1249.52426886,,,308.01880674,,,,3.576,4.444,7969.2114094,6412.66876688
2023-10-18,28276.5,19297500,1947.735,22.854,,,91.99,,,14.51763202,1237.26699921,,,307.38667246,,,,3.576,4.444,7907.29865772,6362.84878488
2023-10-19,28615.3,19298400,1974.385,23.054,,,93.12,,,14.49327259,1241.22928776,,,307.29488832,,,,3.576,4.444,8002.04138702,6439.08640864
2023-10-20,29544.3,19299300,1979.84,23.3495,,,93.72,,,14.9225695,1265.3076083,,,315.24007682,,,,3.576,4.444,8261.82885906,6648.13231323
2023-10-21,30243.666667,19300200,1977.51,23.226167,,,93.106667,,,15.29381225,1302.13765651,,,324.82815293,,,,3.576,4.444,8457.40119323,6805.50555063
2023-10-22,30943.033333,19301100,1975.18,23.102833,,,92.493333,,,15.66593087,1339.36099235,,,334.54339172,,,,3.576,4.444,8652.97352713,6962.8787878
2023-10-23,31642.4,19302000,1972.85,22.9795,,,91.88,,,16.03892845,1376.98383342,,,344.38833261,,,,3.533,4.545,8956.24115483,6962.02420242
2023-10-24,34144.7,19302900,1971.12,22.917,,,88,,,17.32248671,1489.92887376,,,388.00795455,,,,3.533,4.545,9664.50608548,7512.58525853
2023-10-25,34559.5,19303800,1979.565,22.861,,,90.14,,,17.45812843,1511.72302174,,,383.39804748,,,,3.533,4.545,9781.91338806,7603.85038504
2023-10-26,34113.8,19304700,1984.87,22.794,,,88.45,,,17.18691904,1496.61314381,,,385.68456755,,,,3.533,4.545,9655.75997736,7505.78657866
2023-10-27,33708.8,19305600,2007.33,23.105,,,90.73,,,16.79285419,1458.93962346,,,371.52871156,,,,3.533,4.545,9541.12652137,7416.67766777
2023-10-28,33965.066667,19306500,2003.266667,23.168833,,,90.73,,,16.95484042,1465.98090059,,,374.35320916,,,,3.533,4.545,9613.66166629,7473.06197294
2023-10-29,34221.333333,19307400,1999.203333,23.232667,,,90.73,,,17.11748513,1472.98342171,,,377.17770675,,,,3.533,4.545,9686.19681093,7529.44627789
2023-10-30,34477.6,19309200,1995.14,23.2965,,,90.73,,,17.28079233,1479.94763162,,,380.00220434,,,,3.473,4.454,9927.32507918,7740.81724293
2023-10-31,34573.7,19310100,1984.69,22.85,,,86.82,,,17.42020164,1513.07221007,,,398.22275973,,,,3.473,4.454,9954.99568097,7762.39335429
2023-11-01,35285,19311000,1983.925,22.991,,,86.92,,,17.78545056,1534.73098169,,,405.94799816,,,,3.473,4.454,10159.80420386,7922.09250112
2023-11-02,34793,19311900,1985,22.723,,,89.02,,,17.5279597,1531.17986181,,,390.84475399,,,,3.473,4.454,10018.13993665,7811.62999551
2023-11-03,34616.2,19312800,1992.57,23.216,,,87.55,,,17.37263936,1491.04927636,,,395.38777841,,,,3.473,4.454,9967.23293982,7771.93533902
2023-11-04,34785.9,19313700,1987.71,23.154167,,,87.47,,,17.50049051,1502.3602447,,,397.68949354,,,,3.473,4.454,10016.09559459,7810.03592277
2023-11-05,34955.6,19314600,1982.85,23.092333,,,87.39,,,17.6289684,1513.73185204,,,399.99542282,,,,3.473,4.454,10064.95824935,7848.13650651
2023-11-06,35125.3,19315500,1977.99,23.0305,,,87.31,,,17.75807764,1525.16445583,,,402.30557783,,,,3.396,4.366,10343.13898704,8045.19010536
2023-11-07,35298,19316400,1969.13,22.635,,,83.43,,,17.92568292,1559.44333996,,,423.08522114,,,,3.396,4.366,10393.99293286,8084.74576271
2023-11-08,35781.3,19317300,1950.28,22.549,,,81.46,,,18.34675021,1586.82424941,,,439.24993862,,,,3.396,4.366,10536.30742049,8195.44205222
2023-11-09,36559.9,19318200,1958.435,22.639,,,81.74,,,18.66791596,1614.90790229,,,447.27061414,,,,3.396,4.366,10765.57714959,8373.77462208
2023-11-10,37241.7,19319100,1936.025,22.21,,,83.66,,,19.23616689,1676.79873931,,,445.15539087,,,,3.396,4.366,10966.34275618,8529.93586807
2023-11-11,36987.033333,19320000,1939.42,22.244667,,,83.803333,,,19.07118279,1662.73711056,,,441.35515867,,,,3.396,4.366,10891.35257155,8471.60635204
2023-11-12,36732.366667,19320900,1942.815,22.279333,,,83.946667,,,18.90677531,1648.7193161,,,437.56789852,,,,3.396,4.366,10816.36238722,8413.27683623
2023-11-13,36477.7,19321800,1946.21,22.314,,,84.09,,,18.74294141,1634.74500314,,,433.79355452,,,,3.349,4.294,10892.11704987,8495.03959013
2023-11-14,35613.6,19322700,1963.125,23.087,,,84.2,,,18.14127985,1542.58240568,,,422.96437055,,,,3.349,4.294,10634.09973126,8293.80530973
2023-11-15,37724.7,19323600,1959.395,23.4425,,,82.4,,,19.25323888,1609.24389464,,,457.82402913,,,,3.349,4.294,11264.46700508,8785.44480671
2023-11-16,36221.6,19324500,1981.27,23.7455,,,77.73,,,18.28201103,1525.40902487,,,465.99253827,,,,3.349,4.294,10815.64646163,8435.39823009
2023-11-17,36468.5,19325400,1980.79,23.7345,,,81.22,,,18.41108851,1536.51857001,,,449.00886481,,,,3.349,4.294,10889.36996118,8492.89706567
2023-11-18,36797.333333,19326300,1979.865,23.634833,,,81.896667,,,18.585779,1556.91107836,,,449.31417457,,,,3.349,4.294,10987.55847507,8569.47678924
2023-11-19,37126.166667,19327200,1978.94,23.535167,,,82.573333,,,18.7606328,1577.4762366,,,449.61448591,,,,3.349,4.294,11085.74698925,8646.05651304
2023-11-20,37455,19328100,1978.015,23.4355,,,83.25,,,18.93565013,1598.21638113,,,449.90990991,,,,3.289,4.209,11387.95986622,8898.78831076
2023-11-21,36382.2,19329000,1998.41,23.7465,,,82.42,,,18.20557343,1532.10788958,,,441.42441155,,,,3.289,4.209,11061.78169656,8643.90591589
2023-11-22,37461,19329900,1989.9,23.6385,,,81.76,,,18.82556912,1584.74522495,,,458.18248532,,,,3.289,4.209,11389.78412891,8900.21382751
2023-11-23,37310.2,19330800,1993.07,23.8355,,,80.85,,,18.71996468,1565.32063519,,,461.47433519,,,,3.289,4.209,11343.93432654,8864.38583987
2023-11-24,37833.5,19331700,2002.445,24.3325,,,79.82,,,18.89365251,1554.85461831,,,473.98521674,,,,3.289,4.209,11503.04043782,8988.71465906
2023-11-25,37583.866667,19332600,2006.303333,24.438,,,79.71,,,18.7328935,1537.92727175,,,471.5075482,,,,3.289,4.209,11427.14097507,8929.40524281
2023-11-26,37334.233333,19333500,2010.161667,24.5435,,,79.6,,,18.57275161,1521.14544922,,,469.02303182,,,,3.289,4.209,11351.24151201,8870.09582632
2023-11-27,37084.6,19334400,2014.02,24.649,,,79.49,,,18.4132233,1504.50728224,,,466.5316392,,,,3.238,4.146,11452.93390982,8944.66956102
2023-11-28,37877.7,19335300,2040.95,25.03,,,81.66,,,18.55885739,1513.29204954,,,463.84643644,,,,3.238,4.146,11697.86905497,9135.96237337
2023-11-29,37795.1,19336200,2044.205,25.023,,,82.98,,,18.48889911,1510.41441873,,,455.47240299,,,,3.238,4.146,11672.35948116,9116.0395562
2023-11-30,37691.1,19337100,2036.195,25.271,,,81.72,,,18.51055523,1491.47639587,,,461.22246696,,,,3.238,4.146,11640.24088944,9090.95513748
2023-12-01,38775.3,19338000,2070.895,25.467,,,78.72,,,18.72393337,1522.5703852,,,492.57240854,,,,3.238,4.146,11975.07720815,9352.4602026
2023-12-02,39835.233333,19338900,2057.07,25.145833,,,78.533333,,,19.36503538,1584.16837227,,,507.23981539,,,,3.238,4.146,12302.4191887,9608.11223661
2023-12-03,40895.166667,19339800,2043.245,24.824667,,,78.346667,,,20.01481304,1647.36013043,,,521.97710806,,,,3.238,4.146,12629.76116955,9863.76427086
2023-12-04,41955.1,19340700,2029.42,24.5035,,,78.16,,,20.67344364,1712.20846002,,,536.78480041,,,,3.231,4.092,12985.17486846,10252.95698925
2023-12-05,44290.9,19341600,2019.34,24.16,,,77.27,,,21.93335446,1833.23261589,,,573.19658341,,,,3.231,4.092,13708.1089446,10823.77810362
2023-12-06,43777,19342500,2025.4,23.902,,,74.33,,,21.61400217,1831.52037486,,,588.95466164,,,,3.231,4.092,13549.05601981,10698.19159335
2023-12-07,43151.2,19343400,2028.64,23.8035,,,74.21,,,21.27099929,1812.80904069,,,581.47419485,,,,3.231,4.092,13355.36985453,10545.25904203
2023-12-08,44351.9,19344300,2002.82,23.0285,,,75.94,,,22.14472594,1925.95696637,,,584.03871477,,,,3.231,4.092,13726.98854844,10838.68523949
2023-12-09,43323.533333,19345200,1995.873333,22.960333,,,75.876667,,,21.70655453,1886.88610627,,,570.97306782,,,,3.231,4.092,13408.70731445,10587.37373729
2023-12-10,42295.166667,19346100,1988.926667,22.892167,,,75.813333,,,21.26532233,1847.5824795,,,557.88559866,,,,3.231,4.092,13090.42608078,10336.06223534
2023-12-11,41266.8,19347000,1981.98,22.824,,,75.75,,,20.82099718,1808.04416404,,,544.77623762,,,,3.136,3.987,13159.05612245,10350.33860045
2023-12-12,41212.1,19347900,1979.47,22.771,,,74.11,,,20.81976489,1809.85024812,,,556.09364458,,,,3.136,3.987,13141.61352041,10336.61901179
2023-12-13,42977.4,19348800,2027.56,23.807,,,74.14,,,21.1966107,1805.24215567,,,579.6789857,,,,3.136,3.987,13704.52806122,10779.38299473
2023-12-14,43078,19349700,2036.38,24.1785,,,77.05,,,21.15420501,1781.66552929,,,559.09149903,,,,3.136,3.987,13736.60714286,10804.61499875
2023-12-15,42229.1,19350600,2018.145,23.83,,,76.84,,,20.92471056,1772.09819555,,,549.57183758,,,,3.136,3.987,13465.9119898,10591.69801856
2023-12-16,42318.833333,19351500,2021.193333,23.821833,,,77.523333,,,20.93754845,1776.47258853,,,545.8851122,,,,3.136,3.987,13494.52593527,10614.20449787
2023-12-17,42408.566667,19352400,2024.241667,23.813667,,,78.206667,,,20.95034766,1780.8499072,,,542.26280564,,,,3.136,3.987,13523.13988106,10636.71097743
2023-12-18,42498.3,19353300,2027.29,23.8055,,,78.89,,,20.96310839,1785.23030392,,,538.7032577,,,,3.053,3.894,13920.1768752,10913.79044684
2023-12-19,42312.1,19354200,2040.27,24.0525,,,79.82,,,20.73848069,1759.15601289,,,530.09396141,,,,3.053,3.894,13859.18768425,10865.97329224
2023-12-20,43613,19355100,2031.275,24.1505,,,81.1,,,21.47075113,1805.88393615,,,537.76818742,,,,3.053,3.894,14285.29315427,11200.05136107
2023-12-21,43957.3,19356000,2045.81,24.3985,,,80.73,,,21.48650168,1801.63944505,,,544.49770841,,,,3.053,3.894,14398.06747462,11288.46944016
2023-12-22,43690.6,19356900,2053.335,24.156,,,80.23,,,21.27787234,1808.68521278,,,544.56687025,,,,3.053,3.894,14310.71077629,11219.97945557
2023-12-23,43383.325,19357800,2057.0125,24.173875,,,80.23,,,21.09045278,1794.63677214,,,540.73694379,,,,3.053,3.894,14210.0638716,11141.06959425
2023-12-24,43076.05,19358700,2060.69,24.19175,,,80.23,,,20.90370216,1780.60909194,,,536.90701733,,,,3.053,3.894,14109.41696692,11062.15973292
2023-12-25,42768.775,19359600,2064.3675,24.209625,,,80.23,,,20.7176169,1766.60212622,,,533.07709086,,,,3.116,3.914,13725.53754814,10927.12698007
2023-12-26,42461.5,19360500,2068.045,24.2275,,,80.23,,,20.53219345,1752.61582912,,,529.2471644,,,,3.116,3.914,13626.92554557,10848.62033725
2023-12-27,43350.8,19361400,2077.675,24.27,,,80.97,,,20.86505349,1786.18871034,,,535.39335556,,,,3.116,3.914,13912.32349166,11075.83035258
2023-12-28,42643.7,19362300,2065.445,23.977,,,79.04,,,20.64625299,1778.52525337,,,539.52049595,,,,3.116,3.914,13685.39794608,10895.17118038
2023-12-29,42025.1,19363200,2063.235,23.7955,,,77.69,,,20.36854745,1766.09442962,,,540.93319604,,,,3.116,3.914,13486.87419769,10737.12314768
2023-12-30,42768.425,19364100,2062.16125,23.76125,,,77.3275,,,20.73961238,1799.92319428,,,553.08169797,,,,3.116,3.914,13725.42522465,10927.03755749
2023-12-31,43511.75,19365000,2061.0875,23.727,,,76.965,,,21.11106394,1833.84962279,,,565.34463717,,,,3.116,3.914,13963.9762516,11116.9519673
2024-01-01,44255.075,19365900,2060.01375,23.69275,,,76.6025,,,21.48290272,1867.87413871,,,577.72363826,,,,3.089,3.876,14326.66720622,11417.71800826
2024-01-02,44998.4,19366800,2058.94,23.6585,,,76.24,,,21.85512934,1901.99716804,,,590.22035677,,,,3.089,3.876,14567.30333441,11609.49432405
2024-01-03,42765.5,19367700,2041.45,22.9855,,,77.18,,,20.94859046,1860.54251593,,,554.10080332,,,,3.089,3.876,13844.44804144,11033.41073271
2024-01-04,44377.3,19368600,2043.56,23.008,,,75.79,,,21.71568244,1928.77694715,,,585.52975327,,,,3.089,3.876,14366.23502752,11449.25180599
2024-01-05,43970.1,19369500,2043.805,23.181,,,78.31,,,21.51384305,1896.81635822,,,561.48767718,,,,3.089,3.876,14234.41243121,11344.19504644
2024-01-06,44994.033333,19370400,2038.561667,23.1565,,,77.363333,,,22.07146051,1943.04119072,,,581.59378078,,,,3.089,3.876,14565.88971609,11608.36773297
2024-01-07,46017.966667,19371300,2033.318333,23.132,,,76.416667,,,22.63195385,1989.3639403,,,602.19803445,,,,3.089,3.876,14897.36700129,11872.54041976
2024-01-08,47041.9,19372200,2028.075,23.1075,,,75.47,,,23.19534534,2035.78491832,,,623.31919968,,,,3.073,3.828,15308.1353726,12288.89759666
2024-01-09,46275.5,19373100,2030.21,22.9765,,,77.97,,,22.79345486,2014.03608034,,,593.50391176,,,,3.073,3.828,15058.73739017,12088.68861024
2024-01-10,46911.7,19374000,2024.39,22.899,,,78.46,,,23.17325219,2048.63531159,,,597.90593933,,,,3.073,3.828,15265.7663521,12254.88505747
2024-01-11,46402.8,19374900,2028.995,22.751,,,80.21,,,22.86984443,2039.59386401,,,578.51639446,,,,3.073,3.828,15100.16270745,12121.94357367
2024-01-12,43707,19375800,2047.59,23.158,,,79.89,,,21.34558188,1887.33914846,,,547.0897484,,,,3.073,3.828,14222.90920924,11417.71159875
2024-01-13,43330.3,19376700,2049.998333,23.180167,,,79.846667,,,21.1367489,1869.28334037,,,542.66886306,,,,3.073,3.828,14100.3254149,11319.30512017
2024-01-14,42953.6,19377600,2052.406667,23.202333,,,79.803333,,,20.928406,1851.26211231,,,538.2431834,,,,3.073,3.828,13977.74162057,11220.89864159
2024-01-15,42576.9,19378500,2054.815,23.2245,,,79.76,,,20.72055149,1833.27520506,,,533.81268806,,,,3.058,3.863,13923.11968607,11021.71887134
2024-01-16,43199.5,19379400,2028.345,22.9185,,,80.15,,,21.29790544,1884.91829745,,,538.98315658,,,,3.058,3.863,14126.71680837,11182.88894641
2024-01-17,42674.4,19380300,2006.26,22.557,,,78.88,,,21.27062295,1891.84732012,,,541.0040568,,,,3.058,3.863,13955.00327011,11046.95832255
2024-01-18,41312.9,19381200,2023.17,22.746,,,81.04,,,20.41988563,1816.2709927,,,509.78405726,,,,3.058,3.863,13509.77763244,10694.51203728
2024-01-19,41658.3,19382100,2028.52,22.582,,,80.71,,,20.53630233,1844.75688602,,,516.14793706,,,,3.058,3.863,13622.72727273,10783.92441108
2024-01-20,41033.7,19383000,2026.228333,22.420667,,,81.04,,,20.25127145,1830.17302741,,,506.33884501,,,,3.058,3.863,13418.47612819,10622.23660368
2024-01-21,40409.1,19383900,2023.936667,22.259333,,,81.37,,,19.9655951,1815.37784623,,,496.60931547,,,,3.058,3.863,13214.22498365,10460.54879627
2024-01-22,39784.5,19384800,2021.645,22.098,,,81.7,,,19.67927109,1800.36654901,,,486.95838433,,,,3.062,3.838,12992.97844546,10365.94580511
2024-01-23,39428.9,19385700,2029.26,22.443,,,82.04,,,19.43018637,1756.84623268,,,480.60580205,,,,3.062,3.838,12876.84519922,10273.29338197
2024-01-24,39855.2,19386600,2014.01,22.67,,,82.15,,,19.78897821,1758.05910895,,,485.15155204,,,,3.062,3.838,13016.06792946,10384.36685774
2024-01-25,39934.8,19387500,2020.88,22.912,,,82.33,,,19.76109418,1742.96438547,,,485.05769464,,,,3.062,3.838,13042.06401045,10405.10682647
2024-01-26,41942.7,19388400,2018.66,22.807,,,83.34,,,20.77749596,1839.02749156,,,503.27213823,,,,3.062,3.838,13697.81188766,10928.26993226
2024-01-27,42332.2,19389300,2023.395,22.939667,,,83.556667,,,20.92137225,1845.37116428,,,506.62863324,,,,3.062,3.838,13825.0163292,11029.75508077
2024-01-28,42721.7,19390200,2028.13,23.072333,,,83.773333,,,21.06457673,1851.64196443,,,509.9677722,,,,3.062,3.838,13952.22077074,11131.24022929
2024-01-29,43111.2,19391100,2032.865,23.205,,,83.99,,,21.2071141,1857.84098255,,,513.28967734,,,,3.095,3.867,13929.30533118,11148.48719938
2024-01-30,43326.9,19392000,2036.95,23.1605,,,84.14,,,21.27047792,1870.72386175,,,514.93819824,,,,3.095,3.867,13998.99838449,11204.26687355
2024-01-31,42632.2,19392900,2039.57,22.9385,,,82.98,,,20.90254318,1858.54349674,,,513.76476259,,,,3.095,3.867,13774.53957997,11024.61856736
2024-02-01,42914.7,19393800,2054.99,23.177,,,82.2,,,20.88316731,1851.60719679,,,522.07664234,,,,3.095,3.867,13865.81583199,11097.67261443
2024-02-02,42942.4,19394700,2036.135,22.6625,,,79.54,,,21.09015365,1894.86596801,,,539.88433493,,,,3.095,3.867,13874.76575121,11104.83579002
2024-02-03,42777.966667,19395600,2032.48,22.561,,,79.46,,,21.04717718,1896.10241864,,,538.35850323,,,,3.095,3.867,13821.63704911,11062.31359374
2024-02-04,42613.533333,19396500,2028.825,22.4595,,,79.38,,,21.00404586,1897.35004488,,,536.82959603,,,,3.095,3.867,13768.50834669,11019.79139721
2024-02-05,42449.1,19397400,2025.17,22.358,,,79.3,,,20.96075885,1898.60899902,,,535.29760404,,,,3.136,3.899,13536.06505102,10887.17619903
2024-02-06,43186.6,19398300,2036.05,22.428,,,80.46,,,21.21097223,1925.56625647,,,536.7462093,,,,3.136,3.899,13771.2372449,11076.3272634
2024-02-07,44151.8,19399200,2035.145,22.217,,,81.18,,,21.6946704,1987.29801503,,,543.87533875,,,,3.136,3.899,14079.01785714,11323.87791741
2024-02-08,45275.7,19400100,2034.48,22.5845,,,83.01,,,22.2541878,2004.72447918,,,545.42464763,,,,3.136,3.899,14437.40433673,11612.13131572
2024-02-09,47598.6,19401000,2025.175,22.612,,,83.58,,,23.50345032,2105.01503626,,,569.49748744,,,,3.136,3.899,15178.125,12207.8994614
2024-02-10,48413.233333,19401900,2023.461667,22.639,,,83.68,,,23.92594538,2138.48815464,,,578.55202358,,,,3.136,3.899,15437.89328221,12416.83337599
2024-02-11,49227.866667,19402800,2021.748333,22.666,,,83.78,,,24.34915655,2171.88152594,,,587.5849447,,,,3.136,3.899,15697.66156473,12625.76729084
2024-02-12,50042.5,19403700,2020.035,22.693,,,83.88,,,24.77308561,2205.19543472,,,596.59632809,,,,3.192,4.109,15677.47493734,12178.75395473
2024-02-13,49541,19404600,1993.245,22.123,,,84.72,,,24.85444589,2239.34366948,,,584.76156752,,,,3.192,4.109,15520.36340852,12056.70479435
2024-02-14,51847,19405500,1992.35,22.371,,,84.41,,,26.02303812,2317.59867686,,,614.22817202,,,,3.192,4.109,16242.79448622,12617.91190071
2024-02-15,51695,19406400,2004.3,22.925,,,84.33,,,25.7920471,2254.96183206,,,613.00841931,,,,3.192,4.109,16195.1754386,12580.91993186
2024-02-16,51866.1,19407300,2012.03,23.39,,,84.88,,,25.77799536,2217.44762719,,,611.05207352,,,,3.192,4.109,16248.77819549,12622.56023363
2024-02-17,51890.533333,19408200,2014.03,23.256167,,,85.093333,,,25.7645285,2231.25906058,,,609.80727283,,,,3.192,4.109,16256.43274843,12628.5065303
2024-02-18,51914.966667,19409100,2016.03,23.122333,,,85.306667,,,25.75108836,2245.23047337,,,608.56869097,,,,3.192,4.109,16264.08730169,12634.45282721
2024-02-19,51939.4,19410000,2018.03,22.9885,,,85.52,,,25.73767486,2259.36446484,,,607.3362956,,,,3.269,4.109,15888.46742123,12640.39912387
2024-02-20,52202.6,19410900,2024.335,23.009,,,84.78,,,25.78753023,2268.79047329,,,615.74192026,,,,3.269,4.109,15968.98133986,12704.45363835
2024-02-21,51515,19411800,2026.095,22.887,,,84.77,,,25.42575743,2250.84108883,,,607.70319689,,,,3.269,4.109,15758.64178648,12537.11365296
2024-02-22,51445.8,19412700,2024.45,22.747,,,85.84,,,25.41223542,2261.65208599,,,599.32199441,,,,3.269,4.109,15737.4732334,12520.2725724
2024-02-23,51077.4,19413600,2036.63,22.959,,,84.18,,,25.07937131,2224.72233111,,,606.76407698,,,,3.269,4.109,15624.77821964,12430.61572159
2024-02-24,52283.466667,19414500,2034.825,22.813,,,84.123333,,,25.6943308,2291.82775904,,,621.50969062,,,,3.269,4.109,15993.71877241,12724.13401485
2024-02-25,53489.533333,19415400,2033.02,22.667,,,84.066667,,,26.31038226,2359.79765002,,,636.2751759,,,,3.269,4.109,16362.65932487,13017.65230786
2024-02-26,54695.6,19416300,2031.215,22.521,,,84.01,,,26.9275286,2428.64881666,,,651.06058803,,,,3.249,4.058,16834.59526008,13478.4622967
2024-02-27,56915.8,19417200,2030.32,22.457,,,83.8,,,28.03292092,2534.43469742,,,679.18615752,,,,3.249,4.058,17517.94398276,14025.57910301
2024-02-28,61304.1,19418100,2034.52,22.462,,,84.08,,,30.13197216,2729.2360431,,,729.11631779,,,,3.249,4.058,18868.60572484,15106.97387876
2024-02-29,61260.2,19419000,2044.195,22.671,,,84.57,,,29.96788467,2702.1392969,,,724.372709,,,,3.249,4.058,18855.09387504,15096.15574174
2024-03-01,62749,19419900,2083.595,23.16,,,84.82,,,30.11573746,2709.36960276,,,739.79014383,,,,3.249,4.058,19313.32717759,15463.03597831
2024-03-02,64498.533333,19420800,2093.938333,23.4035,,,85.406667,,,30.80249896,2755.93536578,,,755.1931904,,,,3.249,4.058,19851.81081348,15894.16789872
2024-03-03,66248.066667,19421700,2104.281667,23.647,,,85.993333,,,31.48250907,2801.54212657,,,770.38607943,,,,3.249,4.058,20390.29444968,16325.29981937
2024-03-04,67997.6,19422600,2114.625,23.8905,,,86.58,,,32.15586688,2846.21920847,,,785.37306537,,,,3.35,4.022,20297.79104478,16906.41471905
2024-03-05,63491.2,19423500,2127.75,23.6725,,,85.82,,,29.83959582,2682.06568803,,,739.81822419,,,,3.35,4.022,18952.59701493,15785.97712581
2024-03-06,65997.8,19424400,2147.86,24.1755,,,86.59,,,30.72723548,2729.94560609,,,762.18731955,,,,3.35,4.022,19700.8358209,16409.19940328
2024-03-07,67204.3,19425300,2160.115,24.2955,,,84.88,,,31.11144546,2766.12129818,,,791.75659755,,,,3.35,4.022,20060.98507463,16709.17454003
2024-03-08,69179.7,19426200,2177.405,24.295,,,84.29,,,31.77162724,2847.48713727,,,820.73436944,,,,3.35,4.022,20650.65671642,17200.32322228
2024-03-09,70271.733333,19427100,2178.735,24.358333,,,84.006667,,,32.25345594,2884.91553724,,,836.50186161,,,,3.35,4.022,20976.63681582,17471.83822302
2024-03-10,71363.766667,19428000,2180.065,24.421667,,,83.723333,,,32.73469675,2922.14969056,,,852.37608334,,,,3.35,4.022,21302.61691552,17743.35322402
2024-03-11,72455.8,19428900,2181.395,24.485,,,83.44,,,33.21535073,2959.19134164,,,868.35810163,,,,3.376,4.004,21462.02606635,18095.85414585
2024-03-12,71167.2,19429800,2158.655,24.1415,,,83.66,,,32.96830665,2947.91955761,,,850.67176667,,,,3.376,4.004,21080.33175355,17774.02597403
2024-03-13,72987.9,19430700,2174.705,25.035,,,83.95,,,33.56220729,2915.43439185,,,869.42108398,,,,3.376,4.004,21619.63862559,18228.74625375
2024-03-14,71514.3,19431600,2161.625,24.816,,,86.16,,,33.08358295,2881.78191489,,,830.01740947,,,,3.376,4.004,21183.1457346,17860.71428571
2024-03-15,67918.1,19432500,2156.065,25.182,,,85.39,,,31.50095197,2697.08919069,,,795.38704766,,,,3.376,4.004,20117.92061611,16962.56243756
2024-03-16,67842.7,19433400,2157.835,25.132,,,85.75,,,31.44017036,2699.45487824,,,791.16851312,,,,3.376,4.004,20095.58649289,16943.73126873
2024-03-17,67767.3,19434300,2159.605,25.082,,,86.11,,,31.37948838,2701.82999761,,,786.98525142,,,,3.376,4.004,20073.25236967,16924.9000999
2024-03-18,67691.9,19435200,2161.375,25.032,,,86.47,,,31.31890579,2704.21460531,,,782.83682202,,,,3.453,4.028,19603.79380249,16805.33763654
2024-03-19,62584.4,19436100,2158.795,24.915,,,87.36,,,28.99043216,2511.91651615,,,716.39652015,,,,3.453,4.028,18124.64523603,15537.33862959
2024-03-20,67489.5,19437000,2200.775,25.6385,,,85.77,,,30.66624257,2632.34978645,,,786.86603708,,,,3.453,4.028,19545.17810599,16755.08937438
2024-03-21,65385.1,19437900,2181.355,24.749,,,84.92,,,29.97453418,2641.92896683,,,769.9611399,,,,3.453,4.028,18935.73704025,16232.64647468
2024-03-22,63493.2,19438800,2165.225,24.674,,,84.87,,,29.32406563,2573.28361838,,,748.12301166,,,,3.453,4.028,18387.83666377,15762.959285
2024-03-23,65770.433333,19439700,2167.511667,24.670333,,,85.306667,,,30.34375055,2665.9726617,,,770.98819642,,,,3.453,4.028,19047.33082334,16328.31016212
2024-03-24,68047.666667,19440600,2169.798333,24.666667,,,85.743333,,,31.36128627,2758.68915192,,,793.62049837,,,,3.453,4.028,19706.8249832,16893.66103947
2024-03-25,70324.9,19441500,2172.085,24.663,,,86.18,,,32.37667955,2851.43332117,,,816.02343931,,,,3.523,4.034,19961.65200114,17433.04412494
2024-03-26,70250.3,19442400,2178.375,24.409,,,85.91,,,32.24894704,2878.04908026,,,817.71970667,,,,3.523,4.034,19940.47686631,17414.55131383
2024-03-27,69415.5,19443300,2192.355,24.581,,,84.94,,,31.66252728,2823.94939181,,,817.22980928,,,,3.523,4.034,19703.5197275,17207.61031235
2024-03-28,70863.1,19444200,2233.99,24.97,,,86.17,,,31.72041952,2837.92951542,,,822.36393176,,,,3.523,4.034,20114.41952881,17566.46008924
2024-03-29,70550.475,19445100,2238.4675,24.99875,,,86.17,,,31.51731039,2822.16010801,,,818.73592898,,,,3.523,4.034,20025.68123758,17488.96256817
2024-03-30,70237.85,19446000,2242.945,25.0275,,,86.17,,,31.31501218,2806.42693038,,,815.10792619,,,,3.523,4.034,19936.94294635,17411.4650471
2024-03-31,69925.225,19446900,2247.4225,25.05625,,,86.17,,,31.11352004,2790.72985782,,,811.47992341,,,,3.523,4.034,19848.20465512,17333.96752603
2024-04-01,69612.6,19446900,2251.9,25.085,,,86.17,,,30.91282917,2775.06876619,,,807.85192062,,,,3.517,3.996,19793.17600227,17420.57057057
2024-04-02,65708.2,19447800,2280.495,26.14,,,87.63,,,28.81313048,2513.70313695,,,749.83681388,,,,3.517,3.996,18683.02530566,16443.49349349
2024-04-03,65927.4,19448700,2300.44,27.1825,,,90.6,,,28.65860444,2425.36190564,,,727.67549669,,,,3.517,3.996,18745.35115155,16498.34834835
2024-04-04,67787.4,19449600,2291.035,26.911,,,90.32,,,29.58811192,2518.94764223,,,750.52480071,,,,3.517,3.996,19274.21097526,16963.81381381
2024-04-05,67412.2,19450500,2323.585,27.384,,,92.81,,,29.01215148,2461.7367806,,,726.34629889,,,,3.517,3.996,19167.52914416,16869.91991992
2024-04-06,68840.766667,19451400,2328.831667,27.540333,,,92.45,,,29.56021581,2499.63450576,,,744.62700559,,,,3.517,3.996,19573.71813108,17227.41908584
2024-04-07,70269.333333,19452300,2334.078333,27.696667,,,92.09,,,30.10581622,2537.10431414,,,763.05063886,,,,3.517,3.996,19979.90711771,17584.9182515
2024-04-08,71697.9,19453200,2339.325,27.853,,,91.73,,,30.64896925,2574.15359207,,,781.6188815,,,,3.591,4.061,19965.99832916,17655.23270131
2024-04-09,69182.1,19454100,2352.95,28.1525,,,92.13,,,29.40228224,2457.4052038,,,750.91826767,,,,3.591,4.061,19265.41353383,17035.73011574
2024-04-10,70015.2,19455000,2334.19,27.9275,,,91.57,,,29.99550165,2507.0342852,,,764.60849623,,,,3.591,4.061,19497.41019215,17240.87663137
2024-04-11,70120.3,19455900,2372.55,28.4455,,,91.49,,,29.55482498,2465.07531947,,,766.42583889,,,,3.591,4.061,19526.67780563,17266.75695641
2024-04-12,66758.7,19456800,2343.14,28.0305,,,93.12,,,28.49112729,2381.64499385,,,716.91043814,,,,3.591,4.061,18590.55973266,16438.98054666
2024-04-13,65597.1,19457700,2356.501667,28.312167,,,92.36,,,27.83664485,2316.92261493,,,710.23278476,,,,3.591,4.061,18267.08437761,16152.94262497
2024-04-14,64435.5,19458600,2369.863333,28.593833,,,91.6,,,27.18954258,2253.47542598,,,703.44432314,,,,3.591,4.061,17943.60902256,15866.90470328
2024-04-15,63273.9,19459500,2383.225,28.8755,,,90.84,,,26.54969631,2191.2659521,,,696.54227213,,,,3.628,4.015,17440.43550165,15759.37733499
2024-04-16,64029,19460400,2382.58,28.104,,,91.29,,,26.87380906,2278.28778822,,,701.38021689,,,,3.628,4.015,17648.56670342,15947.44707347
2024-04-17,61291.4,19461300,2360.38,28.2235,,,89.54,,,25.96675112,2171.64419721,,,684.51418361,,,,3.628,4.015,16893.99117971,15265.60398506
2024-04-18,63547.7,19462200,2379.305,28.2405,,,88.34,,,26.70851362,2250.23282166,,,719.35363369,,,,3.628,4.015,17515.90407938,15827.57160648
2024-04-19,64264,19463100,2387.69,28.6715,,,87.96,,,26.91471673,2241.38953316,,,730.60482037,,,,3.628,4.015,17713.34068357,16005.97758406
2024-04-20,65024.8,19464000,2367.485,28.179,,,87.74,,,27.46577064,2307.56236914,,,741.10781855,,,,3.628,4.015,17923.0429989,16195.46699875
2024-04-21,65785.6,19464900,2347.28,27.6865,,,87.52,,,28.0263113,2376.08942987,,,751.66361974,,,,3.628,4.015,18132.74531422,16384.95641345
2024-04-22,66546.4,19465800,2327.075,27.194,,,87.3,,,28.59658584,2447.0986247,,,762.27262314,,,,3.668,3.992,18142.42093784,16669.93987976
2024-04-23,66350.3,19466700,2322.02,27.307,,,88.29,,,28.57438782,2429.79089611,,,751.5041341,,,,3.668,3.992,18088.95856052,16620.81663327
2024-04-24,64337.2,19467600,2316.11,27.166,,,89.02,,,27.77812798,2368.29860855,,,722.72747697,,,,3.668,3.992,17540.1308615,16116.53306613
2024-04-25,64683,19468500,2332.22,27.442,,,88.1,,,27.73451904,2357.08038773,,,734.19977299,,,,3.668,3.992,17634.40567067,16203.15631263
2024-04-26,63811.7,19469400,2340.085,27.226,,,89.95,,,27.26896673,2343.77800632,,,709.41300723,,,,3.668,3.992,17396.86477644,15984.89478958
2024-04-27,63571.866667,19470300,2338.636667,27.198,,,89.446667,,,27.18330195,2337.37284605,,,710.72370608,,,,3.668,3.992,17331.4794621,15924.81629935
2024-04-28,63332.033333,19471200,2337.188333,27.17,,,88.943333,,,27.09753101,2330.9544841,,,712.0492475,,,,3.668,3.992,17266.09414749,15864.73780887
2024-04-29,63092.2,19472100,2335.74,27.142,,,88.44,,,27.01165369,2324.52287967,,,713.38986884,,,,3.653,3.947,17271.33862579,15984.8492526
2024-04-30,60113.1,19473000,2285.94,26.295,,,88.23,,,26.29688443,2286.10382202,,,681.32267936,,,,3.653,3.947,16455.8171366,15230.07347352
2024-05-01,57800.7,19473900,2319.305,26.6495,,,83.55,,,24.92156055,2168.92249386,,,691.80969479,,,,3.653,3.947,15822.80317547,14644.21079301
2024-05-02,59115.6,19474800,2303.67,26.678,,,84.81,,,25.66148797,2215.89324537,,,697.03572692,,,,3.653,3.947,16182.7539009,14977.34988599
2024-05-03,62035.5,19475700,2301.52,26.504,,,83.6,,,26.95414335,2340.60896468,,,742.05143541,,,,3.653,3.947,16982.06953189,15717.12693185
2024-05-04,62542.133333,19476600,2309.003333,26.818333,,,83.3725,,,27.08620314,2332.06640148,,,750.15302807,,,,3.653,3.947,17120.75919327,15845.48602306
2024-05-05,63048.766667,19477500,2316.486667,27.132667,,,83.145,,,27.21740969,2323.72168453,,,758.29895564,,,,3.653,3.947,17259.44885491,15973.84511452
2024-05-06,63555.4,19478400,2323.97,27.447,,,82.9175,,,27.34777127,2315.56818596,,,766.48958302,,,,3.643,3.894,17445.89623936,16321.36620442
2024-05-07,63078.3,19479300,2313.99,27.24,,,82.69,,,27.25953872,2315.64977974,,,762.82863708,,,,3.643,3.894,17314.93274774,16198.84437596
2024-05-08,61474.1,19480200,2308.385,27.337,,,82.44,,,26.63078299,2248.75077733,,,745.68292091,,,,3.643,3.894,16874.58138897,15786.87724705
2024-05-09,62533.6,19481100,2346.3,28.334,,,83.27,,,26.65200528,2207.0163055,,,750.97394019,,,,3.643,3.894,17165.41312105,16058.96250642
2024-05-10,60620,19482000,2363.435,28.2085,,,83.39,,,25.64910818,2148.99764255,,,726.94567694,,,,3.643,3.894,16640.13175954,15567.53980483
2024-05-11,61377.666667,19482900,2354.445,28.206833,,,83.32,,,26.06884708,2175.98575023,,,736.64986398,,,,3.643,3.894,16848.1105317,15762.11265203
2024-05-12,62135.333333,19483800,2345.455,28.205167,,,83.25,,,26.49180365,2202.97696989,,,746.37037037,,,,3.643,3.894,17056.0893036,15956.68549897
2024-05-13,62893,19484700,2336.465,28.2035,,,83.18,,,26.91801504,2229.97145744,,,756.10723732,,,,3.608,3.848,17431.54101996,16344.33471933
2024-05-14,61672.4,19485600,2357.985,28.6115,,,81,,,26.15470412,2155.51089597,,,761.38765432,,,,3.608,3.848,17093.23725055,16027.13097713
2024-05-15,65895.2,19486500,2386.085,29.6725,,,79.98,,,27.61645122,2220.74985256,,,823.89597399,,,,3.608,3.848,18263.63636364,17124.53222453
2024-05-16,65468.1,19487400,2376.74,29.581,,,81.65,,,27.54533521,2213.18075792,,,801.81383956,,,,3.608,3.848,18145.26053215,17013.53950104
2024-05-17,66953.6,19488300,2416.5,31.516,,,82.24,,,27.70684875,2124.43203452,,,814.12451362,,,,3.608,3.848,18556.98447894,17399.58419958
2024-05-18,67871.466667,19489200,2419.786667,31.621,,,82.13,,,28.0485332,2146.40481538,,,826.39068144,,,,3.608,3.848,18811.38211391,17638.1150382
2024-05-19,68789.333333,19490100,2423.073333,31.726,,,82.02,,,28.38929074,2168.23215448,,,838.68975046,,,,3.608,3.848,19065.77974861,17876.64587656
2024-05-20,69707.2,19491000,2426.36,31.831,,,81.91,,,28.72912511,2189.91549119,,,851.02185325,,,,3.584,3.789,19449.55357143,18397.25521246
2024-05-21,69756.8,19491900,2420.935,31.978,,,81.22,,,28.81399129,2181.3997123,,,858.86234918,,,,3.584,3.789,19463.39285714,18410.34573766
2024-05-22,69469.5,19492800,2378.74,30.798,,,79.9,,,29.20432666,2255.64971751,,,869.45556946,,,,3.584,3.789,19383.23102679,18334.52098179
2024-05-23,67872,19493700,2328.885,30.1255,,,79.25,,,29.14356012,2252.97505436,,,856.42902208,,,,3.584,3.789,18937.5,17912.90577989
2024-05-24,69160.1,19494600,2333.825,30.3525,,,78.92,,,29.63379859,2278.56354501,,,876.33172833,,,,3.584,3.789,19296.90290179,18252.86355239
2024-05-25,69351.4,19495500,2339.498333,30.782667,,,79.525,,,29.64370567,2252.93669324,,,872.07041811,,,,3.584,3.789,19350.27901786,18303.35180786
2024-05-26,69542.7,19496400,2345.171667,31.212833,,,80.13,,,29.6535648,2228.01627779,,,867.87345563,,,,3.584,3.789,19403.65513393,18353.84006334
2024-05-27,69734,19497300,2350.845,31.643,,,80.735,,,29.66337636,2203.7733464,,,863.73939431,,,,3.577,3.758,19495.10763209,18556.14688664
2024-05-28,68314.4,19498200,2361.215,32.1,,,81.34,,,28.93188464,2128.17445483,,,839.86230637,,,,3.577,3.758,19098.23874755,18178.39276211
2024-05-29,67626,19499100,2337.81,31.9765,,,81.5,,,28.92707277,2114.86560443,,,829.76687117,,,,3.577,3.758,18905.78697232,17995.2102182
2024-05-30,68392.9,19500000,2343.245,31.166,,,81.42,,,29.18725955,2194.4715395,,,840.0012282,,,,3.577,3.758,19120.18451216,18199.28153273
2024-05-31,67658.9,19500900,2327.825,30.382,,,79.41,,,29.06528627,2226.94029359,,,852.01989674,,,,3.577,3.758,18914.98462399,18003.96487493
2024-06-01,68126.8,19501800,2335.461667,30.498667,,,78.423333,,,29.17059225,2233.76320021,,,868.70574603,,,,3.577,3.758,19045.7925636,18128.4725918
2024-06-02,68594.7,19502700,2343.098333,30.615333,,,77.436667,,,29.27521181,2240.53417939,,,885.81679271,,,,3.577,3.758,19176.60050321,18252.98030867
2024-06-03,69062.6,19503600,2350.735,30.732,,,76.45,,,29.37915163,2247.25367695,,,903.36952256,,,,3.516,3.726,19642.37770193,18535.31937735
2024-06-04,70620.4,19504500,2327.025,29.496,,,75.33,,,30.34793352,2394.23650664,,,937.48041949,,,,3.516,3.726,20085.43799772,18953.40848094
2024-06-05,71145,19505400,2355.335,30.006,,,75.41,,,30.20589428,2371.02579484,,,943.44251426,,,,3.516,3.726,20234.64163823,19094.20289855
2024-06-06,70718.3,19506300,2376.135,31.3255,,,77.62,,,29.76190326,2257.53140413,,,911.08348364,,,,3.516,3.726,20113.28213879,18979.68330649
2024-06-07,69188.3,19507200,2287.92,29.1725,,,78.12,,,30.24069898,2371.69594652,,,885.66692268,,,,3.516,3.726,19678.12855518,18569.05528717
2024-06-08,69314.4,19508100,2295.511667,29.3645,,,78.61,,,30.19562087,2360.48289601,,,881.75041343,,,,3.516,3.726,19713.99317406,18602.89855072
2024-06-09,69440.5,19509000,2303.103333,29.5565,,,79.1,,,30.15083996,2349.4155262,,,877.88242731,,,,3.516,3.726,19749.85779295,18636.74181428
2024-06-10,69566.6,19509900,2310.695,29.7485,,,79.59,,,30.10635328,2338.49101635,,,874.0620681,,,,3.429,3.658,20287.72236804,19017.65992346
2024-06-11,67382.7,19510800,2316.87,29.285,,,80.15,,,29.0835049,2300.92880314,,,840.70742358,,,,3.429,3.658,19650.83114611,18420.63969382
2024-06-12,68513.7,19511700,2324.765,29.7285,,,80.52,,,29.47123688,2304.64705586,,,850.890462,,,,3.429,3.658,19980.66491689,18729.82504101
2024-06-13,66930.3,19512600,2303.96,28.965,,,81.44,,,29.05011372,2310.73019161,,,821.83570727,,,,3.429,3.658,19518.8976378,18296.96555495
2024-06-14,65470.7,19513500,2332.64,29.5795,,,81.49,,,28.0672114,2213.38088879,,,803.42005154,,,,3.429,3.658,19093.23417906,17897.94969929
2024-06-15,65822.933333,19514400,2328.148333,29.541333,,,81.81,,,28.27265445,2228.16395364,,,804.58297681,,,,3.429,3.658,19195.95606095,17994.24093302
2024-06-16,66175.166667,19515300,2323.656667,29.503167,,,82.13,,,28.47889174,2242.98519095,,,805.73683997,,,,3.429,3.658,19298.67794313,18090.53216703
2024-06-17,66527.4,19516200,2319.165,29.465,,,82.45,,,28.68592791,2257.84490073,,,806.88174651,,,,3.435,3.735,19367.51091703,17811.8875502
2024-06-18,65184.3,19517100,2329.51,29.5415,,,84.79,,,27.98197904,2206.53318213,,,768.77344026,,,,3.435,3.735,18976.50655022,17452.28915663
2024-06-19,64978.5,19518000,2328.225,29.761,,,85.64,,,27.90902941,2183.34397366,,,758.74007473,,,,3.435,3.735,18916.59388646,17397.18875502
2024-06-20,65004.2,19518900,2359.995,30.737,,,85.92,,,27.5442109,2114.85180727,,,756.56657356,,,,3.435,3.735,18924.07569141,17404.06961178
2024-06-21,64305.3,19519800,2322.415,29.5405,,,86.42,,,27.68897893,2176.85211828,,,744.10205971,,,,3.435,3.735,18720.61135371,17216.94779116
2024-06-22,62882.266667,19520700,2326.416667,29.554333,,,86.53,,,27.02966651,2127.68349964,,,726.71058208,,,,3.435,3.735,18306.33672984,16835.94823748
2024-06-23,61459.233333,19521600,2330.418333,29.568167,,,86.64,,,26.37261837,2078.5608162,,,709.36326562,,,,3.435,3.735,17892.06210568,16454.94868353
2024-06-24,60036.2,19522500,2334.42,29.582,,,86.75,,,25.71782284,2029.48414576,,,692.05994236,,,,3.438,3.769,17462.53635835,15928.9466702
2024-06-25,61905.7,19523400,2319.605,28.914,,,86.81,,,26.68803525,2141.02856748,,,713.1171524,,,,3.438,3.769,18006.31180919,16424.9668347
2024-06-26,61013.1,19524300,2298.24,28.7705,,,85.76,,,26.54774958,2120.68264368,,,711.4400653,,,,3.438,3.769,17746.68411867,16188.14009021
2024-06-27,61448.8,19525200,2327.915,28.9775,,,87,,,26.39649644,2120.5694073,,,706.30804598,,,,3.438,3.769,17873.41477603,16303.74104537
2024-06-28,60064,19526100,2325.185,29.1125,,,87.26,,,25.83192305,2063.16874195,,,688.33371533,,,,3.438,3.769,17470.62245492,15936.322632
2024-06-29,61068.5,19527000,2327.408333,29.224833,,,87.03,,,26.23884221,2089.60988759,,,701.69481788,,,,3.438,3.769,17762.79813845,16202.83894932
2024-06-30,62073,19527900,2329.631667,29.337167,,,86.8,,,26.64498465,2115.84847303,,,715.12672811,,,,3.438,3.769,18054.97382199,16469.35526665
2024-07-01,63077.5,19528800,2331.855,29.4495,,,86.57,,,27.05035262,2141.88695903,,,728.6300104,,,,3.479,3.813,18130.92842771,16542.748492
2024-07-02,61858.9,19529700,2329.575,29.5235,,,88.28,,,26.55372761,2095.24277271,,,700.71250566,,,,3.479,3.813,17780.65536074,16223.15761867
2024-07-03,60203.2,19530600,2356.25,30.498,,,88.25,,,25.55042971,1974.00485278,,,682.18923513,,,,3.479,3.813,17304.74274217,15788.932599
2024-07-04,58461.4,19531500,2357.345,30.409,,,88.34,,,24.7996793,1922.50320629,,,661.77722436,,,,3.479,3.813,16804.08163265,15332.12693417
2024-07-05,56481.2,19532400,2388.865,31.218,,,88.66,,,23.64352946,1809.2510731,,,637.05391383,,,,3.479,3.813,16234.89508479,14812.79832153
2024-07-06,56543.066667,19533300,2378.925,31.066167,,,88.156667,,,23.76832673,1820.08506769,,,641.39297221,,,,3.479,3.813,16252.67797269,14829.02351613
2024-07-07,56604.933333,19534200,2368.985,30.914333,,,87.653333,,,23.89417127,1831.02554187,,,645.78187042,,,,3.479,3.813,16270.4608603,14845.24871046
2024-07-08,56666.8,19535100,2359.045,30.7625,,,87.15,,,24.02107633,1842.07395368,,,650.22145726,,,,3.489,3.865,16241.55918601,14661.52652005
2024-07-09,57799.1,19536000,2364.025,30.7985,,,86.48,,,24.44944533,1876.68555287,,,668.35222017,,,,3.489,3.865,16566.09343651,14954.48900388
2024-07-10,57445.5,19536900,2371.355,30.8165,,,86.55,,,24.22475758,1864.11500333,,,663.72616984,,,,3.489,3.865,16464.74634566,14863.00129366
2024-07-11,57458.3,19537800,2415.345,31.4575,,,86.49,,,23.78885832,1826.53739172,,,664.33460516,,,,3.489,3.865,16468.41501863,14866.31306598
2024-07-12,57657.1,19538700,2412.76,30.7875,,,87.35,,,23.89674066,1872.74380836,,,660.069834,,,,3.489,3.865,16525.39409573,14917.74902975
2024-07-13,59626.166667,19539600,2415.94,30.751833,,,87.04,,,24.68031767,1938.94675049,,,685.04327513,,,,3.489,3.865,17089.75828805,15427.2100044
2024-07-14,61595.233333,19540500,2419.12,30.716167,,,86.73,,,25.46183461,2005.30337438,,,710.19524193,,,,3.489,3.865,17654.12248008,15936.67097878
2024-07-15,63564.3,19541400,2422.3,30.6805,,,86.42,,,26.24129959,2071.81434462,,,735.52765564,,,,3.496,3.826,18182.00800915,16613.77417669
2024-07-16,64522.3,19542300,2468.76,31.2515,,,86.6,,,26.13550932,2064.6144985,,,745.06120092,,,,3.496,3.826,18456.03546911,16864.16623105
2024-07-17,64323.9,19543200,2458.925,30.3055,,,85.76,,,26.15935826,2122.51571497,,,750.04547575,,,,3.496,3.826,18399.28489703,16812.31050706
2024-07-18,63837.3,19544100,2445.36,29.829,,,86.26,,,26.1054814,2140.10861913,,,740.05680501,,,,3.496,3.826,18260.097254,16685.12807109
2024-07-19,66977.4,19545000,2398.595,29.22,,,85.19,,,27.92359694,2292.17659138,,,786.21199671,,,,3.496,3.826,19158.29519451,17505.85467852
2024-07-20,67269.466667,19545900,2397.92,29.189833,,,84.606667,,,28.05325727,2304.55126848,,,795.08470257,,,,3.496,3.826,19241.83829148,17582.1920196
2024-07-21,67561.533333,19546800,2397.245,29.159667,,,84.023333,,,28.18299061,2316.95147043,,,804.08061571,,,,3.496,3.826,19325.38138816,17658.52936043
2024-07-22,67853.6,19547700,2396.57,29.1295,,,83.44,,,28.31279704,2329.37743525,,,813.20230105,,,,3.471,3.779,19548.71794872,17955.43794655
2024-07-23,65880,19548600,2409.56,29.2365,,,82.2,,,27.34109132,2253.34769894,,,801.45985401,,,,3.471,3.779,18980.12100259,17433.18338185
2024-07-24,65618,19549500,2397.52,28.9005,,,83.01,,,27.36911475,2270.47974949,,,790.48307433,,,,3.471,3.779,18904.63843273,17363.85287113
2024-07-25,65818.9,19550400,2364.45,27.8555,,,82.58,,,27.83687538,2362.86909228,,,797.031969,,,,3.471,3.779,18962.51800634,17417.01508336
2024-07-26,67928.3,19551300,2386.385,27.903,,,81.35,,,28.46493755,2434.44432498,,,835.01290719,,,,3.471,3.779,19570.23912417,17975.20508071
2024-07-27,67783.1,19552200,2385.631667,27.889,,,81.213333,,,28.41306181,2430.46003801,,,834.63019551,,,,3.471,3.779,19528.40679919,17936.78221752
2024-07-28,67637.9,19553100,2384.878333,27.875,,,81.076667,,,28.3611533,2426.47174888,,,834.24618331,,,,3.471,3.779,19486.57447421,17898.35935433
2024-07-29,67492.7,19554000,2384.125,27.861,,,80.94,,,28.30921198,2422.47945156,,,833.86088461,,,,3.484,3.768,19372.18714122,17912.07537155
2024-07-30,66283.5,19554900,2410.725,28.386,,,79.26,,,27.49525558,2335.07715071,,,836.27933384,,,,3.484,3.768,19025.11481056,17591.16242038
2024-07-31,64953.6,19555800,2447.64,29.005,,,81.39,,,26.53723587,2239.39320807,,,798.05381496,,,,3.484,3.768,18643.39839265,17238.21656051
2024-08-01,64818.8,19556700,2446.325,28.5225,,,81.37,,,26.49639766,2272.54974143,,,796.59333907,,,,3.484,3.768,18604.70723307,17202.44161359
2024-08-02,62631.5,19557600,2437.455,28.5335,,,78.35,,,25.69544874,2195.01638425,,,799.38098277,,,,3.484,3.768,17976.89437428,16621.94798301
2024-08-03,59896.5,19558500,2428.441667,28.1055,,,78.07,,,24.66458256,2131.13091744,,,767.21531958,,,,3.484,3.768,17191.8771527,15896.09872611
2024-08-04,57161.5,19559400,2419.428333,27.6775,,,77.79,,,23.62603563,2065.26962334,,,734.81810001,,,,3.484,3.768,16406.85993111,15170.24946921
2024-08-05,54426.5,19560300,2410.415,27.2495,,,77.51,,,22.57972175,1997.33940072,,,702.1868146,,,,3.448,3.755,15784.94779582,14494.40745672
2024-08-06,56491.7,19561200,2390.72,26.9675,,,76.62,,,23.62957603,2094.80671178,,,737.29705038,,,,3.448,3.755,16383.9037123,15044.39414115
2024-08-07,55435.7,19562100,2382.845,26.6095,,,78.26,,,23.26450105,2083.30483474,,,708.35292614,,,,3.448,3.755,16077.63921114,14763.16910786
2024-08-08,61090.3,19563000,2427.5,27.5405,,,80.76,,,25.16593203,2218.19865289,,,756.44254581,,,,3.448,3.755,17717.60440835,16269.05459387
2024-08-09,60732.3,19563900,2429.08,27.4019,,,81.07,,,25.0021819,2216.35361052,,,749.13408166,,,,3.448,3.755,17613.77610209,16173.7150466
2024-08-10,60146.9,19564800,2443.653333,27.5871,,,81.733333,,,24.61351583,2180.25453926,,,735.89192796,,,,3.448,3.755,17443.99651972,16017.81624501
2024-08-11,59561.5,19565700,2458.226667,27.7723,,,82.396667,,,24.22945809,2144.6369224,,,722.86297697,,,,3.448,3.755,17274.21693735,15861.91744341
2024-08-12,58976.1,19566600,2472.8,27.9575,,,83.06,,,23.84992721,2109.49119199,,,710.04213821,,,,3.414,3.704,17274.78031634,15922.27321814
2024-08-13,61037.3,19567500,2465.115,27.856,,,82.51,,,24.760427,2191.17245836,,,739.75639316,,,,3.414,3.704,17878.52958407,16478.75269978
2024-08-14,58918.4,19568400,2448.005,27.567,,,82.15,,,24.0679247,2137.28008126,,,717.2051126,,,,3.414,3.704,17257.87932045,15906.69546436
2024-08-15,57638.5,19569300,2456.785,28.357,,,83.09,,,23.46094591,2032.60217936,,,693.6875677,,,,3.414,3.704,16882.98183948,15561.15010799
2024-08-16,59698.6,19570200,2508.135,28.969,,,81.56,,,23.80198833,2060.77531154,,,731.95929377,,,,3.414,3.704,17486.40890451,16117.33261339
2024-08-17,59459.266667,19571100,2506.833333,29.127833,,,81.403333,,,23.71887508,2041.32132545,,,730.4279134,,,,3.414,3.704,17416.3054092,16052.71778267
2024-08-18,59219.933333,19572000,2505.531667,29.286667,,,81.246667,,,23.63567546,2022.07828337,,,728.89061816,,,,3.414,3.704,17346.20191359,15988.10295167
2024-08-19,58980.6,19572900,2504.23,29.4455,,,81.09,,,23.55238936,2003.04290978,,,727.34739179,,,,3.382,3.688,17439.56238912,15992.57049892
2024-08-20,59297.5,19573800,2513.975,29.4385,,,78.85,,,23.58714784,2014.28401583,,,752.02916931,,,,3.382,3.688,17533.26434063,16078.4978308
2024-08-21,61238.4,19574700,2512.42,29.6045,,,78.77,,,24.37426863,2068.5503893,,,777.43303288,,,,3.382,3.688,18107.15552927,16604.77223427
2024-08-22,60548.8,19575600,2484.8,28.984,,,78.8,,,24.36767547,2089.0422302,,,768.3857868,,,,3.382,3.688,17903.25251331,16417.78741866
2024-08-23,63622.1,19576500,2510.94,29.8325,,,80.34,,,25.33796108,2132.6439286,,,791.91062982,,,,3.382,3.688,18811.97516263,17251.11171367
2024-08-24,63471.5,19577400,2513.31,29.858667,,,80.6325,,,25.25414692,2125.73119892,,,787.17018572,,,,3.382,3.688,18767.44529864,17210.27657267
2024-08-25,63320.9,19578300,2515.68,29.884833,,,80.925,,,25.17049068,2118.83064563,,,782.46400989,,,,3.382,3.688,18722.91543465,17169.44143167
2024-08-26,63170.3,19579200,2518.05,29.911,,,81.2175,,,25.08699192,2111.94209488,,,777.79173208,,,,3.313,3.651,19067.401147,17302.1911805
2024-08-27,60412,19580100,2524.59,29.974,,,81.51,,,23.92943013,2015.48008274,,,741.16059379,,,,3.313,3.651,18234.83247812,16546.69953437
2024-08-28,59118.4,19581000,2504.735,29.141,,,80.04,,,23.60265657,2028.70182904,,,738.61069465,,,,3.313,3.651,17844.37066103,16192.38564777
2024-08-29,59496.1,19581900,2521.175,29.4255,,,81.55,,,23.5985602,2021.92316188,,,729.56591048,,,,3.313,3.651,17958.37609417,16295.83675705
2024-08-30,58776.8,19582800,2502.54,28.8625,,,80.2,,,23.48685735,2036.44174968,,,732.87780549,,,,3.313,3.651,17741.26169635,16098.82224048
2024-08-31,58863.566667,19583700,2501.54,28.759167,,,79.406667,,,23.53093161,2046.7757869,,,741.29249962,,,,3.313,3.651,17767.45145397,16122.58741906
2024-09-01,58950.333333,19584600,2500.54,28.655833,,,78.613333,,,23.57504112,2057.184425,,,749.87703845,,,,3.313,3.651,17793.64121129,16146.35259737
2024-09-02,59037.1,19585500,2499.54,28.5525,,,77.82,,,23.61918593,2067.66833027,,,758.63659728,,,,3.289,3.625,17949.8631803,16286.09655172
2024-09-03,58097.3,19586400,2492.96,28.0505,,,76.46,,,23.3045456,2071.16807187,,,759.83913157,,,,3.289,3.625,17664.12283369,16026.84137931
2024-09-04,58093.6,19587300,2495.65,28.271,,,74.67,,,23.27794362,2054.88309575,,,778.00455337,,,,3.289,3.625,17662.99787169,16025.82068966
2024-09-05,56130.8,19588200,2516.76,28.824,,,74.47,,,22.30280202,1947.36330835,,,753.73707533,,,,3.289,3.625,17066.22073579,15484.35862069
2024-09-06,53512.8,19589100,2495.95,27.9205,,,72.82,,,21.43985256,1916.61324117,,,734.86404834,,,,3.289,3.625,16270.23411371,14762.15172414
2024-09-07,54830.066667,19590000,2499.373333,28.063667,,,72.67,,,21.93752568,1953.77413319,,,754.5075914,,,,3.289,3.625,16670.74085345,15125.53563228
2024-09-08,56147.333333,19590900,2502.796667,28.206833,,,72.52,,,22.43383734,1990.55786706,,,774.23239566,,,,3.289,3.625,17071.24759289,15488.91954014
2024-09-09,57464.6,19591800,2506.22,28.35,,,72.37,,,22.92879316,2026.97001764,,,794.03896642,,,,3.236,3.555,17757.91100124,16164.44444444
2024-09-10,57503.9,19592700,2516.65,28.4,,,70.34,,,22.84938311,2024.78521127,,,817.51350583,,,,3.236,3.555,17770.05562423,16175.49929677
2024-09-11,57353.2,19593600,2511.52,28.676,,,70.31,,,22.83605147,2000.04184684,,,815.7189589,,,,3.236,3.555,17723.48578492,16133.10829817
2024-09-12,57916.6,19594500,2558.795,29.873,,,73.81,,,22.63432592,1938.76075386,,,784.67145373,,,,3.236,3.555,17897.58961681,16291.58931083
2024-09-13,59693.6,19595400,2582.845,30.73,,,73.68,,,23.11156883,1942.51871136,,,810.17372421,,,,3.236,3.555,18446.72435105,16791.44866385
2024-09-14,59121.4,19596300,2582.733333,30.731167,,,73.773333,,,22.89101985,1923.82541151,,,801.39255739,,,,3.236,3.555,18269.90111248,16630.49226442
2024-09-15,58549.2,19597200,2582.621667,30.732333,,,73.866667,,,22.67045179,1905.13359334,,,792.63357043,,,,3.236,3.555,18093.07787392,16469.53586498
2024-09-16,57977,19598100,2582.51,30.7335,,,73.96,,,22.44986467,1886.44313209,,,783.89670092,,,,3.18,3.526,18231.76100629,16442.71128758
2024-09-17,60338.7,19599000,2569.59,30.7035,,,74.55,,,23.48183952,1965.20592115,,,809.3722334,,,,3.18,3.526,18974.43396226,17112.50709019
2024-09-18,60201.4,19599900,2559.005,30.0835,,,74.52,,,23.5253155,2001.14348397,,,807.85560923,,,,3.18,3.526,18931.25786164,17073.56778219
2024-09-19,62899,19600800,2586.77,30.786,,,75.93,,,24.31565234,2043.10400832,,,828.38140392,,,,3.18,3.526,19779.55974843,17838.62733976
2024-09-20,62865.4,19601700,2621.17,31.1455,,,75.96,,,23.98371719,2018.44247163,,,827.611901,,,,3.18,3.526,19768.99371069,17829.09812819
2024-09-21,63039,19602600,2623.628333,30.9945,,,75.623333,,,24.02741242,2033.87697817,,,833.59192857,,,,3.18,3.526,19823.58490566,17878.33238798
2024-09-22,63212.6,19603500,2626.086667,30.8435,,,75.286667,,,24.07102583,2049.46260963,,,839.62542797,,,,3.18,3.526,19878.17610063,17927.56664776
2024-09-23,63386.2,19604400,2628.545,30.6925,,,74.95,,,24.11455767,2065.20159648,,,845.71314209,,,,3.185,3.539,19901.47566719,17910.76575304
2024-09-24,64027,19605300,2657.145,32.0975,,,75.29,,,24.09616336,1994.7659475,,,850.40510028,,,,3.185,3.539,20102.66875981,18091.83385137
2024-09-25,63427.2,19606200,2657.17,31.812,,,75.4,,,23.87020778,1993.81365522,,,841.20954907,,,,3.185,3.539,19914.34850863,17922.3509466
2024-09-26,65063.9,19607100,2672.45,32.018,,,73.06,,,24.34616176,2032.1038166,,,890.5543389,,,,3.185,3.539,20428.22605965,18384.8262221
2024-09-27,65719.8,19608000,2652.05,31.634,,,71.63,,,24.78075451,2077.50521591,,,917.48987854,,,,3.185,3.539,20634.16012559,18570.16106245
2024-09-28,65042.033333,19608900,2646.278333,31.476,,,71.87,,,24.57868189,2066.40085567,,,904.99559389,,,,3.185,3.539,20421.36054411,18378.64745211
2024-09-29,64364.266667,19609800,2640.506667,31.318,,,72.11,,,24.37572587,2055.18445198,,,892.58447742,,,,3.185,3.539,20208.56096295,18187.13384205
2024-09-30,63686.5,19610700,2634.735,31.16,,,72.35,,,24.17188066,2043.85430039,,,880.25570145,,,,3.179,3.544,20033.50110098,17970.23137698
2024-10-01,61153.1,19611600,2663.435,31.4405,,,75.3,,,22.96023744,1945.04222261,,,812.12616202,,,,3.179,3.544,19236.58383139,17255.38939052
2024-10-02,60815.7,19612500,2658.81,31.8345,,,74.86,,,22.87327789,1910.37082411,,,812.39246594,,,,3.179,3.544,19130.44982699,17160.18623025
2024-10-03,60799.8,19613400,2656.21,32.028,,,77.57,,,22.88968116,1898.33270888,,,783.80559495,,,,3.179,3.544,19125.44825417,17155.69977427
2024-10-04,62343.7,19614300,2651.64,32.196,,,79.32,,,23.51137409,1936.38029569,,,785.97705497,,,,3.179,3.544,19611.10412079,17591.33747178
2024-10-05,62680.866667,19615200,2648.646667,32.026333,,,80.126667,,,23.66524288,1957.16651878,,,782.27223238,,,,3.179,3.544,19717.16472696,17686.47479317
2024-10-06,63018.033333,19616100,2645.653333,31.856667,,,80.933333,,,23.81945985,1978.17409251,,,778.64127174,,,,3.179,3.544,19823.22533281,17781.61211428
2024-10-07,63355.2,19617000,2642.66,31.687,,,81.74,,,23.97402617,1999.40669675,,,775.08196721,,,,3.136,3.584,20202.55102041,17677.23214286
2024-10-08,62401.3,19617900,2621.955,30.671,,,78.19,,,23.79953127,2034.537511,,,798.07264356,,,,3.136,3.584,19898.37372449,17411.07700893
2024-10-09,60850.9,19618800,2607.825,30.5015,,,77.06,,,23.33396604,1995.01336,,,789.65611212,,,,3.136,3.584,19403.98596939,16978.48772321
2024-10-10,60122.1,19619700,2630.155,31.1625,,,79.45,,,22.85876688,1929.30926594,,,756.72876023,,,,3.136,3.584,19171.5880102,16775.13950893
2024-10-11,63022.6,19620600,2656.195,31.5665,,,80.27,,,23.72664658,1996.50262145,,,785.13267721,,,,3.136,3.584,20096.49234694,17584.43080357
2024-10-12,63940.966667,19621500,2653.67,31.440667,,,79.67,,,24.09529695,2033.7026141,,,802.57269571,,,,3.136,3.584,20389.33886065,17840.67150307
2024-10-13,64859.333333,19622400,2651.145,31.314833,,,79.07,,,24.46464955,2071.20163576,,,820.27739134,,,,3.136,3.584,20682.18537404,18096.91220229
2024-10-14,65777.7,19623300,2648.62,31.189,,,78.47,,,24.83470638,2109.0031742,,,838.25283548,,,,3.171,3.631,20743.51939451,18115.58799229
2024-10-15,66421.3,19624200,2662.855,31.5075,,,73.68,,,24.94364132,2108.11076728,,,901.48344191,,,,3.171,3.631,20946.48375907,18292.83943817
2024-10-16,67556.6,19625100,2673.84,31.679,,,73.65,,,25.26576011,2132.53574923,,,917.26544467,,,,3.171,3.631,21304.50961842,18605.50812448
2024-10-17,67064.5,19626000,2693.1,31.695,,,74.37,,,24.90234302,2115.93311248,,,901.7681861,,,,3.171,3.631,21149.32198045,18469.98072156
2024-10-18,68585.2,19626900,2719.83,33.619,,,72.75,,,25.2167231,2040.07257801,,,942.75189003,,,,3.171,3.631,21628.8867865,18888.79096668
2024-10-19,68318.933333,19627800,2719.801667,33.675,,,72.93,,,25.1190865,2028.77307596,,,936.77407559,,,,3.171,3.631,21544.91748124,18815.45946929
2024-10-20,68052.666667,19628700,2719.773333,33.731,,,73.11,,,25.02144787,2017.51109267,,,930.82569644,,,,3.171,3.631,21460.94817629,18742.12797218
2024-10-21,67786.4,19629600,2719.745,33.787,,,73.29,,,24.9238072,2006.28644153,,,924.90653568,,,,3.144,3.553,21560.55979644,19078.6377709
2024-10-22,67486.4,19630500,2749.015,34.854,,,75.59,,,24.5493022,1936.25982671,,,892.7953433,,,,3.144,3.553,21465.13994911,18994.20208275
2024-10-23,66343.7,19631400,2715.52,33.7005,,,74.68,,,24.43130597,1968.62657824,,,888.37305838,,,,3.144,3.553,21101.68575064,18672.58654658
2024-10-24,68306.4,19632300,2735.985,33.675,,,74.27,,,24.96592635,2028.40089087,,,919.70378349,,,,3.144,3.553,21725.95419847,19224.99296369
2024-10-25,66786.4,19633200,2742.535,33.587,,,75.62,,,24.35206843,1988.45982076,,,883.18434277,,,,3.144,3.553,21242.49363868,18797.18547706
2024-10-26,67828.566667,19634100,2742.431667,33.61,,,74.37,,,24.73300155,2018.10671428,,,912.04204205,,,,3.144,3.553,21573.9715862,19090.50567605
2024-10-27,68870.733333,19635000,2742.328333,33.633,,,73.12,,,25.11396338,2047.71305958,,,941.88639679,,,,3.144,3.553,21905.4495334,19383.82587475
2024-10-28,69912.9,19636800,2742.225,33.656,,,71.87,,,25.49495392,2077.27893986,,,972.76888827,,,,3.097,3.573,22574.3945754,19567.00251889
2024-10-29,72616.8,19637700,2774.68,34.449,,,71.09,,,26.17123416,2107.95088392,,,1021.47700098,,,,3.097,3.573,23447.46528899,20323.76154492
2024-10-30,72374.6,19638600,2787.59,33.771,,,73.21,,,25.96314379,2143.0991087,,,988.58899058,,,,3.097,3.573,23369.26057475,20255.97537084
2024-10-31,70371.9,19639500,2746.205,32.6735,,,73.25,,,25.62514452,2153.79129876,,,960.70853242,,,,3.097,3.573,22722.60251857,19695.46599496
2024-11-01,69192.6,19640400,2736.515,32.4475,,,73.63,,,25.28493357,2132.44780029,,,939.73380416,,,,3.097,3.573,22341.81465935,19365.40722082
2024-11-02,68756.866667,19641300,2736.571667,32.451,,,74.05,,,25.125184,2118.79038141,,,928.51946883,,,,3.097,3.573,22201.11936293,19243.45554632
2024-11-03,68321.133333,19642200,2736.628333,32.4545,,,74.47,,,24.96544105,2105.13590821,,,917.43162794,,,,3.097,3.573,22060.42406619,19121.50387154
2024-11-04,67885.4,19643100,2736.685,32.458,,,74.89,,,24.80570471,2091.48437981,,,906.46815329,,,,3.069,3.536,22119.71326165,19198.35972851
2024-11-05,69586,19644000,2743.995,32.6535,,,76.98,,,25.35937565,2131.04261411,,,903.94907768,,,,3.069,3.536,22673.83512545,19679.29864253
2024-11-06,75684.1,19644900,2659.055,31.1755,,,76.52,,,28.46278095,2427.67878623,,,989.07605855,,,,3.069,3.536,24660.83414793,21403.87443439
2024-11-07,75908.2,19645800,2706.51,32.0375,,,75.73,,,28.04652486,2369.3546625,,,1002.35309653,,,,3.069,3.536,24733.85467579,21467.25113122
2024-11-08,76677.7,19646700,2685.17,31.253,,,74.04,,,28.55599459,2453.45086872,,,1035.62533766,,,,3.069,3.536,24984.58781362,21684.8699095
2024-11-09,80499.7,19647600,2663.293333,31.065833,,,73.423333,,,30.22562292,2591.26159598,,,1096.37763243,,,,3.069,3.536,26229.94460736,22765.75226244
2024-11-10,84321.7,19648500,2641.416667,30.878667,,,72.806667,,,31.92290753,2730.74287825,,,1158.15904607,,,,3.069,3.536,27475.30140111,23846.63461538
2024-11-11,88143.7,19649400,2619.54,30.6915,,,72.19,,,33.64854135,2871.92545167,,,1220.99598282,,,,3.052,3.521,28880.63564875,25033.71201363
2024-11-12,88638.3,19650300,2598.275,30.7155,,,72.56,,,34.11428736,2885.7840504,,,1221.58627343,,,,3.052,3.521,29042.69331586,25174.1834706
2024-11-13,89785.1,19651200,2572.935,30.3125,,,72.86,,,34.89598455,2961.98268041,,,1232.29618446,,,,3.052,3.521,29418.44692005,25499.88639591
2024-11-14,87718.5,19652100,2565.05,30.444,,,73.39,,,34.19757899,2881.30666141,,,1195.23777081,,,,3.052,3.521,28741.31716907,24912.95086623
2024-11-15,91283.3,19653000,2562.33,30.251,,,73.45,,,35.62511464,3017.52999901,,,1242.79509871,,,,3.052,3.521,29909.33813893,25925.39051406
2024-11-16,91268.6,19653900,2578.843333,30.558333,,,73.75,,,35.391293,2986.70087796,,,1237.54033898,,,,3.052,3.521,29904.52162516,25921.21556376
2024-11-17,91253.9,19654800,2595.356667,30.865667,,,74.05,,,35.16044679,2956.48559936,,,1232.32815665,,,,3.052,3.521,29899.7051114,25917.04061346
2024-11-18,91239.2,19655700,2611.87,31.173,,,74.35,,,34.93251961,2926.86619831,,,1227.15803631,,,,3.046,3.491,29953.7754432,26135.54855342
2024-11-19,91942.1,19656600,2632.265,31.2135,,,74.32,,,34.92889204,2945.58764637,,,1237.11114101,,,,3.046,3.491,30184.53709783,26336.89487253
2024-11-20,94225.8,19657500,2650.265,30.8585,,,74.33,,,35.55335033,3053.47959233,,,1267.66850531,,,,3.046,3.491,30934.27445831,26991.06273274
2024-11-21,98427.1,19658400,2669.665,30.7935,,,75.09,,,36.86870825,3196.35962135,,,1310.78838727,,,,3.046,3.491,32313.55876559,28194.52878831
2024-11-22,99189.6,19659300,2705.95,31.2285,,,76.1,,,36.65610968,3176.25246169,,,1303.41130092,,,,3.046,3.491,32563.887065,28412.94757949
2024-11-23,97584.2,19660200,2679.043333,30.921167,,,75.49,,,36.42501739,3155.90288038,,,1292.67717578,,,,3.046,3.491,32036.8351937,27953.07934689
2024-11-24,95978.8,19661100,2652.136667,30.613833,,,74.88,,,36.1892361,3135.14482162,,,1281.76816239,,,,3.046,3.491,31509.78332239,27493.21111429
2024-11-25,94373.4,19662000,2625.23,30.3065,,,74.27,,,35.94862164,3113.96565093,,,1270.67995153,,,,3.044,3.539,31003.08804205,26666.68550438
2024-11-26,91754.9,19662900,2633.225,30.446,,,74.56,,,34.84506641,3013.69309597,,,1230.61829399,,,,3.044,3.539,30142.87122208,25926.78722803
2024-11-27,96132.5,19663800,2635.945,30.103,,,73.91,,,36.46984288,3193.45247982,,,1300.66973346,,,,3.044,3.539,31580.97897503,27163.74682114
2024-11-28,95650.7,19664700,2637.585,30.224,,,73.92,,,36.26449953,3164.72670725,,,1293.97591991,,,,3.044,3.539,31422.70039422,27027.60666855
2024-11-29,97373.8,19665600,2650.455,30.631,,,74.16,,,36.73852225,3178.92984232,,,1313.0231931,,,,3.044,3.539,31988.76478318,27514.49562023
2024-11-30,96717.9,19666500,2646.656667,30.589833,,,73.71,,,36.54342522,3161.76619859,,,1312.14082214,,,,3.044,3.539,31773.29172142,27329.16077988
2024-12-01,96062,19667400,2642.858333,30.548667,,,73.26,,,36.34776742,3144.55619291,,,1311.24761125,,,,3.044,3.539,31557.81865966,27143.82593953
2024-12-02,95406.1,19668300,2639.06,30.5075,,,72.81,,,36.15154638,3127.2998443,,,1310.34335943,,,,3.034,3.54,31445.64930784,26950.87570621
2024-12-03,96151,19669200,2643.665,31.0335,,,74.8,,,36.37034193,3098.29700163,,,1285.44117647,,,,3.034,3.54,31691.16677653,27161.29943503
2024-12-04,98312.9,19670100,2650.095,31.297,,,74.68,,,37.09787762,3141.28830239,,,1316.45554365,,,,3.034,3.54,32403.72445616,27772.00564972
2024-12-05,96737.9,19671000,2631.985,31.3285,,,73.78,,,36.75473075,3087.85610546,,,1311.16698292,,,,3.034,3.54,31884.60777851,27327.09039548
2024-12-06,101517,19671900,2631.985,30.9925,,,73.78,,,38.57050857,3275.53440348,,,1375.9419897,,,,3.034,3.54,33459.78905735,28677.11864407
2024-12-07,100009.066667,19672800,2641.455,31.2705,,,73.763333,,,37.86135545,3198.19211931,,,1355.81002918,,,,3.034,3.54,32962.77741167,28251.14877599
2024-12-08,98501.133333,19673700,2650.925,31.5485,,,73.746667,,,37.157269,3122.21288914,,,1335.66895075,,,,3.034,3.54,32465.76576566,27825.17890763
2024-12-09,96993.2,19674600,2660.395,31.8265,,,73.73,,,36.45819512,3047.56099477,,,1315.51878476,,,,3.008,3.458,32245.07978723,28048.93001735
2024-12-10,96898.2,19675500,2693.945,31.904,,,73.64,,,35.96888578,3037.18029087,,,1315.8365019,,,,3.008,3.458,32213.49734043,28021.45748988
2024-12-11,101252,19676400,2718.13,31.914,,,74.38,,,37.25060979,3172.65150091,,,1361.27991396,,,,3.008,3.458,33660.90425532,29280.50896472
2024-12-12,100467,19677300,2680.865,30.9665,,,73.52,,,37.4755909,3244.37698804,,,1366.52611534,,,,3.008,3.458,33399.93351064,29053.49913245
2024-12-13,101631,19678200,2647.72,30.4755,,,74.89,,,38.38434578,3334.84274253,,,1357.07036988,,,,3.008,3.458,33786.90159574,29390.10989011
2024-12-14,103035.333333,19679100,2649.388333,30.494,,,74.693333,,,38.89023442,3378.87234646,,,1379.44484728,,,,3.008,3.458,34253.76773039,29796.22132244
2024-12-15,104439.666667,19680000,2651.056667,30.5125,,,74.496667,,,39.39548632,3422.84855934,,,1401.9374406,,,,3.008,3.458,34720.63386536,30202.33275506
2024-12-16,105844,19680900,2652.725,30.531,,,74.3,,,39.90010272,3466.77147817,,,1424.54912517,,,,3.016,3.494,35094.16445623,30293.07384087
2024-12-17,105982,19681800,2646.63,30.5375,,,73.16,,,40.04413159,3470.55259926,,,1448.63313286,,,,3.016,3.494,35139.9204244,30332.57012021
2024-12-18,101110,19682700,2585.34,29.3585,,,74.57,,,39.108976,3443.97704242,,,1355.90720129,,,,3.016,3.494,33524.53580902,28938.17973669
2024-12-19,98219.2,19683600,2594.285,29.0465,,,73.75,,,37.85983421,3381.44699017,,,1331.78576271,,,,3.016,3.494,32566.04774536,28110.81854608
2024-12-20,96413.4,19684500,2623.09,29.5405,,,73.19,,,36.7556584,3263.77007837,,,1317.30291023,,,,3.016,3.494,31967.30769231,27593.98969662
2024-12-21,95958.866667,19685400,2619.708333,29.578,,,72.833333,,,36.62959936,3244.26488157,,,1317.51304951,,,,3.016,3.494,31816.60035378,27463.90001918
2024-12-22,95504.333333,19686300,2616.326667,29.6155,,,72.476667,,,36.50321443,3224.80908082,,,1317.72523884,,,,3.016,3.494,31665.89301492,27333.81034144
2024-12-23,95049.8,19687200,2612.945,29.653,,,72.12,,,36.37650238,3205.40248879,,,1317.9395452,,,,3.024,3.476,31431.81216931,27344.59148446
2024-12-24,98705.9,19687800,2616.18,29.619,,,73.5,,,37.72901712,3332.51966643,,,1342.93741497,,,,3.024,3.476,32640.83994709,28396.40391254
2024-12-25,97207.15,19688250,2624.9875,29.7115,,,73.59,,,37.03147158,3271.70119314,,,1320.92879467,,,,3.024,3.476,32145.22156085,27965.23302647
2024-12-26,95708.4,19688700,2633.795,29.804,,,73.68,,,36.33859127,3211.26023353,,,1298.97394137,,,,3.024,3.476,31649.6031746,27534.06214039
2024-12-27,94500,19689150,2615.555,29.381,,,73.77,,,36.12999918,3216.36431708,,,1281.00854006,,,,3.024,3.476,31250,27186.42117376
2024-12-28,93870.466667,19689600,2612.358333,29.239833,,,73.926667,,,35.93322764,3210.36261278,,,1269.77815281,,,,3.024,3.476,31041.82098776,27005.31261997
2024-12-29,93240.933333,19690050,2609.161667,29.098667,,,74.083333,,,35.73597394,3204.30256592,,,1258.59528125,,,,3.024,3.476,30833.6419752,26824.20406588
2024-12-30,92611.4,19690500,2605.965,28.9575,,,74.24,,,35.53823632,3198.18354485,,,1247.45959052,,,,3.006,3.503,30808.84896873,26437.73908079
2024-12-31,93315.7,19690950,2624.585,28.9015,,,74.58,,,35.55445909,3228.74937287,,,1251.21614374,,,,3.006,3.503,31043.14703925,26638.7953183
2025-01-01,95064.3,19691400,2641.2975,29.233,,,75.36,,,35.99151553,3251.95156159,,,1261.46894904,,,,3.006,3.503,31624.8502994,27137.96745647
2025-01-02,96812.9,19691850,2658.01,29.5645,,,76.14,,,36.42307591,3274.63342861,,,1271.51168899,,,,3.006,3.503,32206.55355955,27637.13959463
2025-01-03,98303.2,19692300,2638.26,29.612,,,76.72,,,37.26061874,3319.70822639,,,1281.32429614,,,,3.006,3.503,32702.32867598,28062.57493577
2025-01-04,99549.133333,19692750,2637.535,29.724,,,76.903333,,,37.74324638,3349.11631453,,,1294.47098649,,,,3.006,3.503,33116.81082269,28418.25102284
2025-01-05,100795.066667,19693200,2636.81,29.836,,,77.086667,,,38.22613941,3378.30361533,,,1307.5551271,,,,3.006,3.503,33531.29296973,28773.92711019
2025-01-06,102041,19693650,2636.085,29.948,,,77.27,,,38.70929807,3407.27260585,,,1320.57719684,,,,3.047,3.561,33489.00557926,28655.1530469
2025-01-07,97128.8,19694100,2648.735,30.05,,,77.84,,,36.66988204,3232.23960067,,,1247.80061665,,,,3.047,3.561,31876.86248769,27275.70907049
2025-01-08,95261.6,19694550,2662.1,30.11,,,77.37,,,35.78438075,3163.78611757,,,1231.24725346,,,,3.047,3.561,31264.0630128,26751.36197697
2025-01-09,92466.7,19695000,2670.36,30.11,,,78.44,,,34.62705403,3070.96313517,,,1178.82075472,,,,3.047,3.561,30346.80013128,25966.49817467
2025-01-10,94616.3,19695450,2690.62,30.328,,,79.76,,,35.16524073,3119.76721182,,,1186.26253761,,,,3.047,3.561,31052.28093206,26570.1488346
2025-01-11,94531.166667,19695900,2681.428333,30.092,,,80.736667,,,35.25403439,3141.40524615,,,1170.85792837,,,,3.047,3.561,31024.34088185,26546.2416925
2025-01-12,94446.033333,19696350,2672.236667,29.856,,,81.713333,,,35.34343889,3163.38536083,,,1155.82157606,,,,3.047,3.561,30996.40083131,26522.33455013
2025-01-13,94360.9,19696800,2663.045,29.62,,,82.69,,,35.43346057,3185.71573261,,,1141.14040392,,,,3.043,3.602,31009.16858363,26196.80732926
2025-01-14,96688.4,19697250,2677.36,29.906,,,82.39,,,36.11333552,3233.07697452,,,1173.54533317,,,,3.043,3.602,31774.03877752,26842.97612438
2025-01-15,99708.8,19697700,2696.525,30.679,,,83.48,,,36.97677566,3250.06682095,,,1194.40344993,,,,3.043,3.602,32766.61189616,27681.51027207
2025-01-16,99820.3,19698150,2714.685,30.8195,,,82.39,,,36.77049087,3238.868249,,,1211.55844156,,,,3.043,3.602,32803.25336839,27712.46529706
2025-01-17,104748,19698600,2700.865,30.3135,,,83.02,,,38.78313059,3455.49012816,,,1261.72006745,,,,3.043,3.602,34422.60926717,29080.51082732
2025-01-18,104320.666667,19699050,2702.718333,30.383333,,,82.573333,,,38.59842344,3433.48330702,,,1263.3699389,,,,3.043,3.602,34282.17767565,28961.87303359
2025-01-19,103893.333333,19699500,2704.571667,30.453167,,,82.126667,,,38.41396943,3411.57730272,,,1265.03774143,,,,3.043,3.602,34141.7460838,28843.23523959
2025-01-20,103466,19699950,2706.425,30.523,,,81.68,,,38.22976805,3389.77164761,,,1266.7238002,,,,3.109,3.715,33279.51109682,27850.87483176
2025-01-21,106013,19700400,2744.81,30.841,,,80.57,,,38.62307409,3437.40475341,,,1315.78751396,,,,3.109,3.715,34098.74557736,28536.47375505
2025-01-22,103803,19700850,2756.305,30.8275,,,80,,,37.66020088,3367.22082556,,,1297.5375,,,,3.109,3.715,33387.90607913,27941.58815612
2025-01-23,103996,19701300,2754.885,30.4455,,,78.62,,,37.74967013,3415.80857598,,,1322.76774358,,,,3.109,3.715,33449.98391766,27993.5397039
2025-01-24,105020,19701750,2771.105,30.646,,,78.71,,,37.89823915,3426.8746329,,,1334.2650235,,,,3.109,3.715,33779.3502734,28269.17900404
2025-01-25,103882.333333,19702200,2761.046667,30.503333,,,78.24,,,37.62425843,3405.60598191,,,1327.73943422,,,,3.109,3.715,33413.42339434,27962.94302369
2025-01-26,102744.666667,19702650,2750.988333,30.360667,,,77.77,,,37.34827423,3384.13733358,,,1321.13497064,,,,3.109,3.715,33047.4965156,27656.70704361
2025-01-27,101607,19703100,2740.93,30.218,,,77.3,,,37.07026447,3362.46607982,,,1314.45019405,,,,3.103,3.659,32744.76313245,27769.06258541
2025-01-28,101199,19703550,2763.89,30.4125,,,78.01,,,36.61469885,3327.54623921,,,1297.25676195,,,,3.103,3.659,32613.27747341,27657.55670948
2025-01-29,103488,19704000,2759.62,30.838,,,77.02,,,37.50081533,3355.85965367,,,1343.65099974,,,,3.103,3.659,33350.95069288,28283.13746925
2025-01-30,105119,19704450,2794.195,31.6435,,,77.42,,,37.62049535,3321.97765734,,,1357.77576854,,,,3.103,3.659,33876.57106026,28728.88767423
2025-01-31,101597,19704900,2801.28,31.336,,,77.11,,,36.26806317,3242.18151647,,,1317.55933083,,,,3.103,3.659,32741.54044473,27766.32959825
2025-02-01,101636.333333,19705350,2805.853333,31.422167,,,76.903333,,,36.22296723,3234.54245956,,,1321.61155269,,,,3.103,3.659,32754.21634966,27777.07934764
2025-02-02,101675.666667,19705800,2810.426667,31.508333,,,76.696667,,,36.17801804,3226.94528673,,,1325.68559553,,,,3.103,3.659,32766.89225491,27787.82909729
2025-02-03,101715,19706250,2815,31.5945,,,76.49,,,36.13321492,3219.3894507,,,1329.78167081,,,,3.082,3.66,33002.9201817,27790.98360656
2025-02-04,97688.6,19706700,2842.58,32.14,,,76.58,,,34.36617439,3039.47106409,,,1275.64115957,,,,3.082,3.66,31696.49578196,26690.87431694
2025-02-05,96502.7,19707150,2866.67,32.312,,,74.71,,,33.66369341,2986.59012132,,,1291.69722929,,,,3.082,3.66,31311.71317326,26366.8579235
2025-02-06,96945.2,19707600,2856.035,32.218,,,74.54,,,33.94398178,3009.03842572,,,1300.5795546,,,,3.082,3.66,31455.28877352,26487.75956284
2025-02-07,95919.5,19708050,2860.655,31.856,,,74.68,,,33.5306075,3011.03402813,,,1284.40680236,,,,3.082,3.66,31122.48539909,26207.5136612
2025-02-08,96422.3,19708500,2876.451667,31.919,,,75.196667,,,33.52126549,3020.84338482,,,1282.26826862,,,,3.082,3.66,31285.62621674,26344.89071038
2025-02-09,96925.1,19708950,2892.248333,31.982,,,75.713333,,,33.51202554,3030.61409543,,,1280.15893845,,,,3.082,3.66,31448.76703439,26482.26775956
2025-02-10,97427.9,19709400,2908.045,32.045,,,76.23,,,33.50288596,3040.34638789,,,1278.07818444,,,,3.128,3.665,31147.02685422,26583.32878581
2025-02-11,95537.4,19709850,2897.58,31.827,,,77.65,,,32.97144514,3001.77208031,,,1230.35930457,,,,3.128,3.665,30542.64705882,26067.50341064
2025-02-12,97817.6,19710300,2903.91,32.235,,,75.38,,,33.68479051,3034.51527842,,,1297.65985673,,,,3.128,3.665,31271.6112532,26689.65893588
2025-02-13,96360.4,19710750,2928.14,32.345,,,75.61,,,32.90839919,2979.14360798,,,1274.4398889,,,,3.128,3.665,30805.7544757,26292.06002729
2025-02-14,97153.4,19711200,2885.16,32.18,,,75.19,,,33.67348778,3019.0615289,,,1292.10533316,,,,3.128,3.665,31059.27109974,26508.43110505
2025-02-15,96724.633333,19711650,2889.861667,32.254,,,75.396667,,,33.47033335,2998.84148735,,,1282.87677933,,,,3.128,3.665,30922.1973571,26391.44156426
2025-02-16,96295.866667,19712100,2894.563333,32.328,,,75.603333,,,33.26783891,2978.71401469,,,1273.69869615,,,,3.128,3.665,30785.12361477,26274.45202374
2025-02-17,95867.1,19712550,2899.265,32.402,,,75.81,,,33.06600121,2958.67847664,,,1264.57063712,,,,3.148,3.677,30453.33545108,26072.09681806
2025-02-18,95267.1,19713000,2935.29,32.885,,,76.46,,,32.45577098,2896.97734529,,,1245.97305781,,,,3.148,3.677,30262.73824651,25908.92031547
2025-02-19,96527.8,19713450,2932.94,32.7045,,,76.34,,,32.91161769,2951.5143176,,,1264.44589992,,,,3.148,3.677,30663.21473952,26251.78134349
2025-02-20,98149.8,19713900,2939.675,32.9515,,,76.95,,,33.38797656,2978.61402364,,,1275.50097466,,,,3.148,3.677,31178.46251588,26692.90182214
2025-02-21,95143.8,19714350,2934.92,32.5395,,,74.88,,,32.41785125,2923.94781727,,,1270.61698718,,,,3.148,3.677,30223.57052097,25875.38754419
2025-02-22,94241.733333,19714800,2940.866667,32.478833,,,74.883333,,,32.0455648,2901.63545387,,,1258.51413869,,,,3.148,3.677,29937.01821252,25630.06073783
2025-02-23,93339.666667,19715250,2946.813333,32.418167,,,74.886667,,,31.6747809,2879.23949146,,,1246.41235091,,,,3.148,3.677,29650.46590438,25384.73393174
2025-02-24,92437.6,19715700,2952.76,32.3575,,,74.89,,,31.30549046,2856.75963841,,,1234.3116571,,,,3.125,3.697,29580.032,25003.40816879
2025-02-25,88719.3,19716150,2914.995,31.7515,,,73.11,,,30.4354896,2794.17665307,,,1213.50430858,,,,3.125,3.697,28390.176,23997.6467406
2025-02-26,84219.7,19716600,2916.38,31.8565,,,73.49,,,28.87816403,2643.72106164,,,1146.00217717,,,,3.125,3.697,26950.304,22780.55179876
2025-02-27,84604.5,19717050,2877.07,31.265,,,75.01,,,29.40647951,2706.04509835,,,1127.90961205,,,,3.125,3.697,27073.44,22884.63619151
2025-02-28,84128.3,19717500,2854.945,31.1075,,,74.76,,,29.46757293,2704.43783653,,,1125.31166399,,,,3.125,3.697,26921.056,22755.82905058
2025-03-01,84943.8,19717950,2867.57,31.3015,,,74.123333,,,29.62222369,2713.72937399,,,1145.97922897,,,,3.125,3.697,27182.016,22976.41330809
2025-03-02,85759.3,19718400,2880.195,31.4955,,,73.486667,,,29.77551867,2722.90644695,,,1167.00489355,,,,3.125,3.697,27442.976,23196.99756559
2025-03-03,86574.8,19718850,2892.82,31.6895,,,72.85,,,29.92747561,2731.97115764,,,1188.39807824,,,,3.078,3.635,28126.96556205,23817.00137552
2025-03-04,87456.9,19719300,2917.99,31.985,,,72.31,,,29.9716243,2734.30983273,,,1209.47171899,,,,3.078,3.635,28413.54775828,24059.6698762
2025-03-05,90446.9,19719750,2919.17,32.659,,,70.92,,,30.98377278,2769.43262194,,,1275.33699944,,,,3.078,3.635,29384.95776478,24882.22833563
2025-03-06,90297.5,19720200,2911.14,32.6375,,,71.08,,,31.01791738,2766.67943317,,,1270.36437817,,,,3.078,3.635,29336.41975309,24841.12792297
2025-03-07,87704.6,19720650,2909.36,32.4915,,,72.49,,,30.14566778,2699.30905006,,,1209.88550145,,,,3.078,3.635,28494.02209227,24127.81292985
2025-03-08,84954.166667,19721100,2901.233333,32.343,,,72.02,,,29.28208693,2626.66316257,,,1179.59131723,,,,3.078,3.635,27600.44401137,23371.16001843
2025-03-09,82203.733333,19721550,2893.106667,32.1945,,,71.55,,,28.41365452,2553.34710379,,,1148.89913813,,,,3.078,3.635,26706.86593015,22614.50710674
2025-03-10,79453.3,19722000,2884.98,32.046,,,71.08,,,27.54032957,2479.35155714,,,1117.80106922,,,,3.069,3.582,25888.9866406,22181.26744835
2025-03-11,83111.7,19722450,2917.51,32.9395,,,71.51,,,28.48720313,2523.16216093,,,1162.23884771,,,,3.069,3.582,27081.03616813,23202.59631491
2025-03-12,83634.4,19722900,2938.16,33.2605,,,72.36,,,28.46488959,2514.52623983,,,1155.80983969,,,,3.069,3.582,27251.352232,23348.52037968
2025-03-13,81362.3,19723350,2987.325,33.876,,,70.82,,,27.23583808,2401.76821348,,,1148.86049139,,,,3.069,3.582,26511.0133594,22714.20993858
2025-03-14,84147.4,19723800,2985.045,33.806,,,71.94,,,28.18965878,2489.12619062,,,1169.68862941,,,,3.069,3.582,27418.50765722,23491.73646008
2025-03-15,84116.766667,19724250,2990.125,33.814333,,,71.936667,,,28.13152181,2487.60685793,,,1169.31698638,,,,3.069,3.582,27408.52612154,23483.18444082
2025-03-16,84086.133333,19724700,2995.205,33.822667,,,71.933333,,,28.07358205,2486.08820035,,,1168.94532515,,,,3.069,3.582,27398.54458553,23474.63242127
2025-03-17,84055.5,19725150,3000.285,33.831,,,71.93,,,28.0158385,2484.57036446,,,1168.57361324,,,,3.058,3.549,27487.08306082,23684.2772612
2025-03-18,82370.2,19725600,3034.55,34,,,71.93,,,27.14412351,2422.65294118,,,1145.14388989,,,,3.058,3.549,26935.97122302,23209.41110172
2025-03-19,86148.9,19726050,3050.21,33.853,,,71.94,,,28.24359634,2544.79366674,,,1197.51042535,,,,3.058,3.549,28171.64813604,24274.13355875
2025-03-20,84092.9,19726500,3045.81,33.536,,,72.61,,,27.60937156,2507.54114981,,,1158.14488362,,,,3.058,3.549,27499.31327665,23694.81544097
2025-03-21,84170.8,19726950,3023.84,33.038,,,72.64,,,27.83573205,2547.6965918,,,1158.73898678,,,,3.058,3.549,27524.78744277,23716.765286
2025-03-22,85259.533333,19727400,3019.746667,33.0075,,,73.08,,,28.23400197,2583.03516876,,,1166.66028097,,,,3.058,3.549,27880.81534761,24023.53714652
2025-03-23,86348.266667,19727850,3015.653333,32.977,,,73.52,,,28.63335309,2618.43911414,,,1174.48676098,,,,3.058,3.549,28236.84325278,24330.30900733
2025-03-24,87437,19728300,3011.56,32.9465,,,73.96,,,29.0337898,2653.90860941,,,1182.22011898,,,,3.115,3.567,28069.66292135,24512.75581721
2025-03-25,87492.8,19728750,3021.42,33.729,,,73.78,,,28.95751004,2593.99329953,,,1185.86066685,,,,3.115,3.567,28087.57624398,24528.39921503
2025-03-26,86834.1,19729200,3019.32,33.635,,,74.6,,,28.75948889,2581.65898618,,,1163.99597855,,,,3.115,3.567,27876.11556982,24343.73423045
2025-03-27,87355.3,19729650,3055.22,34.434,,,74.72,,,28.59214721,2536.89086368,,,1169.10198073,,,,3.115,3.567,28043.43499197,24489.85141576
2025-03-28,83761.9,19730100,3085.25,34.129,,,74.69,,,27.14914513,2454.27349175,,,1121.46070424,,,,3.115,3.567,26889.85553772,23482.4502383
2025-03-29,83347.633333,19730550,3097.925,34.115333,,,75.536667,,,26.90434188,2443.11357984,,,1103.40628788,,,,3.115,3.567,26756.86463339,23366.31155957
2025-03-30,82933.366667,19731000,3110.6,34.101667,,,76.383333,,,26.66153368,2431.94465147,,,1085.75213217,,,,3.115,3.567,26623.87372937,23250.17288113
2025-03-31,82519.1,19731000,3123.275,34.088,,,77.23,,,26.42069622,2420.76683877,,,1068.48504467,,,,3.162,3.592,26097.12207464,22973.0233853
2025-04-01,85176.6,19731450,3114.36,33.693,,,77.78,,,27.34963203,2528.02065711,,,1095.09642582,,,,3.162,3.592,26937.5711575,23712.86191537
2025-04-02,84792.4,19731900,3135.565,33.8875,,,77.27,,,27.04214392,2502.17336776,,,1097.35214184,,,,3.162,3.592,26816.06578115,23605.90200445
2025-04-03,82688.3,19732350,3114.735,31.856,,,72.54,,,26.54745909,2595.68997991,,,1139.89936587,,,,3.162,3.592,26150.63251107,23020.12806236
2025-04-04,84016.6,19732800,3036.385,29.741,,,68.36,,,27.66994304,2824.94199926,,,1229.03159743,,,,3.162,3.592,26570.71473751,23389.922049
2025-04-05,82408.666667,19733250,3018.668333,29.855667,,,67.616667,,,27.29967574,2760.23532373,,,1218.76262648,,,,3.162,3.592,26062.19692188,22942.27913892
2025-04-06,80800.733333,19733700,3000.951667,29.970333,,,66.873333,,,26.92503655,2696.02387578,,,1208.26538335,,,,3.162,3.592,25553.67910595,22494.63622856
2025-04-07,79192.8,19734150,2983.235,30.085,,,66.13,,,26.5459476,2632.30181153,,,1197.53213368,,,,3.243,3.639,24419.61147086,21762.24237428
2025-04-08,77016.6,19734600,2982.835,29.808,,,64.86,,,25.81993305,2583.75603865,,,1187.42830712,,,,3.243,3.639,23748.56614246,21164.22093982
2025-04-09,83277.8,19735050,3082.94,31.032,,,67.3,,,27.01246213,2683.61046662,,,1237.4115899,,,,3.243,3.639,25679.24761024,22884.80351745
2025-04-10,79672.3,19735500,3175.605,31.2185,,,65.37,,,25.08885708,2552.08610279,,,1218.78996482,,,,3.243,3.639,24567.46839346,21894.00934323
2025-04-11,83869.3,19735950,3230.98,32.1005,,,66.83,,,25.9578518,2612.7100824,,,1254.96483615,,,,3.243,3.639,25861.64045637,23047.34817257
2025-04-12,84153.3,19736400,3224.221667,32.184333,,,66.946667,,,26.10034566,2614.72872531,,,1257.02000967,,,,3.243,3.639,25949.21369103,23125.3915911
2025-04-13,84437.3,19736850,3217.463333,32.268167,,,67.063333,,,26.24343816,2616.73679822,,,1259.06805139,,,,3.243,3.639,26036.78692569,23203.43500962
2025-04-14,84721.3,19737300,3210.705,32.352,,,67.18,,,26.38713304,2618.734545,,,1261.108961,,,,3.168,3.579,26742.83459596,23671.77982677
2025-04-15,84211.9,19737750,3230.065,32.316,,,66.58,,,26.07127101,2605.88872385,,,1264.8227696,,,,3.168,3.579,26582.03914141,23529.44956692
2025-04-16,84510.8,19738200,3343.055,32.761,,,67.94,,,25.2795123,2579.61600684,,,1243.90344422,,,,3.168,3.579,26676.38888889,23612.96451523
2025-04-17,85070.1,19738650,3327.365,32.5545,,,69.33,,,25.56680737,2613.15947104,,,1227.03158806,,,,3.168,3.579,26852.93560606,23769.2372171
2025-04-18,85623.675,19739100,3351.625,32.58775,,,69.33,,,25.54691381,2627.48041826,,,1235.01622674,,,,3.168,3.579,27027.67518939,23923.91031014
2025-04-19,86177.25,19739550,3375.885,32.621,,,69.33,,,25.52730617,2641.7721713,,,1243.00086543,,,,3.168,3.579,27202.41477273,24078.58340319
2025-04-20,86730.825,19740000,3400.145,32.65425,,,69.33,,,25.50797834,2656.03481936,,,1250.98550411,,,,3.168,3.579,27377.15435606,24233.25649623
2025-04-21,87284.4,19740450,3424.405,32.6875,,,69.33,,,25.48892435,2670.26845124,,,1258.9701428,,,,3.141,3.534,27788.72970392,24698.47198642
2025-04-22,93010.2,19740900,3381.16,32.5045,,,68.93,,,27.50836991,2861.45610608,,,1349.34281155,,,,3.141,3.534,29611.65234002,26318.67572156
2025-04-23,93513.8,19741350,3288.33,33.5805,,,68.26,,,28.43808255,2784.76496776,,,1369.96484032,,,,3.141,3.534,29771.98344476,26461.17713639
2025-04-24,93382,19741800,3349.595,33.584,,,67.5,,,27.87859428,2780.55026203,,,1383.43703704,,,,3.141,3.534,29730.0222859,26423.88228636
2025-04-25,95333.4,19742250,3304.985,33.037,,,66.99,,,28.84533515,2885.65547719,,,1423.09897,,,,3.141,3.534,30351.28939828,26976.06112054
2025-04-26,95069.3,19742700,3317.951667,33.078833,,,66.703333,,,28.65300931,2874.02218815,,,1425.25561654,,,,3.141,3.534,30267.20789557,26901.32993775
2025-04-27,94805.2,19743150,3330.918333,33.120667,,,66.416667,,,28.46218085,2862.41819949,,,1427.43085858,,,,3.141,3.534,30183.12639287,26826.59875495
2025-04-28,94541.1,19743600,3343.885,33.1625,,,66.13,,,28.27283235,2850.84357331,,,1429.6249811,,,,3.133,3.514,30175.90169167,26904.12635174
2025-04-29,94726.5,19744050,3317.245,32.9325,,,64.04,,,28.55577445,2876.38351173,,,1479.17707683,,,,3.133,3.514,30235.07819981,26956.88673876
2025-04-30,94400.1,19744500,3288.4,32.6175,,,63.37,,,28.70700036,2894.15497816,,,1489.66545684,,,,3.133,3.514,30130.89690393,26864.0011383
2025-05-01,96455.2,19744950,3238.95,32.4145,,,62.37,,,29.77977431,2975.68063675,,,1546.49991983,,,,3.133,3.514,30786.84966486,27448.83323847
2025-05-02,96935.8,19745400,3233.67,32.024,,,61.57,,,29.97702301,3026.97351986,,,1574.39987007,,,,3.133,3.514,30940.24896266,27585.60045532
2025-05-03,96178.466667,19745850,3267.085,32.178333,,,61.77,,,29.43861781,2988.92011177,,,1557.04171389,,,,3.133,3.514,30698.52111937,27370.08157854
2025-05-04,95421.133333,19746300,3300.5,32.332667,,,61.97,,,28.91111448,2951.22989183,,,1539.79560002,,,,3.133,3.514,30456.79327577,27154.56270148
2025-05-05,94663.8,19746750,3333.915,32.487,,,62.17,,,28.39418521,2913.89786684,,,1522.66044716,,,,3.147,3.497,30080.64823642,27070.00285959
2025-05-06,94679.9,19747200,3431.765,33.222,,,62.37,,,27.58927258,2849.9157185,,,1518.0359147,,,,3.147,3.497,30085.76421989,27074.60680583
2025-05-07,97121.3,19747650,3364.485,32.4615,,,60.31,,,28.86661703,2991.89193352,,,1610.36809816,,,,3.147,3.497,30861.55068319,27772.74806977
2025-05-08,102778,19748100,3305.51,32.46,,,62.22,,,31.09293271,3166.2969809,,,1651.8482803,,,,3.147,3.497,32659.04035589,29390.33457249
2025-05-09,103184,19748550,3328.945,32.758,,,64.26,,,30.99600624,3149.88705049,,,1605.72673514,,,,3.147,3.497,32788.05211312,29506.43408636
2025-05-10,102950,19749000,3297.935,32.705833,,,64.6,,,31.21650366,3147.7565485,,,1593.65325077,,,,3.147,3.497,32713.6955831,29439.51958822
2025-05-11,102716,19749450,3266.925,32.653667,,,64.94,,,31.44118705,3145.61914287,,,1581.70619033,,,,3.147,3.497,32639.33905307,29372.60509008
2025-05-12,102482,19749900,3235.915,32.6015,,,65.28,,,31.67017675,3143.47499348,,,1569.88357843,,,,3.12,3.476,32846.79487179,29482.73878021
2025-05-13,104342,19750350,3250.225,32.9075,,,66.93,,,32.10300825,3170.76654258,,,1558.97206036,,,,3.12,3.476,33442.94871795,30017.83659379
2025-05-14,103616,19750800,3177.53,32.2265,,,65.91,,,32.60897615,3215.24211441,,,1572.08314368,,,,3.12,3.476,33210.25641026,29808.97583429
2025-05-15,103288,19751250,3239.83,32.639,,,64.36,,,31.8806851,3164.55773768,,,1604.84773151,,,,3.12,3.476,33105.12820513,29714.61449942
2025-05-16,103924,19751700,3192.46,32.2445,,,65.2,,,32.5529529,3222.99927119,,,1593.92638037,,,,3.12,3.476,33308.97435897,29897.58342923
2025-05-17,104440.666667,19752150,3204.891667,32.282667,,,65.55,,,32.58789298,3235.19325919,,,1593.2977371,,,,3.12,3.476,33474.57264968,30046.22171087
2025-05-18,104957.333333,19752600,3217.323333,32.320833,,,65.9,,,32.62256307,3247.35854837,,,1592.67577137,,,,3.12,3.476,33640.17094006,30194.85999223
2025-05-19,105474,19753050,3229.755,32.359,,,66.25,,,32.65696624,3259.49504002,,,1592.06037736,,,,3.173,3.536,33241.09675386,29828.6199095
2025-05-20,106619,19753500,3289.985,33.088,,,66.93,,,32.40713863,3222.28602515,,,1592.99267892,,,,3.173,3.536,33601.95398676,30152.4321267
2025-05-21,108456,19753950,3315.43,33.3925,,,65.86,,,32.71249883,3247.91495096,,,1646.76586699,,,,3.173,3.536,34180.90135518,30671.94570136
2025-05-22,110868,19754400,3294.745,33.0555,,,64.87,,,33.64994863,3353.99555293,,,1709.07969786,,,,3.173,3.536,34941.06523795,31354.07239819
2025-05-23,108696,19754850,3360.91,33.4845,,,65.41,,,32.34124091,3246.15867043,,,1661.76425623,,,,3.173,3.536,34256.53955247,30739.81900452
2025-05-24,108905.333333,19755300,3354.69,33.486167,,,65.1375,,,32.46360568,3252.24840851,,,1671.92989189,,,,3.173,3.536,34322.51286889,30799.01960775
2025-05-25,109114.666667,19755750,3348.47,33.487833,,,64.865,,,32.58642504,3258.33763764,,,1682.18093991,,,,3.173,3.536,34388.48618563,30858.22021126
2025-05-26,109324,19756200,3342.25,33.4895,,,64.5925,,,32.70970155,3264.42616342,,,1692.51848125,,,,3.16,3.487,34596.20253165,31351.87840551
2025-05-27,108871,19756650,3300.705,33.2665,,,64.32,,,32.9841655,3272.69174695,,,1692.64614428,,,,3.16,3.487,34452.84810127,31221.96730714
2025-05-28,107542,19757100,3287.525,32.9765,,,65.72,,,32.71214668,3261.17083378,,,1636.36640292,,,,3.16,3.487,34032.27848101,30840.83739604
2025-05-29,106421,19757550,3317.72,33.3235,,,64.6,,,32.07654654,3193.57210377,,,1647.38390093,,,,3.16,3.487,33677.53164557,30519.35761399
2025-05-30,104584,19758000,3294.895,32.9935,,,64.32,,,31.74122392,3169.83648294,,,1625.99502488,,,,3.16,3.487,33096.20253165,29992.54373387
2025-05-31,104706.666667,19758450,3323.803333,33.5805,,,65.063333,,,31.50206441,3118.07944096,,,1609.30376357,,,,3.16,3.487,33135.02109715,30027.7220152
2025-06-01,104829.333333,19758900,3352.711667,34.1675,,,65.806667,,,31.26702912,3068.10077802,,,1592.98955732,,,,3.16,3.487,33173.83966234,30062.90029624
2025-06-02,104952,19759350,3381.62,34.7545,,,66.55,,,31.03601233,3019.81038427,,,1577.03981968,,,,3.127,3.451,33563.15957787,30412.05447696
2025-06-03,105455,19759800,3353.45,34.5245,,,67.48,,,31.44671905,3054.49753074,,,1562.7593361,,,,3.127,3.451,33724.01662936,30557.80933063
2025-06-04,104983,19760250,3372.695,34.5045,,,66.69,,,31.12733289,3042.58864786,,,1574.19403209,,,,3.127,3.451,33573.07323313,30421.03738047
2025-06-05,101619,19760700,3352.82,35.6515,,,67.14,,,30.30851641,2850.34290282,,,1513.53887399,,,,3.127,3.451,32497.28173969,29446.2474645
2025-06-06,104303,19761150,3312.435,35.953,,,68.02,,,31.488316,2901.09309376,,,1533.41664216,,,,3.127,3.451,33355.61240806,30223.99304549
2025-06-07,106184.333333,19761600,3316.845,36.221667,,,68.256667,,,32.01365555,2931.51426004,,,1555.66244295,,,,3.127,3.451,33957.25402398,30769.14903883
2025-06-08,108065.666667,19762050,3321.255,36.490333,,,68.493333,,,32.53759999,2961.4875443,,,1577.75453367,,,,3.127,3.451,34558.89564023,31314.30503245
2025-06-09,109947,19762500,3325.665,36.759,,,68.73,,,33.06015489,2991.02260671,,,1599.69445657,,,,3.108,3.471,35375.48262548,31675.88591184
2025-06-10,109918,19762950,3323.225,36.5295,,,68.41,,,33.07570207,3009.02010704,,,1606.75339863,,,,3.108,3.471,35366.15186615,31667.5309709
2025-06-11,108551,19763400,3355.075,36.2475,,,71.29,,,32.35426928,2994.71687703,,,1522.66797587,,,,3.108,3.471,34926.31917632,31273.69634111
2025-06-12,105971,19763850,3385.88,36.357,,,70.84,,,31.2979196,2914.73443904,,,1495.92038396,,,,3.108,3.471,34096.2033462,30530.39469893
2025-06-13,105248,19764300,3432.53,36.264,,,76,,,30.66193158,2902.2722259,,,1384.84210526,,,,3.108,3.471,33863.57786358,30322.09737828
2025-06-14,106354.333333,19764750,3416.766667,36.282667,,,75.683333,,,31.12718652,2931.27110344,,,1405.25435545,,,,3.108,3.471,34219.54096943,30640.83357332
2025-06-15,107460.666667,19765200,3401.003333,36.301333,,,75.366667,,,31.59675429,2960.24023875,,,1425.83811842,,,,3.108,3.471,34575.50407561,30959.56976865
2025-06-16,108567,19765650,3385.24,36.32,,,75.05,,,32.07069514,2989.17951542,,,1446.59560293,,,,3.139,3.571,34586.49251354,30402.40828899
2025-06-17,104579,19766100,3388.63,37.13,,,78.7,,,30.86173468,2816.5634258,,,1328.83100381,,,,3.139,3.571,33316.02421153,29285.63427611
2025-06-18,105106,19766550,3369.41,36.7435,,,78.38,,,31.19418533,2860.53315552,,,1340.9798418,,,,3.139,3.571,33483.91207391,29433.21198544
2025-06-19,104395,19767000,3370.625,36.4065,,,80.37,,,30.97200074,2867.48245506,,,1298.92994899,,,,3.139,3.571,33257.40681746,29234.10809297
2025-06-20,103437,19767450,3365.465,36.017,,,78.73,,,30.73483159,2871.89382791,,,1313.8193827,,,,3.139,3.571,32952.21408092,28965.83590031
2025-06-21,103554,19767900,3366.561667,36.047667,,,77.266667,,,30.75957319,2872.69631069,,,1340.21569741,,,,3.139,3.571,32989.4870978,28998.59983198
2025-06-22,103671,19768350,3367.658333,36.078333,,,75.803333,,,30.78429869,2873.49750888,,,1367.6311568,,,,3.139,3.571,33026.76011469,29031.36376365
2025-06-23,103788,19768800,3368.755,36.109,,,74.34,,,30.80900808,2874.29726661,,,1396.12590799,,,,3.213,3.775,32302.5210084,27493.50993377
2025-06-24,106105,19769250,3324.035,35.92,,,69.13,,,31.92054235,2953.92538976,,,1534.86185448,,,,3.213,3.775,33023.65390601,28107.28476821
2025-06-25,107677,19769700,3332.295,36.265,,,68.4,,,32.31316555,2969.17137736,,,1574.2251462,,,,3.213,3.775,33512.91627762,28523.70860927
2025-06-26,107106,19770150,3327.905,36.651,,,68.57,,,32.18421199,2922.32135549,,,1561.99504156,,,,3.213,3.775,33335.20074697,28372.45033113
2025-06-27,106883,19770600,3271.135,35.9215,,,69.37,,,32.67459154,2975.46037888,,,1540.76690212,,,,3.213,3.775,33265.79520697,28313.37748344
2025-06-28,106979.666667,19771050,3281.773333,35.985,,,68.963333,,,32.59812784,2972.89611413,,,1551.25429722,,,,3.213,3.775,33295.88131559,28338.98454755
2025-06-29,107076.333333,19771500,3292.411667,36.0485,,,68.556667,,,32.52215827,2970.34088334,,,1561.86608857,,,,3.213,3.775,33325.9674239,28364.59161139
2025-06-30,107173,19771950,3303.05,36.112,,,68.15,,,32.44667807,2967.7946389,,,1572.60454879,,,,3.164,3.727,33872.62958281,28755.83579286
2025-07-01,105808,19772400,3338.525,36.033,,,67.63,,,31.69303809,2936.41939333,,,1564.51279018,,,,3.164,3.727,33441.2136536,28389.58948216
2025-07-02,109496,19772850,3357.675,36.554,,,70.8,,,32.61066065,2995.45877332,,,1546.55367232,,,,3.164,3.727,34606.82680152,29379.12530185
2025-07-03,109864,19773300,3326.105,36.8445,,,70.42,,,33.03082735,2981.82903826,,,1560.1249645,,,,3.164,3.727,34723.13527181,29477.86423397
2025-07-04,107484,19773750,3337.345,36.9265,,,71.03,,,32.20643955,2910.75514874,,,1513.2197663,,,,3.164,3.727,33970.92288243,28839.28092299
2025-07-05,107729.666667,19774200,3337.218333,36.8755,,,71.336667,,,32.28127618,2921.4428731,,,1510.15839676,,,,3.164,3.727,34048.5672146,28905.19631527
2025-07-06,107975.333333,19774650,3337.091667,36.8245,,,71.643333,,,32.35611847,2932.16020131,,,1507.12325644,,,,3.164,3.727,34126.21154646,28971.11170727
2025-07-07,108221,19775100,3336.965,36.7735,,,71.95,,,32.43096646,2942.90725658,,,1504.11396803,,,,3.125,3.739,34630.72,28943.83525007
2025-07-08,108900,19775550,3301.605,36.7585,,,72.5,,,32.9839578,2962.58008352,,,1502.06896552,,,,3.125,3.739,34848,29125.43460818
2025-07-09,110857,19776000,3313.685,36.3795,,,71.98,,,33.45429635,3047.23814236,,,1540.10836343,,,,3.125,3.739,35474.24,29648.83658732
2025-07-10,116482,19776450,3324.045,37.03,,,70.38,,,35.04224522,3145.61166622,,,1655.0440466,,,,3.125,3.739,37274.24,31153.24953196
2025-07-11,118028,19776900,3356.445,38.5075,,,72.06,,,35.16458634,3065.06524703,,,1637.9128504,,,,3.125,3.739,37768.96,31566.72907194
2025-07-12,118697,19777350,3352.131667,38.384167,,,71.693333,,,35.40940864,3092.342736,,,1655.62117192,,,,3.125,3.739,37983.04,31745.65391816
2025-07-13,119366,19777800,3347.818333,38.260833,,,71.326667,,,35.6548618,3119.79616335,,,1673.51153531,,,,3.125,3.739,38197.12,31924.57876438
2025-07-14,120035,19778250,3343.505,38.1375,,,70.96,,,35.90094826,3147.42707309,,,1691.58680947,,,,3.13,3.758,38349.84025559,31941.19212347
2025-07-15,117548,19778700,3323.985,37.706,,,70.27,,,35.36357715,3117.48793295,,,1672.8048954,,,,3.13,3.758,37555.2715655,31279.40393827
2025-07-16,119345,19779150,3347.575,37.91,,,69.67,,,35.65118033,3148.1139541,,,1713.00416248,,,,3.13,3.758,38129.39297125,31757.58382118
2025-07-17,120334,19779600,3339.205,38.142,,,71.32,,,36.03672132,3154.89486655,,,1687.24060572,,,,3.13,3.758,38445.36741214,32020.75572113
2025-07-18,117437,19780050,3348.295,38.117,,,71.06,,,35.07367182,3080.96125089,,,1652.64565156,,,,3.13,3.758,37519.80830671,31249.86695051
2025-07-19,117382.666667,19780500,3364.575,38.388667,,,71.346667,,,34.88781396,3057.74271003,,,1645.24387197,,,,3.13,3.758,37502.44941438,31235.40890553
2025-07-20,117328.333333,19780950,3380.855,38.660333,,,71.633333,,,34.70374604,3034.85056202,,,1637.90135708,,,,3.13,3.758,37485.09052173,31220.9508603
2025-07-21,117274,19781400,3397.135,38.932,,,71.92,,,34.52144233,3012.27781773,,,1630.61735261,,,,3.121,3.812,37575.77699455,30764.42812172
2025-07-22,119435,19781850,3431.745,39.2945,,,69.69,,,34.80299381,3039.48389724,,,1713.80398909,,,,3.121,3.812,38268.18327459,31331.32214061
2025-07-23,118120,19782300,3387.265,39.2655,,,69.17,,,34.87179184,3008.23878468,,,1707.67673847,,,,3.121,3.812,37846.84396027,30986.35886674
2025-07-24,118598,19782750,3368.625,39.0615,,,70.42,,,35.2066496,3036.18652638,,,1684.15222948,,,,3.121,3.812,38000,31111.75236097
2025-07-25,116758,19783200,3337.535,38.1695,,,69.23,,,34.98330355,3058.93448958,,,1686.52318359,,,,3.121,3.812,37410.44537007,30629.06610703
2025-07-26,117211.333333,19783650,3329.898333,38.169,,,69.776667,,,35.19967327,3070.85156365,,,1679.80699527,,,,3.121,3.812,37555.69795995,30747.98880719
2025-07-27,117664.666667,19784100,3322.261667,38.1685,,,70.323333,,,35.41703769,3082.76894997,,,1673.19524897,,,,3.121,3.812,37700.95055014,30866.91150761
2025-07-28,118118,19784550,3314.625,38.168,,,70.87,,,35.6354037,3094.6866485,,,1666.68548046,,,,3.123,3.805,37821.96605828,31042.83837057
2025-07-29,117598,19785000,3326.615,38.204,,,73.21,,,35.35064923,3078.15935504,,,1606.3106133,,,,3.123,3.805,37655.45949408,30906.1760841
2025-07-30,117315,19785450,3275.52,37.128,,,73.98,,,35.81568728,3159.7446671,,,1585.76642336,,,,3.123,3.805,37564.84149856,30831.80026281
2025-07-31,116545,19785900,3289.985,36.7145,,,73.43,,,35.42417367,3174.35890452,,,1587.1578374,,,,3.123,3.805,37318.28370157,30629.43495401
2025-08-01,113290,19786350,3357.095,36.9795,,,70.55,,,33.74643851,3063.58928596,,,1605.81148122,,,,3.123,3.805,36276.01665066,29773.98160315
2025-08-02,113895,19786800,3362.631667,37.124667,,,70.22,,,33.87079266,3067.90630607,,,1621.97379664,,,,3.123,3.805,36469.74063401,29932.98291721
2025-08-03,114500,19787250,3368.168333,37.269833,,,69.89,,,33.99473799,3072.1897788,,,1638.28873945,,,,3.123,3.805,36663.46461736,30091.98423127
2025-08-04,115105,19787700,3373.705,37.415,,,69.56,,,34.11827649,3076.43993051,,,1654.75848189,,,,3.14,3.8,36657.6433121,30290.78947368
2025-08-05,113606,19788150,3380.895,37.81,,,69.14,,,33.60234494,3004.65485321,,,1643.1298814,,,,3.14,3.8,36180.25477707,29896.31578947
2025-08-06,115083,19788600,3369.365,37.831,,,67.97,,,34.15569403,3042.02902382,,,1693.14403413,,,,3.14,3.8,36650.63694268,30285
2025-08-07,117152,19789050,3397.78,38.267,,,66.99,,,34.47898334,3061.43674707,,,1748.79832811,,,,3.14,3.8,37309.55414013,30829.47368421
2025-08-08,116483,19789500,3398.505,38.394,,,67.17,,,34.2747767,3033.88550294,,,1734.15215126,,,,3.14,3.8,37096.49681529,30653.42105263
2025-08-09,117230,19789950,3379.878333,38.137667,,,67.233333,,,34.68468047,3073.86395712,,,1743.62916085,,,,3.14,3.8,37334.39490446,30850
2025-08-10,117977,19790400,3361.251667,37.881333,,,67.296667,,,35.09912726,3114.38354083,,,1753.08830674,,,,3.14,3.8,37572.29299363,31046.57894737
2025-08-11,118724,19790850,3342.625,37.625,,,67.36,,,35.51819304,3155.4551495,,,1762.52969121,,,,3.118,3.754,38076.97241822,31625.99893447
2025-08-12,119903,19791300,3348.205,37.914,,,66.8,,,35.81112865,3162.49934061,,,1794.95508982,,,,3.118,3.754,38455.09942271,31940.06393181
2025-08-13,122579,19791750,3355.995,38.508,,,66.25,,,36.52538219,3183.20868391,,,1850.2490566,,,,3.118,3.754,39313.34188582,32652.90356953
2025-08-14,117979,19792200,3335.535,38.021,,,68.12,,,35.37033789,3102.9957129,,,1731.92894891,,,,3.118,3.754,37838.03720334,31427.54395312
2025-08-15,116974,19792650,3339.135,37.992,,,67.3,,,35.03122815,3078.91134976,,,1738.09806835,,,,3.118,3.754,37515.71520205,31159.82951518
2025-08-16,116889,19793100,3337.061667,38.004333,,,67.593333,,,35.02752171,3075.67560783,,,1729.29776965,,,,3.118,3.754,37488.45413727,31137.18700053
2025-08-17,116804,19793550,3334.988333,38.016667,,,67.886667,,,35.02381068,3072.4418845,,,1720.57349641,,,,3.118,3.754,37461.19307248,31114.54448588
2025-08-18,116719,19794000,3332.915,38.029,,,68.18,,,35.02009502,3069.21033948,,,1711.92431798,,,,3.125,3.713,37350.08,31435.22757878
2025-08-19,113430,19794450,3315.9,37.39,,,66.62,,,34.20790736,3033.69884996,,,1702.64184929,,,,3.125,3.713,36297.6,30549.42095341
2025-08-20,114390,19794900,3348.515,37.908,,,67.61,,,34.16141185,3017.5688509,,,1691.90948085,,,,3.125,3.713,36604.8,30807.9719903
2025-08-21,112619,19795350,3339.075,38.146,,,68.41,,,33.7276042,2952.31479054,,,1646.23593042,,,,3.125,3.713,36038.08,30330.99919203
2025-08-22,116617,19795800,3373.235,38.921,,,68.29,,,34.57126468,2996.2488117,,,1707.67315859,,,,3.125,3.713,37317.44,31407.75653111
2025-08-23,114377.666667,19796250,3370.748333,38.802333,,,67.94,,,33.93242549,2947.70076498,,,1683.50995977,,,,3.125,3.713,36600.85333344,30804.65032777
2025-08-24,112138.333333,19796700,3368.261667,38.683667,,,67.59,,,33.29264304,2898.85478884,,,1659.09651329,,,,3.125,3.713,35884.26666656,30201.54412416
2025-08-25,109899,19797150,3365.775,38.565,,,67.24,,,32.65191523,2849.70828471,,,1634.42891136,,,,3.147,3.708,34921.83031459,29638.34951456
2025-08-26,111607,19797600,3393.685,38.612,,,66.89,,,32.88667039,2890.4744639,,,1668.51547316,,,,3.147,3.708,35464.5694312,30098.97518878
2025-08-27,111549,19798050,3397.475,38.596,,,67.75,,,32.83291268,2890.1699658,,,1646.4797048,,,,3.147,3.708,35446.13918017,30083.33333333
2025-08-28,112047,19798500,3416.615,39.054,,,68.61,,,32.79473982,2869.02750038,,,1633.10013118,,,,3.147,3.708,35604.38512869,30217.63754045
2025-08-29,108198,19798950,3452.355,39.829,,,67.83,,,31.34034594,2716.56330814,,,1595.13489606,,,,3.147,3.708,34381.31553861,29179.61165049
2025-08-30,108069,19799400,3460.458333,40.125,,,67.583333,,,31.22967815,2693.30841121,,,1599.04809667,,,,3.147,3.708,34340.32411821,29144.82200647
2025-08-31,107940,19799850,3468.561667,40.421,,,67.336667,,,31.11952745,2670.39410208,,,1602.98994306,,,,3.147,3.708,34299.33269781,29110.03236246
2025-09-01,107811,19800300,3476.665,40.717,,,67.09,,,31.00989023,2647.81295282,,,1606.96079893,,,,3.177,3.734,33934.84419263,28872.79057311
2025-09-02,111198,19800750,3533.125,40.8885,,,68.09,,,31.47298779,2719.54216956,,,1633.1032457,,,,3.177,3.734,35000.94428706,29779.86073915
2025-09-03,112034,19801200,3559.605,41.217,,,67.76,,,31.47371689,2718.1502778,,,1653.39433294,,,,3.177,3.734,35264.08561536,30003.74933048
2025-09-04,110522,19801650,3545.955,40.673,,,66.41,,,31.16847225,2717.33090748,,,1664.23731366,,,,3.177,3.734,34788.16493547,29598.82163899
2025-09-05,111683,19802100,3594.685,40.989,,,64.92,,,31.06892537,2724.70662861,,,1720.31731362,,,,3.177,3.734,35153.60402896,29909.74825924
2025-09-06,111904.666667,19802550,3608.463333,41.109,,,65.093333,,,31.01172337,2722.14519125,,,1719.14175399,,,,3.177,3.734,35223.37635096,29969.11265854
2025-09-07,112126.333333,19803000,3622.241667,41.229,,,65.266667,,,30.95495653,2719.59866436,,,1717.97241206,,,,3.177,3.734,35293.14867265,30028.47705758
2025-09-08,112348,19803450,3636.02,41.349,,,65.44,,,30.89861992,2717.06691818,,,1716.80929095,,,,3.192,3.766,35196.74185464,29832.1826872
2025-09-09,111322,19803900,3626.01,40.872,,,67.97,,,30.70096332,2723.67390879,,,1637.81079888,,,,3.192,3.766,34875.31328321,29559.74508763
2025-09-10,113879,19804350,3640.705,41.167,,,67.62,,,31.27938133,2766.26909904,,,1684.10233659,,,,3.192,3.766,35676.37844612,30238.71481678
2025-09-11,114539,19804800,3634.035,41.561,,,67.25,,,31.5184086,2755.92502587,,,1703.18215613,,,,3.192,3.766,35883.14536341,30413.96707382
2025-09-12,116612,19805250,3644.185,42.212,,,67.87,,,31.99947313,2762.53198143,,,1718.16708413,,,,3.192,3.766,36532.58145363,30964.41848115
2025-09-13,116262,19805700,3655.871667,42.369333,,,67.873333,,,31.80144452,2744.01298694,,,1712.92604711,,,,3.192,3.766,36422.93233083,30871.48167817
2025-09-14,115912,19806150,3667.558333,42.526667,,,67.876667,,,31.60467796,2725.63095528,,,1707.68549964,,,,3.192,3.766,36313.28320802,30778.5448752
2025-09-15,115562,19806600,3679.245,42.684,,,67.88,,,31.40916139,2707.38450005,,,1702.44549204,,,,3.168,3.739,36477.9040404,30907.19443702
2025-09-16,116847,19807050,3689.805,42.56,,,69.69,,,31.66752715,2745.46522556,,,1676.66810159,,,,3.168,3.739,36883.52272727,31250.86921637
2025-09-17,116096,19807500,3659.65,41.672,,,69.19,,,31.72325222,2785.94739873,,,1677.93033675,,,,3.168,3.739,36646.46464646,31050.01337256
2025-09-18,117357,19807950,3644.475,41.82,,,67.83,,,32.20134587,2806.241033,,,1730.16364441,,,,3.168,3.739,37044.50757576,31387.26932335
2025-09-19,115210,19808400,3684.445,42.989,,,67.05,,,31.26929565,2679.98790388,,,1718.2699478,,,,3.168,3.739,36366.79292929,30813.05161808
2025-09-20,114489.666667,19808850,3705.13,43.349667,,,66.99,,,30.90031029,2641.07372882,,,1709.05607803,,,,3.168,3.739,36139.41498327,30620.39761086
2025-09-21,113769.333333,19809300,3725.815,43.710333,,,66.93,,,30.535422,2602.80179822,,,1699.82568853,,,,3.168,3.739,35912.03703693,30427.74360337
2025-09-22,113049,19809750,3746.5,44.071,,,66.87,,,30.17456293,2565.15622518,,,1690.57873486,,,,3.173,3.749,35628.42735581,30154.44118432
2025-09-23,112217,19810200,3764.68,44.037,,,67.96,,,29.80784555,2548.24352249,,,1651.22130665,,,,3.173,3.749,35366.21493854,29932.51533742
2025-09-24,113407,19810650,3736.135,43.91,,,69.64,,,30.35409588,2582.71464359,,,1628.47501436,,,,3.173,3.749,35741.25433344,30249.93331555
2025-09-25,109467,19811100,3749.375,45.188,,,70.48,,,29.19606601,2422.47941931,,,1553.16401816,,,,3.173,3.749,34499.52726127,29198.98639637
2025-09-26,109223,19811550,3766.715,46.106,,,71.15,,,28.99688455,2368.95414913,,,1535.10892481,,,,3.173,3.749,34422.62842736,29133.90237397
2025-09-27,110904.666667,19812000,3788.963333,46.381667,,,70.433333,,,29.27045129,2391.13153624,,,1574.60483472,,,,3.173,3.749,34952.62107375,29582.46643558
2025-09-28,112586.333333,19812450,3811.211667,46.657333,,,69.716667,,,29.54082407,2413.04691233,,,1614.91273433,,,,3.173,3.749,35482.61371982,30031.03049693
2025-09-29,114268,19812900,3833.46,46.933,,,69,,,29.80805852,2434.70479194,,,1656.05797101,,,,3.118,3.754,36647.85118666,30438.9984017
2025-09-30,114232,19813350,3858.72,46.65,,,68.52,,,29.60359912,2448.70310825,,,1667.1336836,,,,3.118,3.754,36636.30532393,30429.40863079
2025-10-01,117637,19813800,3865.745,47.321,,,66.67,,,30.43061557,2485.93647641,,,1764.46677666,,,,3.118,3.754,37728.35150738,31336.44112946
2025-10-02,120246,19814250,3856.605,46.9875,,,65.44,,,31.17923666,2559.10614525,,,1837.5,,,,3.118,3.754,38565.10583708,32031.43313799
2025-10-03,122679,19814700,3885.925,47.979,,,66.13,,,31.57008949,2556.93115738,,,1855.11870558,,,,3.118,3.754,39345.41372675,32679.54182206
2025-10-04,123510.333333,19815150,3910.635,48.160667,,,66.45,,,31.58319131,2564.54781519,,,1858.69576122,,,,3.118,3.754,39612.03763085,32900.99449467
2025-10-05,124341.666667,19815600,3935.345,48.342333,,,66.77,,,31.59612859,2572.10728053,,,1862.23853028,,,,3.118,3.754,39878.66153528,33122.44716755
2025-10-06,125173,19816050,3960.055,48.524,,,67.09,,,31.60890442,2579.61008985,,,1865.74750335,,,,3.124,3.711,40068.18181818,33730.26138507
2025-10-07,122101,19816500,3984.845,47.831,,,67.1,,,30.64134239,2552.75867115,,,1819.68703428,,,,3.124,3.711,39084.82714469,32902.45216923
2025-10-08,123322,19816950,4041.01,48.8655,,,67.42,,,30.51761812,2523.70281692,,,1829.1604865,,,,3.124,3.711,39475.67221511,33231.47399623
2025-10-09,121534,19817400,3977.06,49.173,,,67.23,,,30.55875446,2471.55959571,,,1807.73464227,,,,3.124,3.711,38903.3290653,32749.66316357
2025-10-10,116781,19817850,4010.675,49.998,,,64.41,,,29.11754256,2335.71342854,,,1813.08802981,,,,3.124,3.711,37381.8822023,31468.87631366
2025-10-11,116455.333333,19818300,4043.86,50.799667,,,64.323333,,,28.79806258,2292.44284875,,,1810.46795776,,,,3.124,3.711,37277.63550992,31381.1191951
2025-10-12,116129.666667,19818750,4077.045,51.601333,,,64.236667,,,28.48378339,2250.51679706,,,1807.84078768,,,,3.124,3.711,37173.38881786,31293.3620768
2025-10-13,115804,19819200,4110.23,52.403,,,64.15,,,28.17457904,2209.87348053,,,1805.20654716,,,,3.061,3.665,37832.08101927,31597.27148704
2025-10-14,113196,19819650,4141.98,51.502,,,63,,,27.32895861,2197.89522737,,,1796.76190476,,,,3.061,3.665,36980.07187194,30885.67530696
2025-10-15,110886,19820100,4208.05,52.994,,,62.33,,,26.35092264,2092.42555761,,,1779.01492058,,,,3.061,3.665,36225.41653055,30255.3888131
2025-10-16,108487,19820550,4328.08,54.153,,,61.08,,,25.06584906,2003.34238177,,,1776.14603798,,,,3.061,3.665,35441.68572362,29600.81855389
2025-10-17,106480,19821000,4225.385,51.771,,,61.23,,,25.20007053,2056.74991791,,,1739.01682182,,,,3.061,3.665,34786.01764129,29053.20600273
2025-10-18,107855.666667,19821450,4268.946667,51.993333,,,61.056667,,,25.2651708,2074.41339964,,,1766.48467672,,,,3.061,3.665,35235.43504312,29428.55843574
2025-10-19,109231.333333,19821900,4312.508333,52.215667,,,60.883333,,,25.32895589,2091.92641996,,,1794.10896136,,,,3.061,3.665,35684.85244463,29803.91086849
2025-10-20,110607,19822350,4356.07,52.438,,,60.71,,,25.39146524,2109.2909722,,,1821.89095701,,,,3.019,3.62,36636.96588274,30554.4198895
2025-10-21,110931,19822800,4124.82,48.717,,,61,,,26.89353717,2277.04907938,,,1818.54098361,,,,3.019,3.62,36744.28618748,30643.92265193
2025-10-22,107231,19823250,4098.34,48.498,,,62.28,,,26.16449587,2211.0396305,,,1721.75658317,,,,3.019,3.62,35518.71480623,29621.82320442
2025-10-23,109586,19823700,4126.67,48.913,,,66.32,,,26.55555206,2240.42688038,,,1652.38238842,,,,3.019,3.62,36298.77442862,30272.37569061
2025-10-24,110541,19824150,4103.945,48.5095,,,65.8,,,26.9353025,2278.74952329,,,1679.95440729,,,,3.019,3.62,36615.10433919,30536.1878453
2025-10-25,111731,19824600,4065.881667,47.973833,,,65.706667,,,27.48014063,2328.99881066,,,1700.451493,,,,3.019,3.62,37009.27459424,30864.91712707
2025-10-26,112921,19825050,4027.818333,47.438167,,,65.613333,,,28.03527634,2380.38286766,,,1721.00691791,,,,3.019,3.62,37403.44484929,31193.64640884
2025-10-27,114111,19825950,3989.755,46.9025,,,65.52,,,28.60100432,2432.9406748,,,1741.62087912,,,,3.035,3.718,37598.35255354,30691.50080689
2025-10-28,113246,19826400,3934.685,46.905,,,64.03,,,28.78146535,2414.36947021,,,1768.63970014,,,,3.035,3.718,37313.34431631,30458.84884346
2025-10-29,111050,19826850,3941.685,47.782,,,65.01,,,28.17323048,2324.09694027,,,1708.19873866,,,,3.035,3.718,36589.78583196,29868.20871436
2025-10-30,107901,19827300,4037.845,49.024,,,65.11,,,26.72242248,2200.98319191,,,1657.21087391,,,,3.035,3.718,35552.22405272,29021.24798279
2025-10-31,109497,19827750,4002.775,48.68,,,65.44,,,27.35527228,2249.32210353,,,1673.24266504,,,,3.035,3.718,36078.08896211,29450.51102743
2025-11-01,108491,19828200,4002.29,48.481167,,,65.556667,,,27.10723111,2237.79679231,,,1654.91939973,,,,3.035,3.718,35746.62273476,29179.93544917
2025-11-02,107485,19828650,4001.805,48.282333,,,65.673333,,,26.85912982,2226.1766017,,,1636.66126097,,,,3.035,3.718,35415.15650741,28909.3598709
2025-11-03,106479,19829100,4001.32,48.0835,,,65.79,,,26.61096838,2214.46026184,,,1618.46785226,,,,3.019,3.753,35269.62570388,28371.70263789
2025-11-04,101240,19829550,3932.075,47.161,,,65.04,,,25.74721998,2146.68900151,,,1556.58056581,,,,3.019,3.753,33534.28287512,26975.75273115
2025-11-05,103758,19830000,3979.68,48.016,,,63.54,,,26.07194548,2160.90469843,,,1632.95561851,,,,3.019,3.753,34368.33388539,27646.68265388
2025-11-06,101432,19830450,3977.185,48.03,,,63.41,,,25.50346539,2111.84676244,,,1599.6215108,,,,3.019,3.753,33597.88009275,27026.91180389
2025-11-07,103531,19830900,4004.175,48.405,,,63.72,,,25.85576305,2138.84929243,,,1624.78028876,,,,3.019,3.753,34293.14342498,27586.1977085
2025-11-08,104354.666667,19831350,4041.458333,49.107333,,,63.483333,,,25.82104232,2125.03225673,,,1643.81203279,,,,3.019,3.753,34565.97107221,27805.66657794
2025-11-09,105178.333333,19831800,4078.741667,49.809667,,,63.246667,,,25.78695635,2111.6048283,,,1662.98618286,,,,3.019,3.753,34838.79871911,28025.13544711
2025-11-10,106002,19832250,4116.025,50.512,,,63.01,,,25.75348789,2098.5508394,,,1682.30439613,,,,3.056,3.837,34686.51832461,27626.27052385
2025-11-11,102989,19832700,4126.885,51.22,,,63.86,,,24.95562634,2010.71846935,,,1612.73097401,,,,3.056,3.837,33700.58900524,26841.02163148
2025-11-12,101975,19833150,4195.55,53.267,,,61.88,,,24.30551418,1914.4123003,,,1647.94764059,,,,3.056,3.837,33368.78272251,26576.75267136
2025-11-13,99812.3,19833600,4171.125,52.2905,,,62.14,,,23.9293476,1908.80370239,,,1606.24879305,,,,3.056,3.837,32661.09293194,26013.1091999
2025-11-14,94332.5,19834050,4087.065,50.674,,,63.45,,,23.08074376,1861.55622213,,,1486.72182821,,,,3.056,3.837,30867.96465969,24584.96221006
2025-11-15,93608.866667,19834500,4073.123333,50.520333,,,63.353333,,,22.982085,1852.89488624,,,1477.56814416,,,,3.056,3.837,30631.17364758,24396.3686909
2025-11-16,92885.233333,19834950,4059.181667,50.366667,,,63.256667,,,22.88274853,1844.18066284,,,1468.38646009,,,,3.056,3.837,30394.38263514,24207.77517149
2025-11-17,92161.6,19835400,4045.24,50.213,,,63.16,,,22.78272735,1835.41314002,,,1459.17669411,,,,3.062,3.868,30098.49771391,23826.68045502
2025-11-18,93132.4,19835850,4067.335,50.703,,,64.86,,,22.89764674,1836.82227876,,,1435.89885908,,,,3.062,3.868,30415.54539517,24077.66287487
2025-11-19,90399.5,19836300,4077.865,51.367,,,63.78,,,22.16834054,1759.87501703,,,1417.36437755,,,,3.062,3.868,29523.02416721,23371.12202689
2025-11-20,87970.8,19836750,4077.19,50.664,,,63.64,,,21.57633076,1736.35717669,,,1382.31929604,,,,3.062,3.868,28729.84977139,22743.22647363
2025-11-21,84522.9,19837200,4068.485,49.961,,,62.78,,,20.77503051,1691.77758652,,,1346.33482001,,,,3.062,3.868,27603.82103201,21851.83557394
2025-11-22,85899.133333,19837650,4090.83,50.427333,,,63.463333,,,20.99797189,1703.42408021,,,1353.52382663,,,,3.062,3.868,28053.27672534,22207.63529809
2025-11-23,87275.366667,19838100,4113.175,50.893667,,,64.146667,,,21.21849099,1714.85710918,,,1360.55964789,,,,3.062,3.868,28502.73241901,22563.43502249
2025-11-24,88651.6,19838550,4135.52,51.36,,,64.83,,,21.43662707,1726.08255452,,,1367.44716952,,,,3.061,3.831,28961.64652074,23140.5899243
2025-11-25,87604.7,19839000,4130.665,51.485,,,63.99,,,21.20837686,1701.55773526,,,1369.03734959,,,,3.061,3.831,28619.6341065,22867.3192378
2025-11-26,90404.4,19839450,4163.42,53.348,,,64.81,,,21.71397553,1694.61648047,,,1394.91436507,,,,3.061,3.831,29534.26984646,23598.12059514
2025-11-27,91362.5,19839900,4157.3,53.3905,,,64.18,,,21.97640295,1711.21266892,,,1423.53536927,,,,3.061,3.831,29847.27213329,23848.2119551
2025-11-28,91239.2,19840350,4252.05,56.4205,,,64.07,,,21.45769688,1617.12852598,,,1424.05493991,,,,3.061,3.831,29806.99117935,23816.02714696
2025-11-29,89689.633333,19840800,4245.205,56.95,,,64.12,,,21.12727968,1574.88381621,,,1398.77781243,,,,3.061,3.831,29300.76227801,23411.54615844
2025-11-30,88140.066667,19841250,4238.36,57.4795,,,64.17,,,20.79579523,1533.41742129,,,1373.54007585,,,,3.061,3.831,28794.533377,23007.06517019
2025-12-01,86590.5,19841700,4231.515,58.009,,,64.22,,,20.46323834,1492.70802806,,,1348.34163812,,,,2.985,3.758,29008.54271357,23041.64449175
2025-12-02,92025.9,19842150,4206.26,58.456,,,63.37,,,21.87831946,1574.27637881,,,1452.19977908,,,,2.985,3.758,30829.44723618,24487.9989356
2025-12-03,93809.5,19842600,4202.84,58.509,,,63.75,,,22.32050233,1603.33452973,,,1471.52156863,,,,2.985,3.758,31426.9681742,24962.61309207
2025-12-04,92386.4,19843050,4207.915,57.145,,,64.15,,,21.95538646,1616.7013737,,,1440.16212003,,,,2.985,3.758,30950.21775544,24583.92762108
2025-12-05,89391.8,19843500,4202.205,58.386,,,64.42,,,21.27259379,1531.04853903,,,1387.64048432,,,,2.985,3.758,29947.00167504,23787.06758914
2025-12-06,89886.8,19843950,4198.276667,58.31,,,64.046667,,,21.41040411,1541.5331847,,,1403.45788798,,,,2.985,3.758,30112.83082077,23918.78658861
2025-12-07,90381.8,19844400,4194.348333,58.234,,,63.673333,,,21.54847257,1552.04519696,,,1419.46079688,,,,2.985,3.758,30278.6599665,24050.50558808
2025-12-08,90876.8,19844850,4190.42,58.158,,,63.3,,,21.68679989,1562.5846831,,,1435.65244866,,,,2.94,3.665,30910.47619048,24795.8526603
2025-12-09,92913.4,19845300,4207.715,60.669,,,62.62,,,22.08167616,1531.48065734,,,1483.76557011,,,,2.94,3.665,31603.19727891,25351.54160982
2025-12-10,92532.6,19845750,4228.5,61.826,,,63.12,,,21.88307911,1496.66159868,,,1465.97908745,,,,2.94,3.665,31473.67346939,25247.63983629
2025-12-11,92423.1,19846200,4280.64,63.5735,,,61.87,,,21.59095369,1453.79914587,,,1493.82737999,,,,2.94,3.665,31436.42857143,25217.76261937
2025-12-12,90240.4,19846650,4299.9,61.863,,,62.11,,,20.9866276,1458.7136091,,,1452.91257446,,,,2.94,3.665,30694.01360544,24622.2100955
2025-12-13,88916.466667,19847100,4301.755,62.606333,,,61.923333,,,20.66981189,1420.24716041,,,1435.91215717,,,,2.94,3.665,30243.69614524,24260.97316971
2025-12-14,87592.533333,19847550,4303.61,63.349667,,,61.736667,,,20.35326931,1382.68340594,,,1418.80891194,,,,2.94,3.665,29793.37868469,23899.73624366
2025-12-15,86268.6,19848000,4305.465,64.093,,,61.55,,,20.03699949,1345.99098185,,,1401.60194963,,,,2.895,3.607,29799.17098446,23916.99473246
2025-12-16,87783.9,19848450,4302.265,63.7505,,,59.93,,,20.40411272,1376.99155301,,,1464.77390289,,,,2.895,3.607,30322.59067358,24337.0945384
2025-12-17,86322.2,19848900,4338.77,66.225,,,60.61,,,19.89554643,1303.46847867,,,1424.22372546,,,,2.895,3.607,29817.68566494,23931.85472692
2025-12-18,85557.8,19849350,4332.46,65.4935,,,60.69,,,19.74808769,1306.35559254,,,1409.7511946,,,,2.895,3.607,29553.64421416,23719.93346271
2025-12-19,87953.8,19849800,4339.645,67.201,,,61.35,,,20.26751036,1308.81683308,,,1433.6397718,,,,2.895,3.607,30381.27806563,24384.19739396
2025-12-20,88187.2,19850250,4374.185,67.8185,,,61.64,,,20.16082996,1300.34135229,,,1430.68137573,,,,2.895,3.607,30461.89982729,24448.90490713
2025-12-21,88420.6,19850700,4408.725,68.436,,,61.93,,,20.05582113,1292.0188205,,,1427.75068626,,,,2.895,3.607,30542.52158895,24513.61242029
2025-12-22,88654,19851150,4443.265,69.0535,,,62.22,,,19.95244488,1283.84513457,,,1424.84731598,,,,2.841,3.544,31205.2094333,25015.23702032
2025-12-23,87373.6,19851600,4484.305,71.484,,,63.7,,,19.48431251,1222.28190924,,,1371.64207221,,,,2.841,3.544,30754.52305526,24653.9503386
2025-12-24,87984,19852050,4479.325,71.833,,,63.7,,,19.6422452,1224.84095054,,,1381.2244898,,,,2.841,3.544,30969.37697994,24826.18510158
2025-12-25,87597.1,19852500,4505.4525,75.129,,,63.7,,,19.44246444,1165.9558892,,,1375.15070644,,,,2.841,3.544,30833.19253784,24717.01467269
2025-12-26,87627.8,19852950,4531.58,78.425,,,63.7,,,19.33714069,1117.3452343,,,1375.63265306,,,,2.841,3.544,30843.99859205,24725.6772009
2025-12-27,87515.366667,19853400,4465.056667,76.3275,,,63.7,,,19.60005733,1146.57714018,,,1373.86760859,,,,2.841,3.544,30804.42332524,24693.95221981
2025-12-28,87402.933333,19853850,4398.533333,74.23,,,63.7,,,19.87092667,1177.4610445,,,1372.1025641,,,,2.841,3.544,30764.84805808,24662.22723843
2025-12-29,87290.5,19854300,4332.01,72.1325,,,63.1,,,20.15011507,1210.14105986,,,1383.36767036,,,,2.811,3.5,31053.18392031,24940.14285714
2025-12-30,88368.8,19854750,4338.71,76.241,,,62.3,,,20.3675286,1159.07189045,,,1418.43980738,,,,2.811,3.5,31436.78406261,25248.22857143
2025-12-31,87623.2,19855200,4318.59,71.6275,,,61.35,,,20.2897705,1223.31785976,,,1428.25101874,,,,2.811,3.5,31171.54037709,25035.2
2026-01-01,88685.6,19855650,4325.0475,72.09375,,,61.665,,,20.50511584,1230.14269614,,,1438.1837347,,,,2.811,3.5,31549.48416933,25338.74285714
2026-01-02,89748,19856100,4331.505,72.56,,,61.98,,,20.71981909,1236.87982359,,,1448.01548887,,,,2.811,3.5,31927.42796158,25642.28571429
2026-01-03,91225.8,19856550,4370.711667,73.9095,,,62.32,,,20.87207003,1234.29058511,,,1463.82862644,,,,2.811,3.5,32453.14834578,26064.51428571
2026-01-04,92703.6,19857000,4409.918333,75.259,,,62.66,,,21.02161378,1231.79420402,,,1479.4701564,,,,2.811,3.5,32978.86872999,26486.74285714
2026-01-05,94181.4,19857450,4449.125,76.6085,,,63,,,21.1685219,1229.38577312,,,1494.94285714,,,,2.796,3.477,33684.33476395,27086.97152718
2026-01-06,93341,19857900,4495.035,81.26,,,62.1,,,20.76535555,1148.67093281,,,1503.07568438,,,,2.796,3.477,33383.76251788,26845.26890998
2026-01-07,91126.9,19858350,4456.41,78.19,,,61.08,,,20.44850003,1165.45466172,,,1491.92698101,,,,2.796,3.477,32591.88125894,26208.48432557
2026-01-08,91092.9,19858800,4478.355,76.981,,,63.34,,,20.34070546,1183.31666255,,,1438.15756236,,,,2.796,3.477,32579.72103004,26198.70578085
2026-01-09,90229,19859250,4508.015,79.83,,,65.11,,,20.01523952,1130.26431166,,,1385.79327292,,,,2.796,3.477,32270.74391989,25950.24446362
2026-01-10,90556.566667,19859700,4538.181667,81.607667,,,65.206667,,,19.95437233,1109.65758483,,,1388.76238939,,,,2.796,3.477,32387.89938019,26044.45403135
2026-01-11,90884.133333,19860150,4568.348333,83.385333,,,65.303333,,,19.89430899,1089.92948835,,,1391.72273692,,,,2.796,3.477,32505.05484013,26138.66359879
2026-01-12,91211.7,19860600,4598.515,85.163,,,65.4,,,19.8350337,1071.02497563,,,1394.67431193,,,,2.779,3.459,32821.77042101,26369.38421509
2026-01-13,95650.7,19861050,4586.07,86.946,,,67.58,,,20.85679024,1100.11616406,,,1415.36993193,,,,2.779,3.459,34419.10759266,27652.70309338
2026-01-14,96878.5,19861500,4627.52,93.274,,,68.87,,,20.9352958,1038.64420953,,,1406.68651082,,,,2.779,3.459,34860.92119467,28007.66117375
2026-01-15,95561.1,19861950,4616.175,92.384,,,66.16,,,20.70135989,1034.39015414,,,1444.39389359,,,,2.779,3.459,34386.86577906,27626.79965308
2026-01-16,95396.1,19862400,4582.265,89.334,,,66.97,,,20.81854716,1067.85882195,,,1424.46020606,,,,2.779,3.459,34327.49190356,27579.0980052
2026-01-17,94440.433333,19862850,4611.85,91.097667,,,66.95,,,20.47777645,1036.69431329,,,1410.61140154,,,,2.779,3.459,33983.60321447,27302.81391529
2026-01-18,93484.766667,19863300,4641.435,92.861333,,,66.93,,,20.14134996,1006.71359808,,,1396.75432044,,,,2.779,3.459,33639.71452573,27026.52982567
2026-01-19,92529.1,19863750,4671.02,94.625,,,66.91,,,19.80918515,977.85046235,,,1382.88895531,,,,2.806,3.53,32975.44547398,26212.20963173
2026-01-20,88429.8,19864200,4763.63,94.5755,,,67.68,,,18.56353243,935.01805436,,,1306.58687943,,,,2.806,3.53,31514.54027085,25050.93484419
2026-01-21,89759.3,19864650,4832.66,93.0975,,,66.72,,,18.57347713,964.14296839,,,1345.3132494,,,,2.806,3.53,31988.34640057,25427.56373938
2026-01-22,89316,19865100,4936.16,96.1905,,,65.46,,,18.09422709,928.53244343,,,1364.43629698,,,,2.806,3.53,31830.36350677,25301.98300283
2026-01-23,89453.4,19865550,4981.83,102.5025,,,68.16,,,17.95593186,872.69481232,,,1312.40316901,,,,2.806,3.53,31879.33000713,25340.90651558
2026-01-24,88996.666667,19866000,4991.541667,102.905,,,68.006667,,,17.82949489,864.84297815,,,1308.64620475,,,,2.806,3.53,31716.55975303,25211.52030227
2026-01-25,88539.933333,19866450,5001.253333,103.3075,,,67.853333,,,17.70354898,857.05232759,,,1304.87227994,,,,2.806,3.53,31553.78949857,25082.13408867
2026-01-26,88083.2,19866900,5010.965,103.71,,,67.7,,,17.57809125,849.3221483,,,1301.08124077,,,,2.853,3.624,30873.88713635,24305.5187638
2026-01-27,89172.6,19867350,5178.535,112.052,,,70.28,,,17.21965768,795.81444329,,,1268.81900968,,,,2.853,3.624,31255.73080967,24606.12582781
2026-01-28,89298.4,19867800,5415.17,116.849,,,70.9,,,16.49041489,764.22048969,,,1259.49788434,,,,2.853,3.624,31299.82474588,24640.8388521
2026-01-29,84468.7,19868250,5378.77,115.518,,,71,,,15.7040922,731.21678007,,,1189.7,,,,2.853,3.624,29606.97511392,23308.1401766
2026-01-30,83842.6,19868700,4847.87,83.136,,,72.25,,,17.29472944,1008.4993264,,,1160.45121107,,,,2.853,3.624,29387.52190676,23135.37527594
2026-01-31,82147.133333,19869150,4785.673333,81.847667,,,70.74,,,17.16521952,1003.65882552,,,1161.25435868,,,,2.853,3.624,28793.24687452,22667.5312729
2026-02-01,80451.666667,19869600,4723.476667,80.559333,,,69.23,,,17.03229895,998.66351509,,,1162.09254177,,,,2.853,3.624,28198.97184262,22199.68727014
2026-02-02,78756.2,19870050,4661.28,79.271,,,67.72,,,16.89583119,993.5058218,,,1162.96810396,,,,2.867,3.681,27469.89884897,21395.3273567
2026-02-03,75662.9,19870500,4947.22,85.321,,,70.01,,,15.29402371,886.80278009,,,1080.7441794,,,,2.867,3.681,26390.96616672,20554.98505841
2026-02-04,72414.4,19870950,4965,88.204,,,71.15,,,14.58497482,820.98771031,,,1017.77090654,,,,2.867,3.681,25257.90024416,19672.48030427
2026-02-05,63798.7,19871400,4779.63,70.958,,,69.87,,,13.34804158,899.10510443,,,913.10576785,,,,2.867,3.681,22252.77293338,17331.8935072
2026-02-06,70048.1,19871850,4952.97,77.478,,,70.45,,,14.14264573,904.10310023,,,994.29524485,,,,2.867,3.681,24432.54272759,19029.63868514
2026-02-07,70151.433333,19872300,4988.153333,79.424333,,,70.696667,,,14.06360804,883.24863028,,,992.28770337,,,,2.867,3.681,24468.58504813,19057.71076691
2026-02-08,70254.766667,19872750,5023.336667,81.370667,,,70.943333,,,13.98567751,863.39180023,,,990.29413612,,,,2.867,3.681,24504.62736903,19085.78284895
2026-02-09,70358.1,19873200,5058.52,83.317,,,71.19,,,13.90883104,844.46271469,,,988.31437,,,,2.902,3.688,24244.69331496,19077.57592191
2026-02-10,68641.7,19873650,5025.48,80.797,,,71.01,,,13.65873509,849.55753308,,,966.64835939,,,,2.902,3.688,23653.23914542,18612.17462039
2026-02-11,67401.3,19874100,5084.65,84.307,,,71.52,,,13.25583865,799.47453948,,,942.41191275,,,,2.902,3.688,23225.80978635,18275.84056399
2026-02-12,66287.5,19874550,4921.96,75.322,,,69.8,,,13.46770392,880.05496402,,,949.67765043,,,,2.902,3.688,22842.00551344,17973.8340564
2026-02-13,68780.9,19875000,5032.915,77.012,,,69.96,,,13.6662153,893.11925414,,,983.14608348,,,,2.902,3.688,23701.20606478,18649.9186551
2026-02-14,68710.8,19875450,5019.433333,76.883,,,70.243333,,,13.68895559,893.70602084,,,978.18251306,,,,2.902,3.688,23677.05031013,18630.91106291
2026-02-15,68640.7,19875900,5005.951667,76.754,,,70.526667,,,13.71181836,894.29475988,,,973.25881003,,,,2.902,3.688,23652.89455548,18611.90347072
2026-02-16,68570.6,19876350,4992.47,76.625,,,70.81,,,13.73480462,894.88548124,,,968.37452337,,,,2.924,3.711,23450.95759234,18477.66100781
2026-02-17,67530.6,19876800,4877.525,73.532,,,69.77,,,13.84525963,918.38383289,,,967.90311022,,,,2.924,3.711,23095.28043776,18197.4130962
2026-02-18,66403.7,19877250,4977.445,77.191,,,71.78,,,13.34092089,860.25184283,,,925.10030649,,,,2.924,3.711,22709.88372093,17893.74831582
2026-02-19,66936.6,19877700,4996.325,78.533,,,73.17,,,13.39716692,852.33723403,,,914.80934809,,,,2.924,3.711,22892.13406293,18037.34842361
2026-02-20,67692.4,19878150,5097.435,84.542,,,72.75,,,13.27969852,800.69551229,,,930.47972509,,,,2.924,3.711,23150.61559508,18241.01320399
2026-02-21,66703.5,19878600,5140.825,85.763,,,72.466667,,,12.97525203,777.76546996,,,920.47147691,,,,2.924,3.711,22812.41450068,17974.53516572
2026-02-22,65714.6,19879050,5184.215,86.984,,,72.183333,,,12.67590175,755.47916858,,,910.38467287,,,,2.924,3.711,22474.21340629,17708.05712746
2026-02-23,64725.7,19879500,5227.605,88.205,,,71.9,,,12.38152079,733.80987472,,,900.21835883,,,,2.937,3.809,22038.03200545,16992.83276451
2026-02-24,64154.3,19879950,5143.935,87.165,,,71.21,,,12.47183333,736.00986635,,,900.91700604,,,,2.937,3.809,21843.47974123,16842.8196377
2026-02-25,68485.6,19880400,5165.025,89.22,,,70.69,,,13.25949052,767.60367631,,,968.815957,,,,2.937,3.809,23318.21586653,17979.94224206
2026-02-26,67629.7,19880850,5185.255,88.312,,,71.66,,,13.0426951,765.80419422,,,943.758024,,,,2.937,3.809,23026.79605039,17755.23759517
2026-02-27,65590.9,19881300,5263.825,93.82,,,71.32,,,12.46069161,699.11426135,,,919.67049916,,,,2.937,3.809,22332.61831801,17219.97899711
2026-02-28,66865.766667,19881750,5283.271667,92.329667,,,73.293333,,,12.65612879,724.20673484,,,912.30353335,,,,2.937,3.809,22766.68936568,17554.67751825
2026-03-01,68140.633333,19882200,5302.718333,90.839333,,,75.266667,,,12.85013253,750.12256346,,,905.32284807,,,,2.937,3.809,23200.76041301,17889.37603912
2026-03-02,69415.5,19882650,5322.165,89.349,,,77.24,,,13.04271852,776.9029312,,,898.69886069,,,,3.015,3.897,23023.38308458,17812.54811393
2026-03-03,68258.4,19883100,5088.505,82.05,,,83.28,,,13.41423463,831.91224863,,,819.62536023,,,,3.015,3.897,22639.60199005,17515.6274057
2026-03-04,72715.6,19883550,5141.395,83.544,,,81.56,,,14.14316542,870.38686201,,,891.55958803,,,,3.015,3.897,24117.94361526,18659.37900949
2026-03-05,71229.6,19884000,5081.155,82.231,,,88.59,,,14.01838755,866.21347181,,,804.03657298,,,,3.015,3.897,23625.07462687,18278.06004619
2026-03-06,68145.8,19884450,5153.265,83.898,,,95.74,,,13.22381054,812.24582231,,,711.77982035,,,,3.015,3.897,22602.25538972,17486.73338465
2026-03-07,68307,19884900,5146.833333,84.880667,,,95.276667,,,13.27165571,804.74155558,,,716.93313957,,,,3.015,3.897,22655.72139303,17528.09853734
2026-03-08,68468.2,19885350,5140.401667,85.863333,,,94.813333,,,13.31962061,797.40906401,,,722.1368328,,,,3.015,3.897,22709.18739635,17569.46369002
2026-03-09,68629.4,19885800,5133.97,86.846,,,94.35,,,13.36770569,790.24249822,,,727.39162692,,,,3.502,4.859,19597.20159909,14124.18193044
2026-03-10,69686.4,19886250,5191.93,88.356,,,89.84,,,13.42206078,788.70025805,,,775.67230632,,,,3.502,4.859,19899.02912621,14341.71640255
2026-03-11,70356.6,19886700,5181.99,85.851,,,90.98,,,13.57713928,819.51986581,,,773.31941086,,,,3.502,4.859,20090.40548258,14479.6460177
2026-03-12,70192.6,19887150,5078.39,83.431,,,102.38,,,13.82182148,841.3251669,,,685.60851729,,,,3.502,4.859,20043.57509994,14445.89421692
2026-03-13,71376,19887600,5019.83,80.6,,,103.23,,,14.21880821,885.55831266,,,691.42691078,,,,3.502,4.859,20381.49628784,14689.44227207
2026-03-14,72504.233333,19888050,5016.783333,80.685,,,102.5,,,14.452335,898.60858069,,,707.35837398,,,,3.502,4.859,20703.66457253,14921.63682507
2026-03-15,73632.466667,19888500,5013.736667,80.77,,,101.77,,,14.6861456,911.63138129,,,723.51839115,,,,3.502,4.859,21025.83285751,15153.83137827
2026-03-16,74760.7,19888950,5010.69,80.855,,,101.04,,,14.92024053,924.62680106,,,739.91191607,,,,3.72,5.071,20096.96236559,14742.79234865
2026-03-17,74307.4,19889400,5003.05,79.252,,,108.39,,,14.85242002,937.60914551,,,685.55586309,,,,3.72,5.071,19975.10752688,14653.40169592
2026-03-18,71154.1,19889850,4836.86,75.704,,,118.09,,,14.71080412,939.89881644,,,602.54128207,,,,3.72,5.071,19127.44623656,14031.57168211
2026-03-19,70194.1,19890300,4655.29,73.1,,,111.05,,,15.07835172,960.24760602,,,632.094552,,,,3.72,5.071,18869.38172043,13842.25990929
2026-03-20,70076.5,19890750,4493.95,67.915,,,118.42,,,15.59352018,1031.82654789,,,591.76237122,,,,3.72,5.071,18837.7688172,13819.06921712
2026-03-21,70310.3,19891200,4468.263333,68.442667,,,113.543333,,,15.73548709,1027.28755441,,,619.23759099,,,,3.72,5.071,18900.61827957,13865.17452179
2026-03-22,70544.1,19891650,4442.576667,68.970333,,,108.666667,,,15.87909569,1022.81802815,,,649.17883236,,,,3.72,5.071,18963.46774194,13911.27982646
2026-03-23,70777.9,19892100,4416.89,69.498,,,103.79,,,16.02437462,1018.41635731,,,681.9337123,,,,3.961,5.375,17868.69477405,13167.98139535
2026-03-24,70317,19892550,4471.2,71.255,,,108.42,,,15.72665056,986.83601151,,,648.56115108,,,,3.961,5.375,17752.33526887,13082.23255814
2026-03-25,71373,19893000,4515.91,71.289,,,109.14,,,15.80478796,1001.1783024,,,653.9582188,,,,3.961,5.375,18018.93461247,13278.69767442
2026-03-26,68869.5,19893450,4387.03,68.335,,,113.39,,,15.69843379,1007.82176044,,,607.36837464,,,,3.961,5.375,17386.89724817,12812.93023256
2026-03-27,66023.5,19893900,4494.04,69.7745,,,121.47,,,14.69134676,946.24110527,,,543.53749897,,,,3.961,5.375,16668.39182025,12283.44186047
2026-03-28,66287.6,19894350,4499.763333,69.896,,,121.606667,,,14.73135254,948.37472817,,,545.0984032,,,,3.961,5.375,16735.0669023,12332.57674419
2026-03-29,66551.7,19894800,4505.486667,70.0175,,,121.743333,,,14.77125667,950.50094619,,,546.65580743,,,,3.961,5.375,16801.74198435,12381.71162791
2026-03-30,66815.8,19894800,4511.21,70.139,,,121.88,,,14.81105956,952.61979783,,,548.20971447,,,,3.99,5.401,16745.81453634,12371.00536938
2026-03-31,68257.5,19895250,4667.33,75.128,,,126.69,,,14.62452837,908.54940901,,,538.77575184,,,,3.99,5.401,17107.14285714,12637.937419
2026-04-01,68403.6,19895700,4758.19,75.114,,,119.56,,,14.37597069,910.66379104,,,572.12780194,,,,3.99,5.401,17143.7593985,12664.98796519
2026-04-02,66936.1,19896150,4676.3,73.005,,,127.61,,,14.31390202,916.87007739,,,524.53647833,,,,3.99,5.401,16775.96491228,12393.2790224
2026-04-03,66885.1,19896600,4676.3,73.005,,,127.61,,,14.30299596,916.1714951,,,524.13682313,,,,3.99,5.401,16763.18295739,12383.83632661
2026-04-04,67763.133333,19897050,4667.761667,72.946,,,127.61,,,14.51726505,928.9492684,,,531.01742287,,,,3.99,5.401,16983.24143684,12546.40498667
2026-04-05,68641.166667,19897500,4659.223333,72.887,,,127.61,,,14.73231948,941.74772822,,,537.89802262,,,,3.99,5.401,17203.29991654,12708.97364692
2026-04-06,69519.2,19897950,4650.685,72.828,,,127.61,,,14.94816355,954.56692481,,,544.77862237,,,,4.12,5.643,16873.59223301,12319.5463406
2026-04-07,69920.7,19898400,4705.655,72.961,,,138.21,,,14.85886662,958.32979263,,,505.90188843,,,,4.12,5.643,16971.04368932,12390.69643806
2026-04-08,71565.5,19898850,4719.285,74.098,,,122.11,,,15.16447936,965.8222894,,,586.07403161,,,,4.12,5.643,17370.26699029,12682.17260323
2026-04-09,72268.9,19899300,4765.645,75.292,,,119.03,,,15.164558,959.84832386,,,607.148618,,,,4.12,5.643,17540.99514563,12806.82261209
2026-04-10,73224.1,19899750,4759.595,76.347,,,119.07,,,15.38452326,959.09596972,,,614.96682624,,,,4.12,5.643,17772.83980583,12976.09427609
2026-04-11,73221.6,19900200,4753.191667,76.089333,,,120.473333,,,15.40472279,962.31097203,,,607.78263684,,,,4.12,5.643,17772.23300971,12975.65124934
2026-04-12,73219.1,19900650,4746.788333,75.831667,,,121.876667,,,15.42497682,965.54780999,,,600.76388535,,,,4.12,5.643,17771.62621359,12975.20822258
2026-04-13,73216.6,19901100,4740.385,75.574,,,123.28,,,15.44528556,968.80673247,,,593.90493186,,,,4.123,5.608,17758.08877031,13055.74179743
2026-04-14,74329.5,19901550,4841.815,79.568,,,118.69,,,15.35157787,934.16323145,,,626.24905215,,,,4.123,5.608,18028.01358234,13254.19044223
2026-04-15,74765.7,19902000,4790.865,78.969,,,114.93,,,15.60588745,946.77278426,,,650.53249804,,,,4.123,5.608,18133.81033228,13331.9721826
2026-04-16,74959.7,19902450,4790.775,78.442,,,116.63,,,15.64667512,955.60669029,,,642.71371002,,,,4.123,5.608,18180.86344894,13366.56562054
2026-04-17,77402.3,19902900,4854.675,81.345,,,98.63,,,15.94386854,951.53113283,,,784.77440941,,,,4.123,5.608,18773.29614358,13802.12196862
2026-04-18,77402.3,19903350,4854.675,81.345,,,98.63,,,15.94386854,951.53113283,,,784.77440941,,,,4.123,5.608,18773.29614358,13802.12196862
2026-04-19,77402.3,19903800,4854.675,81.345,,,98.63,,,15.94386854,951.53113283,,,784.77440941,,,,4.123,5.608,18773.29614358,13802.12196862
2026-04-22,77402.3,19905600,4854.675,81.345,,,113.44,,,15.94386854,951.53113283,,,682.31928773,,,,4.044,5.403,19140.03461919,14325.80048121
2026-04-23,77974.5,19906050,4694.635,75.441,,,113.25,,,16.60927846,1033.5825347,,,688.51655629,,,,4.044,5.403,19281.52818991,14431.70460855
2026-04-24,77596.3,19906500,4717.605,76.009,,,111.86,,,16.44824016,1020.88305332,,,693.69122117,,,,4.044,5.403,19188.00692384,14361.70645937
2026-04-25,77596.3,19906950,4717.605,76.009,,,111.86,,,16.44824016,1020.88305332,,,693.69122117,,,,4.044,5.403,19188.00692384,14361.70645937
2026-04-26,77596.3,19907400,4717.605,76.009,,,111.86,,,16.44824016,1020.88305332,,,693.69122117,,,,4.044,5.403,19188.00692384,14361.70645937
2026-04-29,75949.1,19908750,4543.605,71.318,,,124.16,,,16.71560358,1064.93592081,,,611.70344716,,,,4.123,5.351,18420.83434392,14193.44047842
2026-04-30,76219.5,19909200,4621.905,73.745,,,124.24,,,16.49092744,1033.55481728,,,613.48599485,,,,4.123,5.351,18486.41765705,14243.97308914
2026-05-01,78331.2,19909650,4610.015,75.454,,,118.26,,,16.99152823,1038.13184192,,,662.36428209,,,,4.123,5.351,18998.59325734,14638.60960568
2026-05-02,78331.2,19910100,4610.015,75.454,,,118.26,,,16.99152823,1038.13184192,,,662.36428209,,,,4.123,5.351,18998.59325734,14638.60960568
2026-05-03,78331.2,19910550,4610.015,75.454,,,118.26,,,16.99152823,1038.13184192,,,662.36428209,,,,4.123,5.351,18998.59325734,14638.60960568
2026-05-04,80262.6,19911000,4523.805,72.727,,,118.26,,,17.74227669,1103.61488856,,,678.69609335,,,,4.452,5.64,18028.43665768,14230.95744681
2026-05-05,81461.7,19911450,4557.625,72.818,,,114.51,,,17.87371712,1118.70279327,,,711.39376474,,,,4.452,5.64,18297.77628032,14443.56382979
2026-05-06,81584.7,19911900,4691.08,77.357,,,103.7,,,17.39145357,1054.65180914,,,786.73770492,,,,4.452,5.64,18325.40431267,14465.37234043
2026-05-07,79778.5,19912350,4687.31,78.537,,,101.82,,,17.02010321,1015.8078358,,,783.52484777,,,,4.452,5.64,17919.69901168,14145.12411348
2026-05-08,80142.3,19912800,4724.2,80.678,,,103.48,,,16.96420558,993.3600238,,,774.47139544,,,,4.452,5.64,18001.41509434,14209.62765957
2026-05-09,80142.3,19913250,4724.2,80.678,,,103.48,,,16.96420558,993.3600238,,,774.47139544,,,,4.452,5.64,18001.41509434,14209.62765957
2026-05-10,80142.3,19913700,4724.2,80.678,,,103.48,,,16.96420558,993.3600238,,,774.47139544,,,,4.452,5.64,18001.41509434,14209.62765957
2026-05-11,81847.7,19914150,4734.86,86.102,,,106.11,,,17.2861922,950.58999791,,,771.34765809,,,,4.5,5.639,18188.37777778,14514.57705267
2026-05-12,80579.5,19914600,4715.34,86.547,,,111.37,,,17.08879954,931.04902539,,,723.52967586,,,,4.5,5.639,17906.55555556,14289.6790211
2026-05-13,79406.6,19915050,4688.94,87.49,,,110.28,,,16.93487227,907.6077266,,,720.04533914,,,,4.5,5.639,17645.91111111,14081.68114914
2026-05-14,81371.5,19915500,4652.46,83.53,,,110.91,,,17.48999454,974.1589848,,,733.67144532,,,,4.5,5.639,18082.55555556,14430.12945558
2026-05-15,79184.7,19915950,4545.78,76.295,,,113.96,,,17.41938677,1037.87535225,,,694.84643735,,,,4.5,5.639,17596.6,14042.33020039
2026-05-16,79184.7,19916400,4545.78,76.295,,,113.96,,,17.41938677,1037.87535225,,,694.84643735,,,,4.5,5.639,17596.6,14042.33020039
2026-05-17,79184.7,19916850,4545.78,76.295,,,113.96,,,17.41938677,1037.87535225,,,694.84643735,,,,4.5,5.639,17596.6,14042.33020039
2026-05-18,77041.6,19917300,4566.24,77.684,,,116.73,,,16.87199972,991.7306009,,,659.99828664,,,,4.49,5.596,17158.48552339,13767.26233024
2026-05-19,76936.6,19917750,4482.13,73.7,,,114.64,,,17.16518709,1043.91587517,,,671.11479414,,,,4.49,5.596,17135.10022272,13748.49892781
2026-05-20,77438.3,19918200,4543.78,75.853,,,108.93,,,17.04270453,1020.89963482,,,710.89966033,,,,4.49,5.596,17246.83741648,13838.15225161
2026-05-21,77616.8,19918650,4543.28,76.677,,,105.84,,,17.08386892,1012.25660889,,,733.34089191,,,,4.49,5.596,17286.59242762,13870.05003574
2026-05-22,75797.1,19919100,4508.32,75.582,,,106.9,,,16.81271516,1002.84591569,,,709.04677268,,,,4.49,5.596,16881.31403118,13544.87133667
2026-05-23,75797.1,19919550,4508.32,75.582,,,106.9,,,16.81271516,1002.84591569,,,709.04677268,,,,4.49,5.596,16881.31403118,13544.87133667
2026-05-24,75797.1,19920000,4508.32,75.582,,,106.9,,,16.81271516,1002.84591569,,,709.04677268,,,,4.49,5.596,16881.31403118,13544.87133667
2026-05-26,75806.9,19920900,4507.61,76.964,,,102.75,,,16.81753745,984.96569825,,,737.78004866,,,,4.475,5.523,16940.08938547,13725.67445229
2026-05-27,74268.2,19921350,4456.35,74.648,,,97.11,,,16.66570175,994.91212089,,,764.78426527,,,,4.475,5.523,16596.24581006,13447.07586457
2026-05-28,73716.9,19921800,4495.84,75.653,,,95.47,,,16.39669116,974.40815301,,,772.14727139,,,,4.475,5.523,16473.05027933,13347.25692558
2026-05-29,73496.4,19922250,4546,75.59,,,92.88,,,16.16726793,972.30321471,,,791.30490956,,,,4.475,5.523,16423.77653631,13307.33297121
2026-05-30,73496.4,19922700,4546,75.59,,,92.88,,,16.16726793,972.30321471,,,791.30490956,,,,4.475,5.523,16423.77653631,13307.33297121
2026-05-31,73496.4,19923150,4546,75.59,,,92.88,,,16.16726793,972.30321471,,,791.30490956,,,,4.475,5.523,16423.77653631,13307.33297121
2026-06-01,70976.3,19923600,4484.87,74.853,,,98.29,,,15.8257207,948.20915661,,,722.11109981,,,,4.305,5.35,16486.94541231,13266.59813084
2026-06-02,67470.4,19924050,4488,75.131,,,98.49,,,15.03351159,898.03676245,,,685.04822825,,,,4.305,5.35,15672.56678281,12611.28971963
2026-06-03,65560.8,19924500,4434.54,72.732,,,101.69,,,14.78412643,901.40240884,,,644.7123611,,,,4.305,5.35,15228.98954704,12254.35514019
2026-06-04,63296.3,19924950,4475.445,73.892,,,98.98,,,14.14301818,856.60558653,,,639.4857547,,,,4.305,5.35,14702.97328688,11831.08411215
2026-06-05,63296.3,19925400,4475.445,73.892,,,97.29,,,14.14301818,856.60558653,,,650.59410011,,,,4.305,5.35,14702.97328688,11831.08411215
2026-06-06,63296.3,19925850,4475.445,73.892,,,97.29,,,14.14301818,856.60558653,,,650.59410011,,,,4.305,5.35,14702.97328688,11831.08411215
2026-06-07,63296.3,19926300,4475.445,73.892,,,97.29,,,14.14301818,856.60558653,,,650.59410011,,,,4.305,5.35,14702.97328688,11831.08411215
2026-06-08,63296.3,19926750,4475.445,73.892,,,97.46,,,14.14301818,856.60558653,,,649.45926534,,,,4.146,5.21,15266.8355041,12149.00191939
2026-06-09,63296.3,19927200,4475.445,73.892,,,94.15,,,14.14301818,856.60558653,,,672.2920871,,,,4.146,5.21,15266.8355041,12149.00191939
2026-06-10,63296.3,19927650,4475.445,73.892,,,95.73,,,14.14301818,856.60558653,,,661.19607229,,,,4.146,5.21,15266.8355041,12149.00191939
2026-06-11,63296.3,19928100,4475.445,73.892,,,92.84,,,14.14301818,856.60558653,,,681.77832831,,,,4.146,5.21,15266.8355041,12149.00191939
2026-06-12,63296.3,19928550,4475.445,73.892,,,88.64,,,14.14301818,856.60558653,,,714.08280686,,,,4.146,5.21,15266.8355041,12149.00191939
2026-06-13,64437.99982792179,19929000,4224.43390912842,68.0125,,,88.64,,,15.25364137,947.44348212,,,726.96299445,,,,4.146,5.21,15542.20931691,12368.13816275
2026-06-14,65347.35215463668,19929450,4284.468036696505,70.119,,,88.64,,,15.2521507,931.94928842,,,737.22193315,,,,4.146,5.21,15761.54176426,12542.67795674
2026-06-15,66179.29479665706,19929900,4302.3108103772065,69.952,,,84.36,,,15.38226728,946.06722891,,,784.48666189,,,,4.052,5.059,16332.50118378,13081.49729129
2026-06-16,65716.96186335573,19930350,4323.392749241185,70.321,,,80.5,,,15.20032199,934.52826131,,,816.3597747,,,,4.052,5.059,16218.40124959,12990.10908546
2026-06-17,64280.19828331087,19930800,4257.362190465176,68.711,,,80.33,,,15.09859754,935.51539467,,,800.20164675,,,,4.052,5.059,15863.81991197,12706.10758713
2026-06-18,62822.605621537536,19931250,4200.40567926828,64.365,,,79.35,,,14.95631861,976.03675323,,,791.71525673,,,,4.052,5.059,15504.0981297,12417.98885581
2026-06-19,63266.15709765246,19931700,4155.085799902706,64.8445,,,80.46,,,15.22619752,975.65957171,,,786.30570591,,,,4.052,5.059,15613.56295599,12505.66457752
2026-06-20,64230.359598341056,19932150,4149.220217901091,64.8445,,,80.46,,,15.48010378,990.52902865,,,798.28933132,,,,4.052,5.059,15851.52013779,12696.25609772
2026-06-21,63730.37118386725,19932600,4147.606674001662,66.5285,,,80.46,,,15.36557735,957.94090027,,,792.07520736,,,,4.052,5.059,15728.12714311,12597.42462618
2026-06-22,63911.612718239056,19933050,4180.433965649773,62.535,,,76.49,,,15.28827228,1022.01347595,,,835.55514078,,,,3.914,4.832,16328.97616715,13226.74104268
2026-06-23,62515.95646051559,19933500,4097.818903649244,61.578,,,75.69,,,15.25591002,1015.23200592,,,825.94737033,,,,3.914,4.832,15972.39562098,12937.90489663
2026-06-24,60783.200878396405,19933950,3993.6852774338986,57.2635,,,72.09,,,15.21982747,1061.4649974,,,843.15717684,,,,3.914,4.832,15529.68852284,12579.30481755
2026-06-25,59787.08233594131,19934400,4016.3785589126937,56.636,,,73.74,,,14.88581852,1055.63744502,,,810.78223944,,,,3.914,4.832,15275.18710678,12373.15445694
2026-06-26,59981.17710194979,19934850,4075.298070927234,59.1535,,,70.16,,,14.71823068,1013.99202248,,,854.91985607,,,,3.914,4.832,15324.77698057,12413.32307573
2026-06-27,60142.21183335991,19935300,4070.4753725330297,59.1535,,,70.16,,,14.77523049,1016.71434207,,,857.21510595,,,,3.914,4.832,15365.92024358,12446.64979995
2026-06-28,58971.23519682808,19935750,4055.3096379268163,58.876,,,70.16,,,14.54173428,1001.61755549,,,840.52501706,,,,3.914,4.832,15066.74379071,12204.31191987
2026-06-29,60277.64965863437,19936200,4005.991723752957,57.38,,,71.59,,,15.04687324,1050.49929694,,,841.9842109,,,,3.831,4.668,15734.1815867,12912.94979834
2026-06-30,58519.109561345475,19936650,4004.8530947536265,57.38,,,70.46,,,14.61204898,1019.85203139,,,830.52951407,,,,3.831,4.668,15275.15258714,12536.22741246
2026-07-01,60415.2229242068,19937100,4037.3766553983364,59.7265,,,69.24,,,14.96397985,1011.53127882,,,872.5479914,,,,3.831,4.668,15770.09212326,12942.42136337
2026-07-02,61438.58446448573,19937550,4116.38343641672,62.418,,,68.53,,,14.92537938,984.30876453,,,896.52100488,,,,3.831,4.668,16037.21860206,13161.65048511
2026-07-03,62533.8264247283,19938000,4164.997465336461,62.383,,,68.68,,,15.01413313,1002.41774882,,,910.50999454,,,,3.831,4.668,16323.10791562,13396.2781544
2026-07-04,63133.65522954236,19938450,4164.008741944475,62.383,,,68.68,,,15.16174896,1012.03300947,,,919.24366962,,,,3.831,4.668,16479.68030006,13524.77618456
2026-07-05,63625.70218985658,19938900,4178.597497230888,61.8485,,,68.68,,,15.22656878,1028.73476624,,,926.40801092,,,,3.831,4.668,16608.11855648,13630.1847022
2026-07-06,64180.63420514519,19939350,4157.081354719766,60.5615,,,69.56,,,15.43886894,1059.75965267,,,922.66581664,,,,3.777,4.578,16992.48986104,14019.36090108
2026-07-07,63505.74328204638,19939800,4091.962748151168,60.389,,,71.78,,,15.51962889,1051.61110934,,,884.72754642,,,,3.777,4.578,16813.80547579,13871.94042858
2026-07-08,62267.37381989537,19940250,4069.7959780095807,58.399,,,76.5,,,15.299876,1066.24041199,,,813.95259895,,,,3.777,4.578,16485.93429174,13601.43595891
2026-07-09,63178.828901258355,19940700,4113.619172285122,60.157,,,74.46,,,15.35845353,1050.23237364,,,848.49353883,,,,3.777,4.578,16727.25149623,13800.53055947
2026-07-10,64065.46308731039,19941150,4110.064644821953,59.892,,,74.34,,,15.58745874,1069.68314779,,,861.78992584,,,,3.777,4.578,16961.99711075,13994.20338299
2026-07-11,64154.8812983746,19941600,4100.127178417275,59.892,,,74.34,,,15.64704667,1071.17613869,,,862.99275354,,,,3.777,4.578,16985.67151135,14013.73553918
2026-07-12,63861.436067138355,19942050,4071.38305490139,58.2515,,,74.34,,,15.68544035,1096.30543535,,,859.04541387,,,,3.777,4.578,16907.97883694,13949.63653716
2026-07-13,61848.880649850274,19942500,3997.66565616223,57.726,,,81.62,,,15.47124897,1071.42155441,,,757.76624173,,,,3.855,4.796,16043.80821008,12895.93007712
2026-07-14,64829.30613333695,19942950,4042.428718389983,58.426,,,83.69,,,16.03721689,1109.59685985,,,774.63623053,,,,3.855,4.796,16816.94063122,13517.36991938
2026-07-15,64831.339476904686,19943400,4050.4366654105957,57.08,,,83.08,,,16.0060124,1135.79781845,,,780.34833265,,,,3.855,4.796,16817.46808739,13517.79388593
2026-07-16,63920.24771401322,19943850,3973.351047078966,55.224,,,81.23,,,16.08723895,1157.47225326,,,786.90444065,,,,3.855,4.796,16581.12781168,13327.82479441
2026-07-17,63933.544566225566,19944300,4003.9313407406125,55.9165,,,85.01,,,15.96769253,1143.37529291,,,752.07086891,,,,3.855,4.796,16584.57705998,13330.59728237
2026-07-18,64774.657258280575,19944750,4004.3014445317867,55.9165,,,85.01,,,16.17626898,1158.41759156,,,761.96514832,,,,3.855,4.796,16802.76452874,13505.97524151
2026-07-19,64637.03071055931,19945200,3991.982036767904,56.627,,,85.01,,,16.19171382,1141.45249988,,,760.34620292,,,,3.855,4.796,16767.06373815,13477.27913064
2026-07-20,65094.28753603712,19945650,3998.052363216999,57.889,,,86.99,,,16.2814995,1124.46730011,,,748.29621262,,,,4.001,5.134,16269.50450788,12679.05873316
2026-07-21,66257.33696502737,19946100,4071.868227477486,59.657,,,93.85,,,16.27197475,1110.63809721,,,705.99186963,,,,4.001,5.134,16560.19419271,12905.59738314
2026-07-22,66007.38842630862,19946550,4113.864531504534,59.685,,,94.12,,,16.04510502,1105.9292691,,,701.31096926,,,,4.001,5.134,16497.72267591,12856.91243208
2026-07-23,65155.994151205734,19947000,4044.551675797454,57.32,,,105.32,,,16.10957144,1136.70610871,,,618.64787458,,,,4.001,5.134,16284.92730597,12691.07794141
2026-07-24,64105.63293853278,19947450,4049.038308191895,58.1975,,,100.31,,,15.8323108,1101.51867243,,,639.07519628,,,,4.001,5.134,16022.40263397,12486.48869079
2026-07-25,64348.603586428486,19947900,4052.290937767384,58.1975,,,100.31,,,15.8795616,1105.69360516,,,641.49739394,,,,4.001,5.134,16083.13011408,12533.81448898
2026-07-26,65378.23573167701,19948350,4080.858708278632,59.262,,,100.31,,,16.02070554,1103.20670466,,,651.76189544,,,,4.001,5.134,16340.47381447,12734.36613395
2026-07-27,63688.83007679981,19948800,4063.969150105111,57.163,,,91.82,,,15.67158306,1114.16178432,,,693.62698842,,,,4.096,5.313,15549.03078047,11987.35743964
2026-07-28,63687.655438800226,19949250,4011.2606320752016,57.4825,,,85.51,,,15.87721698,1107.94860068,,,744.79774809,,,,4.096,5.313,15548.74400361,11987.13635212
2026-07-29,63862.02806237009,19949700,4080.347344247492,57.417,,,91.95,,,15.65112542,1112.24947424,,,694.52994086,,,,4.096,5.313,15591.31544491,12019.95634526
2026-07-30,64782.62008977038,19950150,4102.184664839165,58.633,,,91.91,,,15.79222424,1104.8832584,,,704.84843967,,,,4.096,5.313,15816.06935785,12193.22794839
2026-07-31,62904.76801135175,19950600,4045.154808796803,57.5605,,,96.95,,,15.5506454,1092.84610126,,,648.83721518,,,,4.096,5.313,15357.60937777,11839.78317548
2026-08-01,62798.371687645726,19951050,4046.260276757635,57.5605,,,96.95,,,15.52010187,1090.99767527,,,647.73978017,,,,4.096,5.313,15331.6337128,11819.75751697
2026-08-02,63370.5926477435,19951500,4059.1645821854663,58.112,,,96.95,,,15.61173275,1090.49064991,,,653.64200771,,,,4.096,5.313,15471.33609564,11927.45956103
2026-08-03,63529.22132074381,19951950,4048.3083405244897,58.999,,,88.9,,,15.69278226,1076.78471365,,,714.61441306,,,,4.079,5.348,15574.70490825,11879.0615783
2026-08-04,64188.28739863225,19952400,4064.5957298867897,60.7365,,,86.47,,,15.79204715,1056.83217503,,,742.31857753,,,,4.079,5.348,15736.28031347,12002.29756893
2026-08-05,64547.73147140265,19952850,4240.858411985682,62.144,,,86.65,,,15.22044011,1038.68002496,,,744.92477174,,,,4.079,5.348,15824.40094911,12069.50850251
2026-08-06,64293.67097630038,19953300,4233.934955347411,62.296,,,89.65,,,15.18532326,1032.06740363,,,717.16308953,,,,4.079,5.348,15762.11595398,12022.00280036
2026-08-07,64850.57161796412,19953750,4341.418204654714,63.5985,,,87.62,,,14.93764677,1019.68712498,,,740.13434853,,,,4.079,5.348,15898.64467221,12126.13530628
2026-08-08,64900.20001118449,19954200,4340.024444694023,63.5985,,,87.62,,,14.95387891,1020.46746403,,,740.70075338,,,,4.079,5.348,15910.81147614,12135.41511054
2026-08-09,65006.42677020397,19954650,4336.829810194349,63.61,,,87.62,,,14.98938847,1021.95294404,,,741.91311082,,,,4.079,5.348,15936.85382942,12155.2780049
2026-08-10,63959.64355474596,19955100,4390.250218609168,65.8095,,,92.74,,,14.56856452,971.89073849,,,689.6662018,,,,4.006,5.257,15965.96194577,12166.56715898
2026-08-11,63560.37912438471,19955550,4362.153389869752,65.3675,,,93.26,,,14.5708721,972.3544441,,,681.53955741,,,,4.006,5.257,15866.29533809,12090.61805676
2026-08-12,63341.11269297987,19956000,4394.692008959667,65.324,,,92.52,,,14.41309483,969.6453477,,,684.62075976,,,,4.006,5.257,15811.560832,12048.90863477
2026-08-13,63452.960207765675,19956450,4349.586761209764,64.009,,,92.03,,,14.58827325,991.31309984,,,689.48125837,,,,4.006,5.257,15839.4808307,12070.18455541
2026-08-14,62829.82451631032,19956900,4372.564917765529,64.6965,,,92.02,,,14.36910045,971.14719523,,,682.78444378,,,,4.006,5.257,15683.93023373,11951.6500887
2026-08-15,63076.88847073649,19957350,4374.462744050243,64.6965,,,92.02,,,14.41934522,974.96601007,,,685.46933787,,,,4.006,5.257,15745.60371212,11998.6472267
2026-08-16,62837.382987077195,19957800,4378.134442974578,65.5625,,,92.02,,,14.3525476,958.43482154,,,682.86658321,,,,4.006,5.257,15685.81702124,11953.08788036
2026-08-17,64239.05708328847,19958250,4403.260693406683,65.254,,,92.43,,,14.5889743,984.44627277,,,695.00224043,,,,4.049,5.454,15865.41296204,11778.3382991
2026-08-18,64595.783635717016,19958700,4333.921509863374,63.06,,,95.29,,,14.90469624,1024.35432343,,,677.88628015,,,,4.049,5.454,15953.51534594,11843.74470769
2026-08-19,69221.13960793983,19959150,4504.312735875729,67.003,,,92.37,,,15.36774724,1033.105079,,,749.38984094,,,,4.049,5.454,17095.86060952,12691.8114426
2026-08-20,72660.83666004494,19959600,4510.542815511099,68.928,,,94,,,16.10911139,1054.15559221,,,772.98762404,,,,4.049,5.454,17945.37828107,13322.48563624
2026-08-21,78447.00174629269,19960050,4596.702746272379,68.9705,,,96.92,,,17.06592879,1137.39934822,,,809.39952276,,,,4.049,5.454,19374.41386671,14383.38865902
2026-08-22,76998.18180233128,19960500,4585.31029301665,68.9705,,,96.92,,,16.79236014,1116.39297674,,,794.45090593,,,,4.049,5.454,19016.59219618,14117.74510494
2026-08-23,77588.632845203,19960950,4598.473539110462,68.88,,,96.92,,,16.87269312,1126.43195188,,,800.54305453,,,,4.049,5.454,19162.41858365,14226.00528882
2026-08-24,78727.75628402238,19961400,4658.91944535376,67.695,,,92.71,,,16.89828665,1162.97741759,,,849.18300382,,,,4.085,5.652,19272.40055912,13929.18547134
2026-08-25,78879.4177779762,19961850,4664.333212734957,69.442,,,88.24,,,16.91118841,1135.90359981,,,893.91905913,,,,4.085,5.652,19309.52699583,13956.01871514
2026-08-26,78708.99798302965,19962300,4604.221628785165,68.254,,,87.77,,,17.09496291,1153.17780618,,,896.76424727,,,,4.085,5.652,19267.80856378,13925.86659289
2026-08-27,80297.0041788454,19962750,4602.318039993521,70.776,,,90.18,,,17.44707851,1134.52306119,,,890.40811908,,,,4.085,5.652,19656.54937059,14206.83018026
2026-08-28,77738.78291524075,19963200,4462.328849881184,66.384,,,89.75,,,17.42112371,1171.04698294,,,866.17028318,,,,4.085,5.652,19030.30181524,13754.20787602
2026-08-29,78221.78563841502,19963650,4462.062731917813,66.384,,,89.75,,,17.53040922,1178.32287356,,,871.55192912,,,,4.085,5.652,19148.53993596,13839.66483341
2026-08-30,78415.92036320959,19964100,4458.673557210991,66.949,,,89.75,,,17.58727553,1171.27844125,,,873.71499012,,,,4.085,5.652,19196.0637364,13874.01280312
2026-08-31,78557.79779181909,19964550,4444.930841386428,66.479,,,89.75,,,17.67357032,1181.69343389,,,875.29579712,,,,4.071,5.599,19296.92895893,14030.68365633
2026-09-01,77240.801579754,19965000,4339.486386806845,63.949,,,96.02,,,17.79952619,1207.85003018,,,804.42409477,,,,4.071,5.599,18973.42215175,13795.46375777
2026-09-02,77004.75414720885,19965450,4392.44908701733,65.797,,,97.59,,,17.53116601,1170.33837633,,,789.06398347,,,,4.071,5.599,18915.43948593,13753.30490216
2026-09-03,81142.27254272846,19965900,4474.741566293734,66.459,,,100.52,,,18.13339862,1220.93730785,,,807.22515462,,,,4.071,5.599,19931.77905741,14492.27943253
2026-09-04,79648.8752251388,19966350,4433.570947080416,66.2035,,,102.24,,,17.96494884,1203.09160732,,,779.03829446,,,,4.071,5.599,19564.94110173,14225.55371051
2026-09-05,79781.05895269189,19966800,4432.88928879498,66.2035,,,102.24,,,17.99753022,1205.0882348,,,780.33117129,,,,4.071,5.599,19597.41069828,14249.16216337
2026-09-06,80046.70819196723,19967250,4425.834369177225,65.761,,,102.24,,,18.08624126,1217.2367846,,,782.92946197,,,,4.071,5.599,19662.6647487,14296.60799999
2026-09-07,78929.34832981802,19967700,4407.603820451828,66.21,,,104.47,,,17.9075415,1192.10615209,,,755.52166488,,,,4.157,5.967,18987.09365644,13227.64342715
2026-09-08,78548.73323714682,19968150,4356.587463882753,66.644,,,106.12,,,18.02987634,1178.63173335,,,740.18783676,,,,4.157,5.967,18895.5336149,13163.85675166
2026-09-09,77927.77053945823,19968600,4399.340417420405,67.608,,,109.51,,,17.71351229,1152.64126345,,,711.60415067,,,,4.157,5.967,18746.15601142,13059.7906049
2026-09-10,76817.93214328661,19969050,4323.218372667253,63.999,,,120.98,,,17.76869117,1200.29894441,,,634.96389604,,,,4.157,5.967,18479.17540132,12873.79456063
2026-09-11,77128.66953731132,19969500,4352.251405011076,64.4915,,,118.06,,,17.72155658,1195.9509321,,,653.30060594,,,,4.157,5.967,18553.9257968,12925.87054421
2026-09-12,77218.57922842517,19969950,4354.352304880534,64.4915,,,118.06,,,17.73365447,1197.34506452,,,654.06216524,,,,4.157,5.967,18575.5543008,12940.93836575
2026-09-13,76682.56817293397,19970400,4339.545770199188,63.669,,,118.06,,,17.67064394,1204.39410346,,,649.52200722,,,,4.157,5.967,18446.61250251,12851.10912903
2026-09-14,78539.73849882335,19970850,4301.71220967656,63.105,,,121.25,,,18.25778543,1244.58820218,,,647.75042061,,,,4.319,6.285,18184.7044452,12496.37844054
2026-09-15,75645.58490916989,19971300,4290.2012283928825,64.662,,,130.8,,,17.63217641,1169.86150922,,,578.33015986,,,,4.319,6.285,17514.60636934,12035.89258698
2026-09-16,75622.80385532479,19971750,4270.457377785857,63.834,,,127.84,,,17.7083617,1184.67907158,,,591.54258335,,,,4.319,6.285,17509.33175627,12032.26791652
2026-09-17,76353.2776230547,19972200,4340.53062097584,66.71,,,121.18,,,17.59077041,1144.55520346,,,630.08151199,,,,4.319,6.285,17678.46205674,12148.49285967
2026-09-18,81124.11668162764,19972650,4372.868004219273,66.258,,,119.66,,,18.55169573,1224.36712067,,,677.95517869,,,,4.319,6.285,18783.07864821,12907.5762421
2026-09-19,81226.58014364234,19973100,4365.767445855852,66.258,,,119.66,,,18.60533827,1225.91355223,,,678.81146702,,,,4.319,6.285,18806.80253384,12923.87910002
2026-09-20,81197.32632288539,19973550,4365.983077239089,65.97,,,119.66,,,18.59771898,1230.82198458,,,678.5669925,,,,4.319,6.285,18800.02924818,12919.22455416
2026-09-21,86421.95454677695,19974000,4357.42135136356,65.331,,,116.15,,,19.83327927,1322.83226258,,,744.05470983,,,,4.478,6.529,19299.23058213,13236.6295829
2026-09-22,86120.19453430604,19974450,4359.140178524009,66.164,,,114.89,,,19.75623426,1301.61711103,,,749.58825428,,,,4.478,6.529,19231.8433529,13190.41117082
2026-09-23,84550.14189817327,19974900,4286.913849478105,64.052,,,117.45,,,19.72284605,1320.02344811,,,719.8820085,,,,4.478,6.529,18881.22865078,12949.93749398
2026-09-24,84249.38872205936,19975350,4265.980744779664,63.804,,,120.92,,,19.74912541,1320.44054796,,,696.73659214,,,,4.478,6.529,18814.06626218,12903.87329178
2026-09-25,84069.47476206647,19975800,4281.49766133107,64.301,,,116.01,,,19.63552976,1307.43650584,,,724.67437947,,,,4.478,6.529,18773.88895982,12876.31716374
2026-09-26,84260.05303177399,19976250,4279.553022590633,64.301,,,116.01,,,19.68898448,1310.40035197,,,726.31715397,,,,4.478,6.529,18816.44775162,12905.50666745
2026-09-27,84171.14297139479,19976700,4256.70105477945,61.139,,,116.01,,,19.7737971,1376.717692,,,725.550754,,,,4.478,6.529,18796.59289223,12891.88895258
2026-09-28,83514.22949895605,19977150,4131.940788733908,60.921,,,119.97,,,20.21186502,1370.86110699,,,696.12594398,,,,4.465,6.382,18704.19473661,13085.90245988
2026-09-29,83583.21130121242,19977600,4184.685280512202,61.354,,,113.96,,,19.97359555,1362.31071,,,733.44341261,,,,4.465,6.382,18719.6441884,13096.71126625
2026-09-30,83648.98156553946,19978050,4162.093264078925,60.651,,,115.91,,,20.09781527,1379.18552976,,,721.67182785,,,,4.465,6.382,18734.37437078,13107.01685452
2026-10-01,84688.46576740482,19978500,4186.179194842589,61.132,,,114.82,,,20.23049225,1385.33772439,,,737.57590809,,,,4.465,6.382,18967.18158285,13269.89435403
2026-10-02,84543.43794589386,19978950,4151.455717429533,60.3765,,,135.51,,,20.3647693,1400.27060108,,,623.89076781,,,,4.465,6.382,18934.70054779,13247.16984423
2026-10-03,84765.62556112716,19979400,4146.934600598787,60.3765,,,135.51,,,20.44055036,1403.95063578,,,625.5304078,,,,4.465,6.382,18984.46261167,13281.98457554
2026-10-04,86417.74971371653,19979850,4152.447752371108,61.693,,,135.51,,,20.81127924,1400.77074731,,,637.7223062,,,,4.465,6.382,19354.4792192,13540.85705323
2026-10-05,85916.95677775663,19980300,4147.671367671542,60.994,,,125.51,,,20.7145044,1408.6132534,,,684.54271992,,,,4.354,6.199,19732.87937018,13859.80912692
2026-10-06,85528.21361756268,19980750,4169.2167358421,60.499,,,125.44,,,20.51421623,1413.71284844,,,681.82568254,,,gasoline_usd|diesel_usd,4.354,6.199,19643.59522682,13797.09850259
2026-10-07,83194.95398488437,19981200,4115.45256511641,58.952,,,125.44,,,20.21526252,1411.23208687,,,663.2250796,,,brent_usd|gasoline_usd|diesel_usd,4.354,6.199,19107.70647333,13420.70559524
2026-10-08,81848.88713703616,19981650,4139.112085287098,60.437,,,125.44,,,19.77450367,1354.28441413,,,652.4943171,,,brent_usd|gasoline_usd|diesel_usd,4.354,6.199,18798.55010038,13203.56301614
2026-10-09,82563.28800410051,19982100,4183.163061258823,60.8245,,,125.44,,,19.73704749,1357.4018365,,,658.18947707,,,brent_usd|gasoline_usd|diesel_usd,4.354,6.199,18962.62930733,13318.80755027
