{"2026-06-13":{"btc":64437.99982792179,"btc_supply":19929000,"xau":4224.43390912842,"xag":68.0125,"brent":97.46}}